,UDI,Product ID,Air temperature [K],Process temperature [K],Rotational speed [rpm],Torque [Nm],Tool wear [min],Failure Type
0,1,M14860,298.1,308.6,1551,42.8,0,No Failure
1,2,L47181,298.2,308.7,1408,46.3,3,No Failure
2,3,L47182,298.1,308.5,1498,49.4,5,No Failure
3,4,L47183,298.2,308.6,1433,39.5,7,No Failure
4,5,L47184,298.2,308.7,1408,40.0,9,No Failure
5,6,M14865,298.1,308.6,1425,41.9,11,No Failure
6,7,L47186,298.1,308.6,1558,42.4,14,No Failure
7,8,L47187,298.1,308.6,1527,40.2,16,No Failure
8,9,M14868,298.3,308.7,1667,28.6,18,No Failure
9,10,M14869,298.5,309.0,1741,28.0,21,No Failure
10,11,H29424,298.4,308.9,1782,23.9,24,No Failure
11,12,H29425,298.6,309.1,1423,44.3,29,No Failure
12,13,M14872,298.6,309.1,1339,51.1,34,No Failure
13,14,M14873,298.6,309.2,1742,30.0,37,No Failure
14,15,L47194,298.6,309.2,2035,19.6,40,No Failure
15,16,L47195,298.6,309.2,1542,48.4,42,No Failure
16,17,M14876,298.6,309.2,1311,46.6,44,No Failure
17,18,M14877,298.7,309.2,1410,45.6,47,No Failure
18,19,H29432,298.8,309.2,1306,54.5,50,No Failure
19,20,M14879,298.9,309.3,1632,32.5,55,No Failure
20,21,H29434,298.9,309.3,1375,42.7,58,No Failure
21,22,L47201,298.8,309.3,1450,44.8,63,No Failure
22,23,M14882,298.9,309.3,1581,30.7,65,No Failure
23,24,L47203,299.0,309.4,1758,25.7,68,No Failure
24,25,M14884,299.0,309.4,1561,37.3,70,No Failure
25,26,L47205,299.0,309.5,1861,23.3,73,No Failure
26,27,L47206,299.1,309.5,1512,39.0,75,No Failure
27,28,H29441,299.1,309.4,1811,24.6,77,No Failure
28,29,L47208,299.1,309.4,1439,44.2,82,No Failure
29,30,L47209,299.0,309.4,1693,30.1,84,No Failure
30,31,M14890,299.1,309.5,1339,48.2,86,No Failure
31,32,L47211,299.0,309.4,1798,25.5,89,No Failure
32,33,L47212,299.0,309.4,1419,48.3,91,No Failure
33,34,L47213,298.9,309.3,1665,32.5,93,No Failure
34,35,M14894,298.8,309.1,1559,34.7,95,No Failure
35,36,M14895,298.8,309.2,1452,48.6,98,No Failure
36,37,M14896,298.9,309.2,1581,36.7,101,No Failure
37,38,L47217,298.8,309.1,1439,39.2,104,No Failure
38,39,H29452,298.9,309.2,1379,50.7,106,No Failure
39,40,L47219,298.8,309.1,1350,52.5,111,No Failure
40,41,L47220,298.8,309.1,1362,45.4,113,No Failure
41,42,L47221,298.8,309.1,1368,50.8,115,No Failure
42,43,M14902,298.8,309.1,1368,49.1,117,No Failure
43,44,H29457,298.8,309.2,1372,48.5,120,No Failure
44,45,M14904,298.8,309.1,1472,47.5,125,No Failure
45,46,L47225,298.8,309.1,1489,49.1,128,No Failure
46,47,M14906,298.7,309.0,1843,25.8,130,No Failure
47,48,L47227,298.8,309.1,1418,46.3,133,No Failure
48,49,H29462,298.8,309.2,1425,53.9,135,No Failure
49,50,M14909,298.9,309.2,1412,44.1,140,No Failure
50,51,L47230,298.9,309.1,2861,4.6,143,Power Failure
51,52,L47231,298.9,309.1,1383,54.9,145,No Failure
52,53,H29466,298.8,309.0,1497,43.8,147,No Failure
53,54,L47233,298.7,309.0,1565,35.1,152,No Failure
54,55,L47234,298.7,309.0,1691,30.1,154,No Failure
55,56,L47235,298.8,309.1,1512,40.7,156,No Failure
56,57,L47236,298.8,309.1,1477,42.4,158,No Failure
57,58,L47237,298.8,309.1,1513,40.3,160,No Failure
58,59,M14918,298.8,309.0,1661,29.5,162,No Failure
59,60,L47239,298.8,309.1,1378,54.4,165,No Failure
60,61,L47240,298.8,309.1,1393,52.6,167,No Failure
61,62,M14921,298.8,309.0,1592,38.2,169,No Failure
62,63,L47242,298.8,309.0,1829,22.9,172,No Failure
63,64,M14923,298.9,309.0,1812,25.9,174,No Failure
64,65,L47244,299.0,309.1,1523,38.6,177,No Failure
65,66,L47245,299.0,309.1,1394,45.1,179,No Failure
66,67,M14926,298.9,308.9,1679,28.7,181,No Failure
67,68,H29481,298.8,308.9,1466,44.1,184,No Failure
68,69,L47248,298.8,308.9,1527,32.4,189,No Failure
69,70,L47249,298.9,309.0,1410,65.7,191,Power Failure
70,71,M14930,298.9,309.0,1924,22.6,193,No Failure
71,72,L47251,298.9,309.1,1452,45.5,196,No Failure
72,73,L47252,298.9,309.1,1369,44.4,198,No Failure
73,74,L47253,299.0,309.1,1592,35.0,200,No Failure
74,75,L47254,298.9,309.0,1601,32.3,202,No Failure
75,76,L47255,298.8,308.9,1379,46.7,204,No Failure
76,77,L47256,298.8,308.9,1461,47.9,206,No Failure
77,78,L47257,298.8,308.9,1455,41.3,208,Tool Wear Failure
78,79,L47258,298.8,308.9,1398,51.5,0,No Failure
79,80,L47259,298.8,308.9,1402,37.9,2,No Failure
80,81,H29494,298.8,308.8,1445,49.9,4,No Failure
81,82,L47261,298.9,308.9,1450,47.5,9,No Failure
82,83,L47262,298.9,308.9,1453,40.8,11,No Failure
83,84,L47263,299.0,309.0,1469,40.1,13,No Failure
84,85,L47264,298.9,308.9,1422,47.6,15,No Failure
85,86,M14945,299.0,309.0,1804,26.8,17,No Failure
86,87,H29500,299.0,309.0,1436,43.9,20,No Failure
87,88,L47267,299.0,309.0,1544,31.8,25,No Failure
88,89,M14948,299.0,309.0,1419,45.2,27,No Failure
89,90,M14949,298.9,308.9,1487,39.5,30,No Failure
90,91,L47270,298.9,308.9,1753,25.8,33,No Failure
91,92,L47271,298.9,308.9,1830,24.9,35,No Failure
92,93,M14952,298.9,308.9,1727,27.1,37,No Failure
93,94,L47273,299.1,309.0,1450,43.0,40,No Failure
94,95,L47274,299.0,308.9,1622,31.9,42,No Failure
95,96,M14955,299.0,309.0,1351,52.2,44,No Failure
96,97,M14956,299.0,309.0,1575,35.3,47,No Failure
97,98,M14957,298.9,308.9,1750,29.9,50,No Failure
98,99,L47278,298.9,308.8,1529,32.7,53,No Failure
99,100,L47279,298.8,308.8,1523,44.4,55,No Failure
100,101,L47280,298.8,308.9,1852,25.0,57,No Failure
101,102,L47281,298.8,308.8,1991,20.7,59,No Failure
102,103,L47282,298.8,308.8,1555,40.6,61,No Failure
103,104,M14963,298.8,308.8,1441,40.5,63,No Failure
104,105,L47284,298.8,308.7,1450,43.4,66,No Failure
105,106,L47285,298.8,308.7,1591,31.1,68,No Failure
106,107,L47286,298.8,308.7,1445,48.5,70,No Failure
107,108,M14967,298.8,308.8,1497,46.8,72,No Failure
108,109,H29522,298.9,308.8,1621,32.7,75,No Failure
109,110,L47289,298.9,308.7,1572,34.1,80,No Failure
110,111,L47290,298.8,308.6,1872,22.5,82,No Failure
111,112,H29525,298.7,308.6,1499,43.5,84,No Failure
112,113,M14972,298.8,308.7,1498,39.5,89,No Failure
113,114,M14973,298.8,308.6,1486,41.9,92,No Failure
114,115,L47294,298.8,308.6,1680,29.4,95,No Failure
115,116,L47295,298.8,308.6,1431,45.7,97,No Failure
116,117,L47296,298.9,308.7,1564,34.1,99,No Failure
117,118,L47297,298.8,308.6,1599,33.0,101,No Failure
118,119,M14978,298.8,308.6,1707,28.1,103,No Failure
119,120,L47299,298.7,308.5,1467,40.7,106,No Failure
120,121,L47300,298.9,308.7,1433,44.7,108,No Failure
121,122,L47301,298.9,308.7,1558,41.2,110,No Failure
122,123,L47302,299.0,308.8,1310,50.7,112,No Failure
123,124,L47303,298.9,308.7,1546,43.4,114,No Failure
124,125,L47304,298.9,308.7,1727,29.4,116,No Failure
125,126,L47305,298.9,308.6,1560,32.2,118,No Failure
126,127,L47306,299.0,308.6,1329,60.5,120,No Failure
127,128,L47307,298.9,308.6,1413,46.5,122,No Failure
128,129,L47308,299.0,308.6,1587,38.6,124,No Failure
129,130,L47309,298.9,308.5,1559,34.3,126,No Failure
130,131,L47310,298.8,308.4,1473,41.1,128,No Failure
131,132,L47311,298.8,308.4,1737,27.7,130,No Failure
132,133,M14992,298.7,308.4,1441,43.2,132,No Failure
133,134,M14993,298.7,308.4,1430,49.6,135,No Failure
134,135,L47314,298.8,308.4,1369,53.0,138,No Failure
135,136,M14995,298.8,308.5,1711,28.5,140,No Failure
136,137,H29550,298.7,308.5,1420,45.7,143,No Failure
137,138,L47317,298.7,308.6,1297,55.3,148,No Failure
138,139,H29552,298.8,308.6,1449,49.4,150,No Failure
139,140,L47319,298.8,308.6,1268,55.8,155,No Failure
140,141,L47320,298.8,308.6,1511,36.1,157,No Failure
141,142,L47321,298.7,308.5,1544,35.2,159,No Failure
142,143,M15002,298.6,308.4,1778,28.2,161,No Failure
143,144,H29557,298.6,308.4,1407,50.5,164,No Failure
144,145,M15004,298.6,308.4,1391,42.4,169,No Failure
145,146,L47325,298.5,308.4,1513,33.6,172,No Failure
146,147,H29560,298.5,308.4,1612,36.1,174,No Failure
147,148,L47327,298.4,308.4,1515,40.1,179,No Failure
148,149,M15008,298.3,308.3,1379,48.0,181,No Failure
149,150,L47329,298.4,308.3,1473,39.9,184,No Failure
150,151,L47330,298.4,308.3,1422,42.7,186,No Failure
151,152,M15011,298.4,308.2,1463,37.6,188,No Failure
152,153,M15012,298.4,308.2,1584,41.0,191,No Failure
153,154,L47333,298.4,308.2,1850,27.0,194,No Failure
154,155,L47334,298.4,308.2,1528,36.2,196,No Failure
155,156,H29569,298.4,308.2,1987,19.8,198,No Failure
156,157,M15016,298.4,308.1,1495,46.0,203,No Failure
157,158,H29571,298.4,308.2,1478,43.5,206,No Failure
158,159,M15018,298.4,308.2,1499,40.0,211,No Failure
159,160,L47339,298.4,308.2,1471,47.0,214,No Failure
160,161,L47340,298.4,308.2,1282,60.7,216,Overstrain Failure
161,162,L47341,298.3,308.1,1412,52.3,218,Overstrain Failure
162,163,L47342,298.3,308.1,1586,35.5,0,No Failure
163,164,M15023,298.4,308.2,1468,43.8,2,No Failure
164,165,M15024,298.5,308.3,1440,43.6,5,No Failure
165,166,L47345,298.5,308.4,1733,26.0,8,No Failure
166,167,H29580,298.4,308.2,1612,32.6,10,No Failure
167,168,H29581,298.4,308.3,1458,42.9,15,No Failure
168,169,L47348,298.4,308.3,1433,62.3,20,Power Failure
169,170,L47349,298.4,308.3,1318,59.1,22,No Failure
170,171,M15030,298.4,308.2,1610,35.0,24,No Failure
171,172,L47351,298.2,308.1,1462,50.8,27,No Failure
172,173,M15032,298.1,308.0,1924,20.8,29,No Failure
173,174,M15033,298.2,308.0,1591,33.7,32,No Failure
174,175,L47354,298.2,308.1,1306,58.3,35,No Failure
175,176,L47355,298.2,308.1,1382,43.5,37,No Failure
176,177,L47356,298.2,308.1,1618,34.7,39,No Failure
177,178,L47357,298.2,308.2,1988,21.4,41,No Failure
178,179,L47358,298.2,308.2,1436,50.2,43,No Failure
179,180,L47359,298.2,308.3,1304,49.8,45,No Failure
180,181,L47360,298.2,308.3,1475,49.9,47,No Failure
181,182,H29595,298.2,308.3,1824,24.2,49,No Failure
182,183,M15042,298.1,308.2,1342,48.1,54,No Failure
183,184,L47363,298.1,308.2,1485,40.7,57,No Failure
184,185,L47364,298.2,308.2,1667,30.6,59,No Failure
185,186,L47365,298.2,308.2,1446,38.2,61,No Failure
186,187,L47366,298.1,308.3,1301,56.0,63,No Failure
187,188,L47367,298.2,308.4,1379,43.1,65,No Failure
188,189,L47368,298.3,308.5,1606,33.6,67,No Failure
189,190,M15049,298.3,308.4,1539,43.4,69,No Failure
190,191,L47370,298.2,308.4,1477,49.9,72,No Failure
191,192,L47371,298.2,308.4,1666,34.6,74,No Failure
192,193,H29606,298.2,308.4,1398,51.8,76,No Failure
193,194,H29607,298.2,308.4,1678,34.6,81,No Failure
194,195,M15054,298.2,308.5,2678,10.7,86,Power Failure
195,196,L47375,298.3,308.5,1453,42.9,89,No Failure
196,197,H29610,298.3,308.6,1432,49.5,91,No Failure
197,198,M15057,298.4,308.6,1527,40.9,96,No Failure
198,199,L47378,298.4,308.7,1588,35.0,99,No Failure
199,200,L47379,298.4,308.6,1433,47.1,101,No Failure
200,201,L47380,298.4,308.6,1609,35.0,103,No Failure
201,202,L47381,298.3,308.5,1575,41.2,105,No Failure
202,203,M15062,298.4,308.5,1636,35.7,107,No Failure
203,204,L47383,298.4,308.5,1490,37.9,110,No Failure
204,205,L47384,298.4,308.5,1741,32.8,112,No Failure
205,206,M15065,298.5,308.6,1344,53.0,114,No Failure
206,207,L47386,298.5,308.7,1609,35.3,117,No Failure
207,208,M15067,298.4,308.7,1421,60.7,119,Power Failure
208,209,L47388,298.4,308.6,1591,36.7,122,No Failure
209,210,L47389,298.4,308.6,1477,44.0,124,No Failure
210,211,L47390,298.4,308.7,1523,36.1,126,No Failure
211,212,L47391,298.5,308.7,1575,33.9,128,No Failure
212,213,H29626,298.4,308.7,1344,52.9,130,No Failure
213,214,L47393,298.4,308.7,1386,44.9,135,No Failure
214,215,M15074,298.3,308.6,1589,37.1,137,No Failure
215,216,L47395,298.3,308.6,1548,40.3,140,No Failure
216,217,L47396,298.3,308.6,1499,38.3,142,No Failure
217,218,L47397,298.3,308.5,1664,31.6,144,No Failure
218,219,L47398,298.3,308.6,1447,38.1,146,No Failure
219,220,M15079,298.3,308.5,1434,46.2,148,No Failure
220,221,L47400,298.3,308.5,1416,52.7,151,No Failure
221,222,H29635,298.4,308.5,1827,24.3,153,No Failure
222,223,L47402,298.4,308.6,1304,45.0,158,No Failure
223,224,L47403,298.4,308.6,1569,34.4,160,No Failure
224,225,L47404,298.3,308.6,1584,29.3,162,No Failure
225,226,L47405,298.3,308.5,1362,53.8,164,No Failure
226,227,L47406,298.3,308.4,1329,49.2,166,No Failure
227,228,L47407,298.3,308.5,1539,36.1,168,No Failure
228,229,M15088,298.3,308.5,1629,37.1,170,No Failure
229,230,L47409,298.3,308.5,1538,32.2,173,No Failure
230,231,L47410,298.3,308.6,1570,34.8,175,No Failure
231,232,L47411,298.3,308.4,1408,43.1,177,No Failure
232,233,L47412,298.2,308.4,1424,47.6,179,No Failure
233,234,L47413,298.2,308.4,1512,34.9,181,No Failure
234,235,L47414,298.2,308.4,1478,42.9,183,No Failure
235,236,M15095,298.1,308.3,1680,33.7,185,No Failure
236,237,L47416,298.1,308.3,1495,38.7,188,No Failure
237,238,M15097,298.0,308.1,1552,36.6,190,No Failure
238,239,L47418,297.9,308.1,1393,50.3,193,No Failure
239,240,L47419,298.0,308.2,1611,30.6,195,No Failure
240,241,M15100,298.0,308.1,1339,51.6,197,No Failure
241,242,L47421,298.0,308.1,1777,24.3,200,No Failure
242,243,L47422,298.0,308.2,1348,58.8,202,Overstrain Failure
243,244,L47423,298.0,308.2,1442,44.1,204,No Failure
244,245,M15104,298.0,308.2,1395,49.1,206,No Failure
245,246,M15105,297.9,308.1,1627,31.4,209,No Failure
246,247,L47426,297.9,308.1,1585,33.5,212,No Failure
247,248,L47427,298.0,308.2,1469,45.5,214,No Failure
248,249,L47428,298.0,308.3,1362,56.8,216,Overstrain Failure
249,250,L47429,298.0,308.3,1405,56.2,218,Overstrain Failure
250,251,L47430,298.0,308.3,1662,32.7,0,No Failure
251,252,M15111,298.0,308.2,1466,42.6,2,No Failure
252,253,L47432,298.0,308.2,1620,35.8,5,No Failure
253,254,L47433,298.0,308.2,1357,48.2,7,No Failure
254,255,L47434,298.0,308.2,1514,37.9,9,No Failure
255,256,L47435,298.0,308.2,1489,40.4,11,No Failure
256,257,L47436,298.1,308.3,1331,63.0,13,No Failure
257,258,L47437,298.0,308.0,1615,29.5,15,No Failure
258,259,L47438,298.1,308.2,1482,37.9,17,No Failure
259,260,M15119,298.1,308.2,1420,63.9,19,Power Failure
260,261,M15120,298.2,308.3,1522,49.1,22,No Failure
261,262,L47441,298.1,308.2,1654,32.1,25,No Failure
262,263,M15122,298.1,308.2,1736,26.8,27,No Failure
263,264,M15123,298.0,308.1,1587,32.3,30,No Failure
264,265,L47444,298.1,308.2,1390,47.5,33,No Failure
265,266,L47445,298.0,308.1,1454,37.1,35,No Failure
266,267,H29680,298.0,308.1,1440,43.7,37,No Failure
267,268,L47447,297.9,308.0,1954,21.1,42,No Failure
268,269,H29682,297.9,308.0,1800,24.8,44,No Failure
269,270,L47449,298.0,308.0,1524,37.0,49,No Failure
270,271,H29684,298.0,308.0,1520,39.6,51,No Failure
271,272,M15131,298.1,308.1,1452,40.8,56,No Failure
272,273,L47452,298.1,308.1,1484,40.4,59,No Failure
273,274,L47453,298.1,308.0,1426,46.0,61,No Failure
274,275,L47454,298.1,308.0,1652,28.5,63,No Failure
275,276,L47455,298.0,308.0,1401,54.7,65,No Failure
276,277,M15136,298.0,307.9,1750,26.6,67,No Failure
277,278,H29691,298.0,308.0,1479,50.7,70,No Failure
278,279,M15138,298.0,308.0,1620,29.4,75,No Failure
279,280,L47459,298.0,308.1,1819,23.4,78,No Failure
280,281,M15140,298.1,308.1,1456,43.7,80,No Failure
281,282,L47461,298.1,308.0,1626,36.5,83,No Failure
282,283,M15142,298.1,308.1,1390,49.8,85,No Failure
283,284,L47463,298.2,308.2,1469,43.0,88,No Failure
284,285,L47464,298.2,308.3,2051,19.2,90,No Failure
285,286,L47465,298.2,308.3,1568,36.0,92,No Failure
286,287,L47466,298.2,308.3,1589,33.2,94,No Failure
287,288,L47467,298.2,308.3,1805,31.6,96,No Failure
288,289,H29702,298.2,308.4,1385,42.2,98,No Failure
289,290,L47469,298.1,308.4,1436,46.7,103,No Failure
290,291,L47470,298.1,308.4,1438,45.6,105,No Failure
291,292,L47471,298.0,308.3,1473,42.6,107,No Failure
292,293,L47472,298.1,308.4,1335,40.2,109,No Failure
293,294,H29707,298.1,308.5,1392,44.8,111,No Failure
294,295,M15154,298.1,308.5,1372,51.1,116,No Failure
295,296,M15155,298.1,308.6,1716,30.7,119,No Failure
296,297,L47476,298.0,308.5,1395,46.2,122,No Failure
297,298,L47477,298.0,308.5,1713,25.3,124,No Failure
298,299,H29712,297.9,308.5,2129,18.7,126,No Failure
299,300,M15159,297.8,308.3,1567,35.6,131,No Failure
300,301,L47480,297.8,308.4,1622,38.3,134,No Failure
301,302,L47481,297.7,308.4,1740,27.1,136,No Failure
302,303,H29716,297.8,308.4,1512,35.1,138,No Failure
303,304,M15163,297.8,308.4,1479,43.5,143,No Failure
304,305,L47484,297.8,308.4,1737,27.5,146,No Failure
305,306,L47485,297.8,308.4,2129,19.2,148,No Failure
306,307,L47486,297.8,308.4,1374,47.1,150,No Failure
307,308,M15167,297.8,308.4,1579,36.6,152,No Failure
308,309,L47488,297.9,308.5,1305,47.2,155,No Failure
309,310,M15169,297.9,308.5,1449,40.8,157,No Failure
310,311,H29724,298.0,308.6,1526,41.8,160,No Failure
311,312,M15171,298.0,308.6,1453,44.1,165,No Failure
312,313,L47492,297.9,308.6,1468,36.0,168,No Failure
313,314,L47493,298.0,308.6,1313,50.8,170,No Failure
314,315,M15174,297.9,308.5,1300,53.0,172,No Failure
315,316,L47495,297.9,308.4,1646,40.6,175,No Failure
316,317,L47496,297.8,308.4,1714,33.2,177,No Failure
317,318,L47497,297.8,308.4,1685,28.4,179,No Failure
318,319,L47498,297.8,308.4,1512,39.9,181,No Failure
319,320,L47499,297.8,308.4,1612,32.1,183,No Failure
320,321,H29734,297.8,308.4,1550,38.2,185,No Failure
321,322,L47501,297.8,308.4,1518,32.5,190,No Failure
322,323,L47502,297.8,308.5,1448,40.0,192,No Failure
323,324,L47503,297.8,308.5,1561,46.3,194,No Failure
324,325,M15184,297.8,308.5,1488,41.9,196,No Failure
325,326,L47505,297.8,308.5,1699,27.8,199,No Failure
326,327,L47506,297.7,308.5,1501,41.4,201,No Failure
327,328,L47507,297.7,308.5,1373,56.7,203,Overstrain Failure
328,329,H29742,297.6,308.4,1703,31.4,205,No Failure
329,330,H29743,297.7,308.5,1720,29.9,210,No Failure
330,331,M15190,297.6,308.4,1398,41.9,215,No Failure
331,332,M15191,297.6,308.4,1391,51.9,218,No Failure
332,333,M15192,297.6,308.3,1538,40.2,0,No Failure
333,334,L47513,297.5,308.2,1647,31.3,3,No Failure
334,335,M15194,297.5,308.1,1469,44.8,5,No Failure
335,336,L47515,297.4,308.1,1749,25.9,8,No Failure
336,337,M15196,297.6,308.2,1995,20.5,10,No Failure
337,338,L47517,297.6,308.3,1742,27.7,13,No Failure
338,339,L47518,297.5,308.2,1563,38.2,15,No Failure
339,340,M15199,297.5,308.2,1713,32.2,17,No Failure
340,341,L47520,297.4,308.1,1474,39.4,20,No Failure
341,342,M15201,297.4,308.2,1530,32.6,22,No Failure
342,343,L47522,297.4,308.2,1471,46.5,25,No Failure
343,344,L47523,297.5,308.3,1388,48.6,27,No Failure
344,345,M15204,297.5,308.2,2448,13.8,29,No Failure
345,346,L47525,297.5,308.3,1585,32.9,32,No Failure
346,347,M15206,297.5,308.3,1459,45.2,34,No Failure
347,348,L47527,297.5,308.3,1544,40.8,37,No Failure
348,349,L47528,297.6,308.3,1617,31.7,39,No Failure
349,350,L47529,297.6,308.3,1595,34.3,41,No Failure
350,351,H29764,297.6,308.3,1400,44.3,43,No Failure
351,352,M15211,297.6,308.4,1611,31.0,48,No Failure
352,353,M15212,297.6,308.4,1507,46.0,51,No Failure
353,354,H29767,297.5,308.3,1674,30.0,54,No Failure
354,355,L47534,297.6,308.3,1658,34.3,59,No Failure
355,356,L47535,297.6,308.3,1623,36.9,61,No Failure
356,357,M15216,297.6,308.4,1398,48.9,63,No Failure
357,358,L47537,297.6,308.4,1517,34.2,66,No Failure
358,359,M15218,297.6,308.3,1467,36.7,68,No Failure
359,360,M15219,297.6,308.3,1567,34.6,71,No Failure
360,361,M15220,297.5,308.3,1521,38.2,74,No Failure
361,362,L47541,297.5,308.3,1596,36.8,77,No Failure
362,363,H29776,297.6,308.3,1640,30.9,79,No Failure
363,364,L47543,297.6,308.3,1438,47.8,84,No Failure
364,365,L47544,297.6,308.4,1407,55.2,86,No Failure
365,366,L47545,297.6,308.4,1353,57.5,88,No Failure
366,367,M15226,297.6,308.5,1552,40.9,90,No Failure
367,368,M15227,297.6,308.4,1569,38.3,93,No Failure
368,369,L47548,297.5,308.4,1489,39.5,96,No Failure
369,370,H29783,297.5,308.4,1587,36.1,98,No Failure
370,371,M15230,297.5,308.3,1622,37.2,103,No Failure
371,372,L47551,297.5,308.4,1604,38.1,106,No Failure
372,373,M15232,297.4,308.3,1405,51.7,108,No Failure
373,374,L47553,297.4,308.3,1412,42.0,111,No Failure
374,375,L47554,297.4,308.3,1431,43.0,113,No Failure
375,376,L47555,297.4,308.2,1533,37.4,115,No Failure
376,377,M15236,297.4,308.2,1401,51.9,117,No Failure
377,378,M15237,297.4,308.2,1424,53.9,120,No Failure
378,379,L47558,297.3,308.2,1754,29.4,123,No Failure
379,380,L47559,297.3,308.2,1754,26.8,125,No Failure
380,381,L47560,297.5,308.3,2564,12.8,127,Power Failure
381,382,L47561,297.5,308.5,1546,40.4,129,No Failure
382,383,L47562,297.5,308.5,1335,48.0,131,No Failure
383,384,M15243,297.5,308.6,1842,27.0,133,No Failure
384,385,L47564,297.5,308.5,1712,26.8,136,No Failure
385,386,M15245,297.6,308.6,1414,45.4,138,No Failure
386,387,L47566,297.6,308.7,1319,50.9,141,No Failure
387,388,L47567,297.7,308.7,1249,60.4,143,No Failure
388,389,L47568,297.6,308.7,1455,48.2,145,No Failure
389,390,M15249,297.6,308.7,1408,54.8,147,No Failure
390,391,L47570,297.6,308.7,1460,46.7,150,No Failure
391,392,L47571,297.6,308.6,1491,38.1,152,No Failure
392,393,M15252,297.6,308.5,1490,43.4,154,No Failure
393,394,M15253,297.5,308.4,1350,52.2,157,No Failure
394,395,L47574,297.5,308.4,1528,39.9,160,No Failure
395,396,L47575,297.4,308.3,1571,37.7,162,No Failure
396,397,L47576,297.4,308.3,1490,42.6,164,No Failure
397,398,M15257,297.4,308.3,1774,28.9,166,No Failure
398,399,H29812,297.4,308.3,1502,43.6,169,No Failure
399,400,L47579,297.4,308.4,1392,49.7,174,No Failure
400,401,L47580,297.4,308.5,2100,16.9,176,No Failure
401,402,L47581,297.5,308.5,1722,30.4,178,No Failure
402,403,L47582,297.4,308.6,1678,32.3,180,No Failure
403,404,L47583,297.3,308.6,1273,59.8,182,No Failure
404,405,L47584,297.3,308.6,1297,45.9,184,No Failure
405,406,L47585,297.3,308.5,1350,57.6,186,No Failure
406,407,L47586,297.4,308.6,1439,51.9,188,No Failure
407,408,M15267,297.4,308.5,1600,42.1,190,No Failure
408,409,M15268,297.4,308.6,1434,44.4,193,No Failure
409,410,L47589,297.4,308.6,1459,41.3,196,No Failure
410,411,M15270,297.5,308.6,1472,44.9,198,No Failure
411,412,L47591,297.5,308.7,1429,44.3,201,No Failure
412,413,L47592,297.5,308.6,1388,48.2,203,No Failure
413,414,L47593,297.4,308.4,1573,34.5,205,No Failure
414,415,L47594,297.4,308.4,1588,32.5,207,No Failure
415,416,L47595,297.5,308.4,1511,42.8,209,No Failure
416,417,L47596,297.4,308.5,1495,37.8,211,No Failure
417,418,L47597,297.4,308.4,1394,50.1,213,No Failure
418,419,L47598,297.4,308.4,2151,17.7,0,No Failure
419,420,M15279,297.3,308.3,1501,38.2,2,No Failure
420,421,M15280,297.3,308.3,1301,39.6,5,No Failure
421,422,M15281,297.3,308.3,1657,31.1,8,No Failure
422,423,L47602,297.3,308.3,1333,55.2,11,No Failure
423,424,L47603,297.3,308.3,1484,43.9,13,No Failure
424,425,L47604,297.3,308.4,1430,45.7,15,No Failure
425,426,M15285,297.3,308.4,1665,28.9,17,No Failure
426,427,L47606,297.4,308.5,1501,44.9,20,No Failure
427,428,M15287,297.5,308.5,1496,42.2,22,No Failure
428,429,M15288,297.6,308.6,1595,36.9,25,No Failure
429,430,L47609,297.5,308.6,1208,62.3,28,No Failure
430,431,L47610,297.5,308.6,1596,37.1,30,No Failure
431,432,L47611,297.5,308.5,1446,41.9,32,No Failure
432,433,M15292,297.6,308.5,1466,39.7,34,No Failure
433,434,M15293,297.6,308.5,1848,23.7,37,No Failure
434,435,M15294,297.5,308.5,1484,44.7,40,No Failure
435,436,L47615,297.4,308.3,1493,41.2,43,No Failure
436,437,L47616,297.3,308.3,1504,36.3,45,No Failure
437,438,L47617,297.3,308.3,1538,38.5,47,No Failure
438,439,L47618,297.4,308.4,1341,52.2,49,No Failure
439,440,M15299,297.4,308.3,1535,34.6,51,No Failure
440,441,L47620,297.4,308.5,1389,39.2,54,No Failure
441,442,H29855,297.5,308.5,1393,46.6,56,No Failure
442,443,L47622,297.4,308.5,1399,61.5,61,Power Failure
443,444,H29857,297.4,308.5,1469,45.1,63,No Failure
444,445,L47624,297.4,308.4,1582,37.2,68,No Failure
445,446,L47625,297.5,308.6,1793,26.7,70,No Failure
446,447,L47626,297.5,308.6,1452,39.0,72,No Failure
447,448,M15307,297.6,308.7,1376,59.9,74,No Failure
448,449,L47628,297.5,308.6,1552,44.9,77,No Failure
449,450,L47629,297.6,308.7,1622,37.9,79,No Failure
450,451,M15310,297.6,308.7,1419,41.7,81,No Failure
451,452,H29865,297.5,308.6,1440,46.1,84,No Failure
452,453,M15312,297.4,308.6,1643,31.0,89,No Failure
453,454,L47633,297.4,308.7,1510,36.2,92,No Failure
454,455,L47634,297.4,308.7,1468,46.6,94,No Failure
455,456,L47635,297.4,308.7,1429,57.4,96,No Failure
456,457,H29870,297.3,308.7,1478,47.6,98,No Failure
457,458,L47637,297.4,308.6,1276,53.6,103,No Failure
458,459,L47638,297.3,308.6,1486,42.6,105,No Failure
459,460,L47639,297.4,308.6,1476,42.3,107,No Failure
460,461,H29874,297.3,308.6,1431,42.0,109,No Failure
461,462,L47641,297.4,308.7,1402,40.2,114,No Failure
462,463,L47642,297.4,308.7,1433,43.4,116,No Failure
463,464,L47643,297.4,308.7,2874,4.2,118,Power Failure
464,465,L47644,297.3,308.6,1511,35.7,120,No Failure
465,466,M15325,297.3,308.6,1456,42.9,122,No Failure
466,467,L47646,297.2,308.5,1550,41.5,125,No Failure
467,468,L47647,297.2,308.5,2182,16.5,127,No Failure
468,469,L47648,297.3,308.7,1619,31.6,129,No Failure
469,470,M15329,297.3,308.8,1586,32.7,131,No Failure
470,471,H29884,297.3,308.8,1499,44.2,134,No Failure
471,472,H29885,297.3,308.8,1419,42.4,139,No Failure
472,473,M15332,297.4,309.0,1497,41.8,144,No Failure
473,474,M15333,297.4,309.0,1520,37.0,147,No Failure
474,475,L47654,297.4,309.1,1478,49.8,150,No Failure
475,476,L47655,297.4,309.1,1380,41.1,152,No Failure
476,477,L47656,297.4,309.0,1570,37.9,154,No Failure
477,478,H29891,297.4,309.0,1468,41.4,156,No Failure
478,479,L47658,297.4,309.0,1833,22.6,161,No Failure
479,480,M15339,297.4,308.9,1323,57.3,163,No Failure
480,481,L47660,297.4,309.0,1583,32.0,166,No Failure
481,482,M15341,297.3,309.0,1556,39.5,168,No Failure
482,483,L47662,297.3,309.0,1548,37.4,171,No Failure
483,484,L47663,297.4,309.0,1324,56.9,173,No Failure
484,485,L47664,297.4,309.0,1568,33.7,175,No Failure
485,486,M15345,297.4,309.0,1685,30.7,177,No Failure
486,487,M15346,297.4,309.1,1582,35.9,180,No Failure
487,488,M15347,297.4,309.1,1463,35.0,183,No Failure
488,489,L47668,297.4,309.2,1584,42.8,186,No Failure
489,490,M15349,297.5,309.2,1347,55.8,188,No Failure
490,491,L47670,297.4,309.2,1459,37.9,191,No Failure
491,492,L47671,297.4,309.2,1420,45.6,193,No Failure
492,493,L47672,297.5,309.3,1404,43.5,195,No Failure
493,494,L47673,297.5,309.3,1470,38.8,197,No Failure
494,495,L47674,297.6,309.4,1326,49.8,199,No Failure
495,496,H29909,297.5,309.3,1459,49.7,201,No Failure
496,497,M15356,297.5,309.2,1530,40.0,206,No Failure
497,498,L47677,297.4,309.0,1505,39.2,209,No Failure
498,499,L47678,297.5,309.1,1611,30.2,211,No Failure
499,500,L47679,297.5,309.1,1515,35.1,213,No Failure
500,501,M15360,297.5,309.2,1804,27.4,215,No Failure
501,502,M15361,297.6,309.3,1464,46.2,218,No Failure
502,503,L47682,297.6,309.2,1390,43.3,221,No Failure
503,504,M15363,297.6,309.2,1442,48.1,0,No Failure
504,505,M15364,297.6,309.3,1529,41.9,3,No Failure
505,506,L47685,297.6,309.3,1610,35.0,6,No Failure
506,507,L47686,297.6,309.3,1543,34.3,8,No Failure
507,508,H29921,297.8,309.4,1445,48.2,10,No Failure
508,509,L47688,297.7,309.3,1893,24.6,15,No Failure
509,510,M15369,297.6,309.3,1415,41.3,17,No Failure
510,511,L47690,297.5,309.3,1564,37.5,20,No Failure
511,512,L47691,297.5,309.3,1479,39.4,22,No Failure
512,513,L47692,297.5,309.2,1426,44.8,24,No Failure
513,514,L47693,297.4,309.2,1428,38.8,26,No Failure
514,515,L47694,297.4,309.2,1620,33.2,28,No Failure
515,516,L47695,297.5,309.2,1715,28.0,30,No Failure
516,517,L47696,297.5,309.3,1732,29.9,32,No Failure
517,518,M15377,297.5,309.4,1391,58.2,34,No Failure
518,519,L47698,297.6,309.5,1924,20.6,37,No Failure
519,520,M15379,297.7,309.5,2027,19.8,39,No Failure
520,521,L47700,297.6,309.5,1617,36.2,42,No Failure
521,522,L47701,297.5,309.4,1497,35.8,44,No Failure
522,523,M15382,297.5,309.5,1448,43.7,46,No Failure
523,524,L47703,297.4,309.4,1401,45.9,49,No Failure
524,525,L47704,297.4,309.4,1620,35.4,51,No Failure
525,526,L47705,297.4,309.4,1466,45.5,53,No Failure
526,527,L47706,297.6,309.5,1373,50.6,55,No Failure
527,528,M15387,297.6,309.6,1592,35.8,57,No Failure
528,529,M15388,297.5,309.5,1553,42.4,60,No Failure
529,530,L47709,297.6,309.5,1569,36.2,63,No Failure
530,531,M15390,297.6,309.5,1709,32.2,65,No Failure
531,532,L47711,297.6,309.5,1549,34.9,68,No Failure
532,533,L47712,297.5,309.4,1443,45.4,70,No Failure
533,534,L47713,297.5,309.3,1675,29.8,72,No Failure
534,535,L47714,297.5,309.3,1623,33.4,74,No Failure
535,536,H29949,297.4,309.3,1365,52.4,76,No Failure
536,537,L47716,297.4,309.3,1759,24.8,81,No Failure
537,538,H29951,297.4,309.3,1516,43.0,83,No Failure
538,539,M15398,297.4,309.3,1499,36.8,88,No Failure
539,540,M15399,297.4,309.3,1775,25.8,91,No Failure
540,541,L47720,297.4,309.4,1473,45.5,94,No Failure
541,542,L47721,297.4,309.4,1296,52.3,96,No Failure
542,543,L47722,297.5,309.4,1803,24.7,98,No Failure
543,544,H29957,297.5,309.3,1563,36.1,100,No Failure
544,545,M15404,297.5,309.4,1831,26.6,105,No Failure
545,546,L47725,297.6,309.4,1958,22.1,108,No Failure
546,547,L47726,297.5,309.4,1809,24.3,110,No Failure
547,548,M15407,297.5,309.4,1482,39.3,112,No Failure
548,549,L47728,297.4,309.3,1332,53.2,115,No Failure
549,550,L47729,297.4,309.2,1437,40.4,117,No Failure
550,551,L47730,297.4,309.2,1698,29.4,119,No Failure
551,552,L47731,297.4,309.2,1274,54.3,121,No Failure
552,553,M15412,297.4,309.3,1622,35.0,123,No Failure
553,554,M15413,297.4,309.3,1564,36.0,126,No Failure
554,555,H29968,297.5,309.4,1368,45.3,129,No Failure
555,556,M15415,297.4,309.4,1539,42.2,134,No Failure
556,557,L47736,297.5,309.4,1357,50.1,137,No Failure
557,558,M15417,297.5,309.4,1433,48.3,139,No Failure
558,559,L47738,297.5,309.4,1650,34.6,142,No Failure
559,560,L47739,297.5,309.4,1503,40.6,144,No Failure
560,561,L47740,297.5,309.4,1318,58.2,146,No Failure
561,562,M15421,297.5,309.4,1678,34.4,148,No Failure
562,563,L47742,297.6,309.5,1574,30.9,151,No Failure
563,564,L47743,297.7,309.6,1529,35.2,153,No Failure
564,565,H29978,297.6,309.6,1669,32.1,155,No Failure
565,566,H29979,297.7,309.7,1570,35.8,160,No Failure
566,567,M15426,297.6,309.7,1541,33.7,165,No Failure
567,568,M15427,297.7,309.7,1680,30.2,168,No Failure
568,569,L47748,297.8,309.7,1935,22.1,171,No Failure
569,570,M15429,297.7,309.6,1596,35.2,173,No Failure
570,571,L47750,297.7,309.7,1498,41.0,176,No Failure
571,572,M15431,297.8,309.8,1676,29.0,178,No Failure
572,573,L47752,297.8,309.9,1351,49.0,181,No Failure
573,574,L47753,297.9,309.9,1472,45.0,183,No Failure
574,575,M15434,297.9,310.0,1439,41.7,185,No Failure
575,576,M15435,297.9,309.9,1410,55.4,188,No Failure
576,577,H29990,297.7,309.7,1440,51.1,191,No Failure
577,578,L47757,297.7,309.7,1591,37.7,196,No Failure
578,579,L47758,297.8,309.8,1533,36.8,198,No Failure
579,580,M15439,297.8,309.7,1700,31.3,200,No Failure
580,581,M15440,297.8,309.8,1798,25.5,203,No Failure
581,582,L47761,297.8,309.7,1394,42.9,206,No Failure
582,583,L47762,297.8,309.7,1341,49.2,208,No Failure
583,584,H29997,297.7,309.6,1697,32.2,210,No Failure
584,585,H29998,297.6,309.6,1419,48.2,215,No Failure
585,586,L47765,297.6,309.5,2001,20.5,220,No Failure
586,587,L47766,297.6,309.6,1501,49.8,222,Overstrain Failure
587,588,H30001,297.6,309.5,1623,33.1,224,No Failure
588,589,L47768,297.6,309.4,1628,33.4,229,No Failure
589,590,L47769,297.6,309.4,1491,40.2,231,No Failure
590,591,L47770,297.5,309.4,1517,36.7,233,No Failure
591,592,H30005,297.5,309.3,1525,41.7,235,No Failure
592,593,H30006,297.5,309.5,1668,27.9,240,No Failure
593,594,L47773,297.5,309.6,1312,50.7,0,No Failure
594,595,H30008,297.6,309.6,1278,50.4,2,No Failure
595,596,M15455,297.6,309.6,1330,53.1,7,No Failure
596,597,M15456,297.6,309.6,1530,37.3,10,No Failure
597,598,H30011,297.6,309.6,1428,46.6,13,No Failure
598,599,L47778,297.7,309.6,1480,47.9,18,No Failure
599,600,H30013,297.7,309.7,1616,31.1,20,No Failure
600,601,L47780,297.8,309.7,1547,37.3,25,No Failure
601,602,L47781,297.9,309.7,2194,16.8,27,No Failure
602,603,L47782,297.9,309.8,2000,21.3,29,No Failure
603,604,L47783,297.9,309.8,1336,71.6,31,Power Failure
604,605,L47784,297.9,309.9,1542,33.8,33,No Failure
605,606,M15465,297.9,309.8,1693,29.9,35,No Failure
606,607,L47786,297.9,309.8,1461,50.5,38,No Failure
607,608,M15467,298.0,309.9,1565,33.9,40,No Failure
608,609,L47788,298.0,309.9,1403,47.7,43,No Failure
609,610,L47789,298.1,309.9,1629,32.5,45,No Failure
610,611,L47790,298.1,310.0,1534,33.7,47,No Failure
611,612,L47791,298.1,310.0,1553,40.9,49,No Failure
612,613,L47792,298.1,309.9,1563,32.8,51,No Failure
613,614,L47793,298.1,309.9,1634,30.0,53,No Failure
614,615,M15474,298.0,309.9,1445,45.2,55,No Failure
615,616,L47795,298.1,309.9,1642,30.4,58,No Failure
616,617,H30030,298.1,309.9,1686,29.1,60,No Failure
617,618,M15477,298.1,310.0,1393,43.1,65,No Failure
618,619,H30032,298.2,310.0,1433,44.2,68,No Failure
619,620,L47799,298.3,310.0,1507,44.7,73,No Failure
620,621,M15480,298.3,310.1,1389,49.6,75,No Failure
621,622,L47801,298.3,310.1,1408,45.3,78,No Failure
622,623,M15482,298.4,310.2,1725,32.0,80,No Failure
623,624,L47803,298.4,310.1,1926,23.7,83,No Failure
624,625,H30038,298.3,310.1,1509,37.6,85,No Failure
625,626,L47805,298.3,310.1,1545,36.3,90,No Failure
626,627,L47806,298.4,310.1,1533,35.2,92,No Failure
627,628,L47807,298.4,310.1,1455,42.2,94,No Failure
628,629,M15488,298.4,310.1,1335,57.8,96,No Failure
629,630,L47809,298.3,310.1,1523,45.9,99,No Failure
630,631,L47810,298.3,310.0,1460,47.6,101,No Failure
631,632,L47811,298.4,310.0,1554,37.3,103,No Failure
632,633,H30046,298.3,310.0,1419,47.1,105,No Failure
633,634,L47813,298.3,310.0,1442,43.9,110,No Failure
634,635,L47814,298.3,309.9,1507,41.6,112,No Failure
635,636,L47815,298.3,310.0,1858,23.9,114,No Failure
636,637,L47816,298.3,309.9,1463,43.9,116,No Failure
637,638,L47817,298.2,309.7,1585,37.4,118,No Failure
638,639,L47818,298.0,309.6,1536,37.3,120,No Failure
639,640,L47819,298.0,309.6,1403,51.3,122,No Failure
640,641,M15500,297.9,309.6,1515,38.8,124,No Failure
641,642,L47821,297.9,309.5,1390,47.9,127,No Failure
642,643,M15502,297.8,309.4,1226,58.7,129,No Failure
643,644,M15503,297.8,309.4,1495,36.5,132,No Failure
644,645,H30058,297.7,309.4,1608,30.2,135,No Failure
645,646,L47825,297.7,309.4,1392,44.1,140,No Failure
646,647,M15506,297.7,309.4,1461,43.7,142,No Failure
647,648,L47827,297.7,309.3,1559,36.9,145,No Failure
648,649,H30062,297.7,309.3,1400,48.9,147,No Failure
649,650,M15509,297.7,309.2,1732,28.8,152,No Failure
650,651,L47830,297.6,309.2,1611,33.1,155,No Failure
651,652,L47831,297.6,309.1,1503,38.9,157,No Failure
652,653,L47832,297.7,309.2,1391,44.5,159,No Failure
653,654,L47833,297.8,309.3,2015,20.1,161,No Failure
654,655,L47834,297.8,309.2,1683,30.9,163,No Failure
655,656,L47835,297.7,309.1,1435,38.8,165,No Failure
656,657,M15516,297.7,309.1,1732,28.1,167,No Failure
657,658,L47837,297.7,309.2,1365,58.6,170,No Failure
658,659,L47838,297.7,309.1,1562,36.8,172,No Failure
659,660,L47839,297.6,309.1,1449,49.1,174,No Failure
660,661,M15520,297.7,309.2,1700,27.4,176,No Failure
661,662,M15521,297.6,309.0,1427,45.6,179,No Failure
662,663,M15522,297.6,308.9,1479,38.1,182,No Failure
663,664,L47843,297.5,308.9,1469,44.0,185,No Failure
664,665,L47844,297.5,308.9,1390,47.4,187,No Failure
665,666,L47845,297.5,308.9,1729,28.1,189,No Failure
666,667,L47846,297.5,309.0,1470,43.5,191,No Failure
667,668,L47847,297.5,308.9,1459,48.5,193,No Failure
668,669,L47848,297.5,308.9,1738,24.0,195,No Failure
669,670,H30083,297.5,308.9,1471,37.7,197,No Failure
670,671,L47850,297.6,309.0,1822,25.4,202,No Failure
671,672,L47851,297.5,308.9,1554,34.8,204,No Failure
672,673,M15532,297.6,308.9,1433,43.2,206,No Failure
673,674,L47853,297.6,308.9,1449,47.7,209,No Failure
674,675,L47854,297.8,309.0,1456,41.2,0,No Failure
675,676,M15535,297.8,309.1,1424,45.5,2,No Failure
676,677,H30090,297.9,309.2,1577,34.7,5,No Failure
677,678,L47857,297.9,309.2,1478,39.7,10,No Failure
678,679,M15538,297.8,309.2,1295,61.2,12,No Failure
679,680,L47859,297.8,309.2,1372,47.3,15,No Failure
680,681,M15540,297.8,309.1,1432,42.6,17,No Failure
681,682,M15541,297.7,309.0,1656,33.2,20,No Failure
682,683,H30096,297.8,309.0,1410,48.8,23,No Failure
683,684,L47863,297.7,309.0,1874,24.4,28,No Failure
684,685,L47864,297.7,309.0,1538,43.2,30,No Failure
685,686,M15545,297.7,309.0,1636,29.7,32,No Failure
686,687,M15546,297.7,309.0,1504,40.4,35,No Failure
687,688,M15547,297.7,309.0,1531,42.4,38,No Failure
688,689,H30102,297.6,309.0,1735,26.4,41,No Failure
689,690,H30103,297.6,309.0,1354,55.6,46,No Failure
690,691,H30104,297.6,309.0,1413,40.2,51,No Failure
691,692,L47871,297.7,309.1,1563,39.3,56,No Failure
692,693,L47872,297.7,309.1,1479,42.1,58,No Failure
693,694,L47873,297.7,309.1,1477,38.3,60,No Failure
694,695,L47874,297.6,309.1,1394,50.0,62,No Failure
695,696,L47875,297.6,309.0,1487,45.4,64,No Failure
696,697,M15556,297.6,309.0,1815,25.3,66,No Failure
697,698,M15557,297.6,308.8,1453,39.7,69,No Failure
698,699,L47878,297.6,308.8,1539,40.2,72,No Failure
699,700,H30113,297.5,308.7,1416,39.2,74,No Failure
700,701,M15560,297.6,308.8,1683,31.6,79,No Failure
701,702,L47881,297.7,308.8,1515,40.1,82,No Failure
702,703,M15562,297.7,308.9,1531,48.3,84,No Failure
703,704,H30117,297.7,308.9,1479,40.9,87,No Failure
704,705,L47884,297.7,308.9,1516,33.7,92,No Failure
705,706,L47885,297.7,309.0,1507,38.2,94,No Failure
706,707,M15566,297.8,309.0,1434,43.3,96,No Failure
707,708,L47887,297.7,308.9,1838,27.3,99,No Failure
708,709,M15568,297.6,308.8,1416,45.9,101,No Failure
709,710,M15569,297.6,308.8,1357,49.7,104,No Failure
710,711,M15570,297.5,308.7,1697,28.1,107,No Failure
711,712,L47891,297.5,308.7,1443,46.2,110,No Failure
712,713,L47892,297.5,308.7,1453,37.6,112,No Failure
713,714,L47893,297.4,308.6,1439,46.4,114,No Failure
714,715,L47894,297.4,308.6,1609,36.2,116,No Failure
715,716,L47895,297.4,308.6,1324,59.1,118,No Failure
716,717,H30130,297.4,308.6,1420,45.8,120,No Failure
717,718,L47897,297.4,308.7,1545,36.9,125,No Failure
718,719,L47898,297.5,308.8,1477,39.0,127,No Failure
719,720,L47899,297.4,308.8,1447,58.1,129,No Failure
720,721,L47900,297.4,308.9,1809,23.8,131,No Failure
721,722,L47901,297.5,308.9,1696,30.9,133,No Failure
722,723,L47902,297.5,308.9,1427,44.7,135,No Failure
723,724,M15583,297.4,308.9,1500,46.3,137,No Failure
724,725,L47904,297.5,308.9,1390,44.6,140,No Failure
725,726,L47905,297.4,308.8,1640,34.2,142,No Failure
726,727,M15586,297.4,308.8,1628,37.4,144,No Failure
727,728,H30141,297.3,308.6,1499,37.6,147,No Failure
728,729,M15588,297.4,308.7,1425,50.3,152,No Failure
729,730,L47909,297.3,308.6,1586,37.7,155,No Failure
730,731,M15590,297.3,308.6,1471,50.7,157,No Failure
731,732,M15591,297.3,308.6,1431,53.0,160,No Failure
732,733,L47912,297.2,308.6,1924,22.1,163,No Failure
733,734,M15593,297.1,308.4,1421,42.0,165,No Failure
734,735,H30148,297.0,308.4,1305,54.6,168,No Failure
735,736,L47915,296.9,308.4,1557,32.4,173,No Failure
736,737,L47916,296.9,308.3,1555,38.2,175,No Failure
737,738,H30151,296.9,308.3,1474,39.2,177,No Failure
738,739,L47918,296.8,308.3,1506,45.9,182,No Failure
739,740,L47919,296.9,308.4,1390,41.8,184,No Failure
740,741,M15600,296.9,308.4,1450,46.9,186,No Failure
741,742,L47921,296.9,308.3,1513,38.8,189,No Failure
742,743,L47922,296.8,308.2,1643,34.7,191,No Failure
743,744,L47923,296.8,308.2,1361,53.8,193,No Failure
744,745,L47924,296.7,308.1,1450,40.9,195,No Failure
745,746,L47925,296.7,308.0,1451,50.7,197,No Failure
746,747,L47926,296.8,308.1,1289,62.0,199,Overstrain Failure
747,748,L47927,296.8,308.1,1356,48.3,201,No Failure
748,749,H30162,296.7,308.1,1528,46.3,203,No Failure
749,750,L47929,296.6,308.0,1978,22.3,208,No Failure
750,751,L47930,296.7,308.0,1535,36.8,210,No Failure
751,752,M15611,296.8,308.1,1843,24.2,212,No Failure
752,753,L47932,296.9,308.1,1422,48.7,215,No Failure
753,754,L47933,296.8,308.0,1536,40.4,217,No Failure
754,755,M15614,296.9,308.1,1483,44.3,219,No Failure
755,756,H30169,296.8,308.1,1492,43.7,222,No Failure
756,757,L47936,296.8,308.0,1584,40.4,227,No Failure
757,758,L47937,296.9,308.1,1555,33.7,229,No Failure
758,759,L47938,296.8,308.0,1497,41.7,231,No Failure
759,760,M15619,296.7,307.8,1537,36.3,233,No Failure
760,761,L47940,296.7,307.8,1505,39.4,236,No Failure
761,762,L47941,296.7,307.8,1646,34.6,238,No Failure
762,763,M15622,296.7,307.8,1286,60.5,0,No Failure
763,764,L47943,296.7,307.8,1400,47.5,3,No Failure
764,765,L47944,296.8,307.9,1337,56.5,5,No Failure
765,766,L47945,296.9,308.0,1332,53.9,7,No Failure
766,767,L47946,296.8,308.0,1561,38.3,9,No Failure
767,768,L47947,296.9,308.0,1546,31.1,11,No Failure
768,769,L47948,296.9,308.0,1713,29.3,13,No Failure
769,770,L47949,296.9,308.0,1343,44.5,15,No Failure
770,771,L47950,296.8,308.0,1391,54.4,17,No Failure
771,772,H30185,296.8,308.0,1311,58.6,19,No Failure
772,773,H30186,296.8,308.0,1453,51.0,24,No Failure
773,774,L47953,296.8,308.0,1510,39.4,29,No Failure
774,775,L47954,296.8,307.9,1448,48.8,31,No Failure
775,776,L47955,296.7,307.8,1453,46.0,33,No Failure
776,777,L47956,296.7,307.8,1468,39.2,35,No Failure
777,778,L47957,296.7,307.8,1382,47.5,37,No Failure
778,779,L47958,296.7,308.0,1580,32.2,39,No Failure
779,780,L47959,296.8,308.0,1666,29.8,41,No Failure
780,781,M15640,296.9,308.0,1409,50.7,43,No Failure
781,782,L47961,296.8,308.0,1675,29.7,46,No Failure
782,783,L47962,296.8,307.9,1698,30.8,48,No Failure
783,784,H30197,296.7,307.9,1579,33.4,50,No Failure
784,785,L47964,296.7,307.9,1743,27.9,55,No Failure
785,786,M15645,296.9,308.0,1497,44.8,57,No Failure
786,787,L47966,296.9,308.1,1741,28.8,60,No Failure
787,788,L47967,296.9,308.1,1435,45.3,62,No Failure
788,789,M15648,296.9,308.1,1440,46.3,64,No Failure
789,790,M15649,296.9,308.0,1641,33.3,67,No Failure
790,791,L47970,296.8,307.9,1420,45.4,70,No Failure
791,792,L47971,296.8,307.9,1611,35.4,72,No Failure
792,793,L47972,296.8,307.8,1373,42.9,74,No Failure
793,794,M15653,296.8,307.9,1683,31.8,76,No Failure
794,795,H30208,296.9,307.9,1547,32.6,79,No Failure
795,796,L47975,296.9,307.8,1605,37.0,84,No Failure
796,797,M15656,296.9,307.9,2010,18.9,86,No Failure
797,798,L47977,296.8,307.7,1565,40.1,89,No Failure
798,799,M15658,296.9,307.8,1828,24.6,91,No Failure
799,800,M15659,297.0,307.8,1579,34.1,94,No Failure
800,801,M15660,297.0,307.9,1882,24.2,97,No Failure
801,802,L47981,296.9,307.8,1285,52.1,100,No Failure
802,803,L47982,296.9,307.8,1571,35.0,102,No Failure
803,804,H30217,296.9,307.8,1549,37.8,104,No Failure
804,805,M15664,296.9,307.8,1544,37.6,109,No Failure
805,806,M15665,297.0,307.9,1412,47.4,112,No Failure
806,807,M15666,297.0,307.9,1422,53.0,115,No Failure
807,808,L47987,297.0,307.7,1867,22.8,118,No Failure
808,809,L47988,296.9,307.7,1424,43.3,120,No Failure
809,810,L47989,296.9,307.6,1452,45.7,122,No Failure
810,811,L47990,296.9,307.7,1550,39.7,124,No Failure
811,812,L47991,296.8,307.6,1588,37.6,126,No Failure
812,813,L47992,296.8,307.6,1338,44.4,128,No Failure
813,814,L47993,296.8,307.6,1513,40.0,130,No Failure
814,815,M15674,296.8,307.5,1470,45.9,132,No Failure
815,816,M15675,296.8,307.5,1516,36.7,135,No Failure
816,817,L47996,296.8,307.6,1434,48.3,138,No Failure
817,818,L47997,296.8,307.6,1368,52.0,140,No Failure
818,819,L47998,296.8,307.6,1304,48.7,142,No Failure
819,820,L47999,296.8,307.6,1398,46.7,144,No Failure
820,821,L48000,296.7,307.6,1516,37.4,146,No Failure
821,822,L48001,296.7,307.6,1474,41.7,148,No Failure
822,823,M15682,296.7,307.6,1547,34.7,150,No Failure
823,824,M15683,296.6,307.5,1482,39.9,153,No Failure
824,825,L48004,296.6,307.4,1436,42.8,156,No Failure
825,826,L48005,296.6,307.3,1474,40.0,158,No Failure
826,827,L48006,296.5,307.2,1481,38.2,160,No Failure
827,828,L48007,296.5,307.3,1501,42.1,162,No Failure
828,829,L48008,296.5,307.3,1566,37.2,164,No Failure
829,830,L48009,296.5,307.3,1579,34.5,166,No Failure
830,831,L48010,296.6,307.4,1631,35.0,168,No Failure
831,832,M15691,296.6,307.4,1544,42.3,170,No Failure
832,833,L48012,296.6,307.4,1521,38.6,173,No Failure
833,834,L48013,296.6,307.4,1616,28.0,175,No Failure
834,835,H30248,296.6,307.4,1333,50.2,177,No Failure
835,836,M15695,296.7,307.4,1533,32.5,182,No Failure
836,837,L48016,296.6,307.4,1368,45.1,185,No Failure
837,838,L48017,296.6,307.4,1465,47.8,187,No Failure
838,839,H30252,296.6,307.4,1406,41.5,189,No Failure
839,840,M15699,296.5,307.4,1565,43.5,194,No Failure
840,841,L48020,296.6,307.5,1582,37.9,197,No Failure
841,842,L48021,296.6,307.5,1439,45.5,199,No Failure
842,843,M15702,296.6,307.5,1566,35.0,201,No Failure
843,844,L48023,296.6,307.5,1485,42.7,204,No Failure
844,845,L48024,296.5,307.5,1566,35.1,206,No Failure
845,846,L48025,296.3,307.3,1439,41.5,208,No Failure
846,847,M15706,296.4,307.4,1416,50.0,210,No Failure
847,848,L48027,296.4,307.4,2833,5.6,213,Power Failure
848,849,L48028,296.3,307.4,1465,47.1,215,No Failure
849,850,H30263,296.4,307.4,1586,35.5,0,No Failure
850,851,L48030,296.3,307.3,1567,31.4,5,No Failure
851,852,M15711,296.2,307.2,1389,48.6,7,No Failure
852,853,M15712,296.3,307.3,1368,49.5,10,No Failure
853,854,L48033,296.3,307.3,1444,49.0,13,No Failure
854,855,M15714,296.3,307.3,1498,41.6,15,No Failure
855,856,L48035,296.1,307.2,1615,30.8,18,No Failure
856,857,L48036,296.1,307.1,1898,22.7,20,No Failure
857,858,M15717,296.1,307.1,1350,53.3,22,No Failure
858,859,M15718,296.2,307.0,1516,37.6,25,No Failure
859,860,H30273,296.2,307.0,1542,40.6,28,No Failure
860,861,H30274,296.1,306.9,1541,32.6,33,No Failure
861,862,M15721,296.1,306.9,1951,23.3,38,No Failure
862,863,H30276,296.1,306.8,1645,31.0,41,No Failure
863,864,L48043,296.0,306.7,1416,44.2,46,No Failure
864,865,M15724,296.0,306.7,2044,22.3,48,No Failure
865,866,L48045,295.9,306.6,1414,50.2,51,No Failure
866,867,L48046,295.9,306.6,1678,26.7,53,No Failure
867,868,H30281,295.9,306.5,1594,33.2,55,No Failure
868,869,M15728,295.8,306.5,1514,37.7,60,No Failure
869,870,L48049,295.8,306.5,1358,49.2,63,No Failure
870,871,L48050,295.8,306.4,1325,56.2,65,No Failure
871,872,L48051,295.8,306.4,1339,53.2,67,No Failure
872,873,M15732,295.8,306.4,1335,51.7,69,No Failure
873,874,L48053,295.9,306.4,1892,21.7,72,No Failure
874,875,L48054,295.9,306.4,1575,28.5,74,No Failure
875,876,M15735,295.8,306.3,1444,45.5,76,No Failure
876,877,L48056,295.7,306.3,1915,22.4,79,No Failure
877,878,M15737,295.6,306.2,1584,33.6,81,No Failure
878,879,M15738,295.7,306.3,1685,34.9,84,No Failure
879,880,L48059,295.8,306.3,1337,54.6,87,No Failure
880,881,M15740,295.8,306.3,1235,76.2,89,Power Failure
881,882,L48061,295.7,306.2,1464,46.2,92,No Failure
882,883,M15742,295.7,306.2,1739,25.9,94,No Failure
883,884,L48063,295.7,306.3,1490,34.3,97,No Failure
884,885,L48064,295.8,306.4,1356,48.0,99,No Failure
885,886,L48065,295.7,306.2,1397,52.0,101,No Failure
886,887,L48066,295.7,306.2,1458,40.6,103,No Failure
887,888,H30301,295.7,306.2,2161,16.5,105,No Failure
888,889,M15748,295.6,306.1,1651,28.1,110,No Failure
889,890,L48069,295.6,306.1,1389,46.2,113,No Failure
890,891,L48070,295.6,306.0,1370,52.4,115,No Failure
891,892,L48071,295.7,306.1,1408,47.9,117,No Failure
892,893,L48072,295.7,306.1,1343,54.4,119,No Failure
893,894,M15753,295.7,306.2,1423,42.5,121,No Failure
894,895,L48074,295.6,306.2,1426,48.6,124,No Failure
895,896,M15755,295.6,306.2,1435,51.6,126,No Failure
896,897,L48076,295.5,306.1,1573,35.1,129,No Failure
897,898,L48077,295.6,306.2,1612,31.2,131,No Failure
898,899,L48078,295.6,306.2,1446,49.9,133,No Failure
899,900,H30313,295.6,306.2,1329,55.3,135,No Failure
900,901,L48080,295.6,306.2,1569,35.1,140,No Failure
901,902,H30315,295.6,306.1,1256,62.3,142,No Failure
902,903,L48082,295.6,306.1,1383,48.7,147,No Failure
903,904,L48083,295.7,306.2,2270,14.6,149,Power Failure
904,905,H30318,295.7,306.2,1458,49.8,151,No Failure
905,906,L48085,295.6,306.1,1474,41.2,156,No Failure
906,907,M15766,295.6,306.1,1462,49.2,158,No Failure
907,908,M15767,295.6,306.1,1669,29.0,161,No Failure
908,909,M15768,295.5,306.1,1822,24.3,164,No Failure
909,910,L48089,295.5,306.0,1456,39.2,167,No Failure
910,911,L48090,295.5,306.0,1546,35.9,169,No Failure
911,912,M15771,295.6,306.1,1490,42.7,171,No Failure
912,913,L48092,295.6,306.0,1569,40.4,174,No Failure
913,914,L48093,295.5,306.0,1621,29.5,176,No Failure
914,915,M15774,295.4,305.9,1518,40.6,178,No Failure
915,916,M15775,295.4,305.8,1526,38.2,181,No Failure
916,917,M15776,295.3,305.8,1589,36.2,184,No Failure
917,918,L48097,295.3,305.7,1475,51.0,187,No Failure
918,919,M15778,295.3,305.7,1473,38.5,189,No Failure
919,920,L48099,295.4,305.8,1407,50.7,192,No Failure
920,921,M15780,295.5,305.9,1518,44.1,194,No Failure
921,922,H30335,295.5,305.9,1593,37.2,197,No Failure
922,923,M15782,295.5,305.9,1380,52.4,202,No Failure
923,924,M15783,295.5,306.0,1423,45.3,205,No Failure
924,925,L48104,295.5,306.0,1800,27.6,208,No Failure
925,926,H30339,295.6,306.1,1623,30.9,210,No Failure
926,927,L48106,295.6,306.1,1372,55.6,215,Overstrain Failure
927,928,H30341,295.6,306.0,1396,52.4,0,No Failure
928,929,L48108,295.6,306.0,1949,21.9,5,No Failure
929,930,L48109,295.6,306.0,1419,51.1,7,No Failure
930,931,M15790,295.5,305.9,1453,47.3,9,No Failure
931,932,L48111,295.5,305.9,1542,36.2,12,No Failure
932,933,L48112,295.6,306.0,1363,50.0,14,No Failure
933,934,L48113,295.5,306.0,1597,37.2,16,No Failure
934,935,M15794,295.5,306.0,1326,50.8,18,No Failure
935,936,M15795,295.5,306.0,1641,36.6,21,No Failure
936,937,M15796,295.6,306.1,1418,46.2,24,No Failure
937,938,L48117,295.6,306.2,1263,61.8,27,No Failure
938,939,L48118,295.6,306.2,1823,25.8,29,No Failure
939,940,L48119,295.5,306.1,1488,40.7,31,No Failure
940,941,L48120,295.6,306.2,1443,48.9,33,No Failure
941,942,L48121,295.6,306.2,1650,28.2,35,No Failure
942,943,M15802,295.7,306.3,1462,44.3,37,No Failure
943,944,M15803,295.6,306.2,1477,45.0,40,No Failure
944,945,M15804,295.7,306.3,1712,28.5,43,No Failure
945,946,M15805,295.7,306.3,1347,50.4,46,No Failure
946,947,L48126,295.6,306.2,1287,54.8,49,No Failure
947,948,L48127,295.6,306.2,1428,44.5,51,No Failure
948,949,M15808,295.6,306.3,1426,45.5,53,No Failure
949,950,L48129,295.6,306.3,1636,32.7,56,No Failure
950,951,L48130,295.6,306.2,1424,42.5,58,No Failure
951,952,H30365,295.6,306.3,1509,35.8,60,No Failure
952,953,L48132,295.5,306.2,1448,48.9,65,No Failure
953,954,L48133,295.5,306.1,1650,32.8,67,No Failure
954,955,H30368,295.6,306.2,1414,42.5,69,No Failure
955,956,L48135,295.6,306.3,1911,20.9,74,No Failure
956,957,H30370,295.6,306.2,1632,32.2,76,No Failure
957,958,M15817,295.7,306.4,1387,40.1,81,No Failure
958,959,L48138,295.8,306.4,1399,47.6,84,No Failure
959,960,L48139,295.8,306.5,1505,35.2,86,No Failure
960,961,L48140,295.8,306.5,1534,37.9,88,No Failure
961,962,L48141,295.8,306.5,1493,40.5,90,No Failure
962,963,M15822,295.8,306.6,1480,43.2,92,No Failure
963,964,L48143,295.8,306.6,1621,31.6,95,No Failure
964,965,L48144,295.7,306.5,1737,26.2,97,No Failure
965,966,L48145,295.8,306.6,1508,46.5,99,No Failure
966,967,M15826,295.8,306.5,1641,32.2,101,No Failure
967,968,M15827,295.9,306.6,1532,38.6,104,No Failure
968,969,L48148,295.9,306.7,1547,40.9,107,No Failure
969,970,L48149,295.9,306.6,1412,41.0,109,No Failure
970,971,L48150,295.8,306.5,1568,35.1,111,No Failure
971,972,L48151,295.9,306.6,1557,41.1,113,No Failure
972,973,L48152,295.8,306.6,1644,35.2,115,No Failure
973,974,L48153,295.9,306.6,1679,30.4,117,No Failure
974,975,L48154,296.0,306.6,1511,35.2,119,No Failure
975,976,M15835,296.0,306.6,1628,36.8,121,No Failure
976,977,M15836,296.0,306.6,1392,51.3,124,No Failure
977,978,L48157,296.0,306.7,1917,21.0,127,No Failure
978,979,M15838,296.2,306.8,1526,42.3,129,No Failure
979,980,L48159,296.2,306.8,1389,53.3,132,No Failure
980,981,L48160,296.1,306.7,1409,42.8,134,No Failure
981,982,L48161,296.2,306.8,1655,31.1,136,No Failure
982,983,L48162,296.2,306.9,1516,39.1,138,No Failure
983,984,L48163,296.2,306.9,1526,34.9,140,No Failure
984,985,L48164,296.3,307.1,1419,48.6,142,No Failure
985,986,L48165,296.4,307.2,1748,25.3,144,No Failure
986,987,H30400,296.4,307.1,1638,32.5,146,No Failure
987,988,M15847,296.3,307.1,1534,33.8,151,No Failure
988,989,H30402,296.3,307.1,1774,25.9,154,No Failure
989,990,M15849,296.2,307.0,2119,18.3,159,No Failure
990,991,L48170,296.2,307.0,1414,48.3,162,No Failure
991,992,M15851,296.1,307.0,1523,42.0,164,No Failure
992,993,L48172,296.1,307.1,1651,35.7,167,No Failure
993,994,M15853,296.1,307.1,1485,36.0,169,No Failure
994,995,M15854,296.2,307.2,1168,63.4,172,No Failure
995,996,L48175,296.3,307.3,1566,35.8,175,No Failure
996,997,M15856,296.3,307.2,1286,51.1,177,No Failure
997,998,M15857,296.3,307.2,1446,45.9,180,No Failure
998,999,M15858,296.4,307.2,2071,19.4,183,No Failure
999,1000,L48179,296.3,307.1,1560,33.2,186,No Failure
1000,1001,L48180,296.3,307.1,1654,29.6,188,No Failure
1001,1002,L48181,296.3,307.1,1662,32.9,190,No Failure
1002,1003,L48182,296.3,307.2,1646,35.0,192,No Failure
1003,1004,L48183,296.2,307.1,1444,46.7,194,No Failure
1004,1005,H30418,296.3,307.2,1424,42.0,196,No Failure
1005,1006,L48185,296.2,307.2,1382,52.0,201,No Failure
1006,1007,L48186,296.2,307.1,1413,53.4,203,No Failure
1007,1008,M15867,296.2,307.2,1633,31.1,0,No Failure
1008,1009,L48188,296.2,307.1,1441,41.7,3,No Failure
1009,1010,M15869,296.2,307.2,1385,44.0,5,No Failure
1010,1011,M15870,296.2,307.2,1552,34.8,8,No Failure
1011,1012,M15871,296.2,307.3,1451,42.8,11,No Failure
1012,1013,M15872,296.1,307.1,1433,38.5,14,No Failure
1013,1014,M15873,296.1,307.2,1619,29.7,17,No Failure
1014,1015,L48194,296.2,307.2,1445,41.8,20,No Failure
1015,1016,L48195,296.2,307.2,1356,43.6,22,No Failure
1016,1017,M15876,296.3,307.2,1319,68.3,24,Power Failure
1017,1018,L48197,296.3,307.2,1637,31.6,27,No Failure
1018,1019,L48198,296.3,307.2,1291,58.6,29,No Failure
1019,1020,L48199,296.3,307.3,1398,52.7,31,No Failure
1020,1021,L48200,296.3,307.3,1372,57.7,33,No Failure
1021,1022,M15881,296.3,307.2,1454,42.5,35,No Failure
1022,1023,L48202,296.2,307.2,1515,36.5,38,No Failure
1023,1024,L48203,296.2,307.3,1881,24.3,40,No Failure
1024,1025,L48204,296.2,307.3,1711,29.9,42,No Failure
1025,1026,L48205,296.2,307.3,1475,37.0,44,No Failure
1026,1027,L48206,296.4,307.4,1512,36.8,46,No Failure
1027,1028,M15887,296.3,307.4,1335,50.5,48,No Failure
1028,1029,L48208,296.3,307.4,1472,39.9,51,No Failure
1029,1030,M15889,296.2,307.3,1477,35.2,53,No Failure
1030,1031,L48210,296.3,307.4,1760,28.4,56,No Failure
1031,1032,L48211,296.4,307.5,1549,36.1,58,No Failure
1032,1033,L48212,296.3,307.4,1648,34.0,60,No Failure
1033,1034,H30447,296.4,307.5,1556,38.0,62,No Failure
1034,1035,M15894,296.3,307.4,1958,19.1,67,No Failure
1035,1036,L48215,296.4,307.4,1403,48.4,70,No Failure
1036,1037,M15896,296.4,307.5,1684,31.4,72,No Failure
1037,1038,H30451,296.4,307.5,1596,35.1,75,No Failure
1038,1039,L48218,296.6,307.6,1498,41.1,80,No Failure
1039,1040,L48219,296.7,307.7,1524,36.8,82,No Failure
1040,1041,L48220,296.7,307.7,1502,43.9,84,No Failure
1041,1042,L48221,296.6,307.6,1809,25.1,86,No Failure
1042,1043,L48222,296.6,307.6,1542,37.4,88,No Failure
1043,1044,L48223,296.5,307.6,1431,45.2,90,No Failure
1044,1045,L48224,296.5,307.6,1512,43.6,92,No Failure
1045,1046,H30459,296.4,307.5,1403,52.8,94,No Failure
1046,1047,L48226,296.4,307.5,1331,47.8,99,No Failure
1047,1048,M15907,296.6,307.7,1474,52.6,101,No Failure
1048,1049,L48228,296.5,307.6,1607,33.5,104,No Failure
1049,1050,L48229,296.5,307.6,1415,44.2,106,No Failure
1050,1051,L48230,296.6,307.6,1671,28.8,108,No Failure
1051,1052,L48231,296.6,307.7,1556,37.7,110,No Failure
1052,1053,L48232,296.7,307.7,1927,23.9,112,No Failure
1053,1054,M15913,296.7,307.7,1597,32.1,114,No Failure
1054,1055,H30468,296.8,307.8,1627,30.5,117,No Failure
1055,1056,L48235,296.8,307.8,1480,39.4,122,No Failure
1056,1057,L48236,296.8,307.8,1565,39.5,124,No Failure
1057,1058,L48237,296.8,307.8,1573,36.4,126,No Failure
1058,1059,L48238,296.7,307.8,1605,31.3,128,No Failure
1059,1060,M15919,296.7,307.9,1874,21.3,130,No Failure
1060,1061,H30474,296.7,307.9,1424,53.8,133,No Failure
1061,1062,L48241,296.7,307.9,1420,50.1,138,No Failure
1062,1063,L48242,296.8,307.9,1372,49.0,140,No Failure
1063,1064,M15923,296.8,307.8,1664,32.8,142,No Failure
1064,1065,M15924,296.8,307.9,1409,44.3,145,No Failure
1065,1066,L48245,296.8,307.9,1718,25.2,148,No Failure
1066,1067,M15926,296.9,307.8,1544,40.3,150,No Failure
1067,1068,L48247,296.9,307.8,1466,45.7,153,No Failure
1068,1069,L48248,296.8,307.8,1394,47.7,155,No Failure
1069,1070,M15929,296.9,307.8,1840,24.6,157,No Failure
1070,1071,M15930,296.9,307.8,1477,37.2,160,No Failure
1071,1072,L48251,296.9,307.8,1425,49.1,163,No Failure
1072,1073,M15932,297.0,307.9,1414,46.2,165,No Failure
1073,1074,L48253,297.0,307.8,1414,47.5,168,No Failure
1074,1075,L48254,297.0,307.9,1595,31.7,170,No Failure
1075,1076,H30489,296.9,307.8,1345,54.5,172,No Failure
1076,1077,L48256,296.9,307.7,1653,35.9,177,No Failure
1077,1078,L48257,296.8,307.6,1547,36.5,179,No Failure
1078,1079,H30492,296.9,307.7,1656,30.8,181,No Failure
1079,1080,L48259,297.0,307.7,1731,28.5,186,No Failure
1080,1081,L48260,297.0,307.8,1774,28.0,188,No Failure
1081,1082,L48261,297.0,307.8,1521,40.2,190,No Failure
1082,1083,H30496,297.1,307.9,1420,39.8,192,No Failure
1083,1084,L48263,297.0,307.8,1683,32.3,197,No Failure
1084,1085,M15944,297.0,307.7,1498,47.1,199,No Failure
1085,1086,L48265,297.0,307.8,1385,56.4,202,Overstrain Failure
1086,1087,L48266,297.0,307.9,1455,49.0,204,No Failure
1087,1088,H30501,296.9,307.8,1549,35.8,206,Tool Wear Failure
1088,1089,M15948,296.9,307.8,1392,43.9,0,No Failure
1089,1090,M15949,296.9,307.7,2008,17.5,3,No Failure
1090,1091,L48270,296.9,307.7,1464,41.4,6,No Failure
1091,1092,L48271,297.0,307.7,1447,46.4,8,No Failure
1092,1093,M15952,296.9,307.6,1685,32.0,10,No Failure
1093,1094,M15953,296.8,307.5,1443,39.2,13,No Failure
1094,1095,L48274,296.9,307.5,1354,44.4,16,No Failure
1095,1096,L48275,296.9,307.5,2721,9.3,18,Power Failure
1096,1097,L48276,297.0,307.6,1680,35.8,20,No Failure
1097,1098,H30511,296.9,307.5,1397,48.3,22,No Failure
1098,1099,M15958,296.9,307.4,1521,37.9,27,No Failure
1099,1100,M15959,296.8,307.4,1472,43.9,30,No Failure
1100,1101,H30514,296.8,307.5,1695,30.0,33,No Failure
1101,1102,H30515,296.7,307.5,1607,33.6,38,No Failure
1102,1103,L48282,296.8,307.5,1347,54.8,43,No Failure
1103,1104,M15963,296.7,307.4,1540,38.7,45,No Failure
1104,1105,L48284,296.6,307.4,1389,42.7,48,No Failure
1105,1106,M15965,296.6,307.5,1734,27.0,50,No Failure
1106,1107,L48286,296.7,307.6,1540,38.6,53,No Failure
1107,1108,M15967,296.7,307.5,1515,42.1,55,No Failure
1108,1109,L48288,296.6,307.4,1504,45.8,58,No Failure
1109,1110,L48289,296.6,307.5,1557,35.1,60,No Failure
1110,1111,L48290,296.5,307.4,1292,52.5,62,No Failure
1111,1112,H30525,296.5,307.4,1432,49.2,64,No Failure
1112,1113,M15972,296.5,307.4,1350,55.6,69,No Failure
1113,1114,M15973,296.6,307.4,1790,25.8,72,No Failure
1114,1115,H30528,296.4,307.3,1540,37.4,75,No Failure
1115,1116,M15975,296.4,307.3,2077,19.1,80,No Failure
1116,1117,L48296,296.4,307.3,1487,37.5,83,No Failure
1117,1118,L48297,296.5,307.4,1523,40.7,85,No Failure
1118,1119,L48298,296.5,307.5,1443,41.8,87,No Failure
1119,1120,L48299,296.5,307.5,1340,59.1,89,No Failure
1120,1121,H30534,296.6,307.7,1654,31.0,91,No Failure
1121,1122,L48301,296.6,307.6,1459,40.2,96,No Failure
1122,1123,L48302,296.5,307.6,1541,38.5,98,No Failure
1123,1124,H30537,296.6,307.7,1386,62.3,100,Power Failure
1124,1125,M15984,296.7,307.8,1258,69.0,105,Power Failure
1125,1126,M15985,296.7,307.8,1375,51.4,108,No Failure
1126,1127,L48306,296.8,307.9,1706,30.8,111,No Failure
1127,1128,M15987,296.7,307.8,1672,32.4,113,No Failure
1128,1129,M15988,296.8,307.9,1843,25.2,116,No Failure
1129,1130,L48309,296.7,307.9,1690,29.6,119,No Failure
1130,1131,L48310,296.8,307.9,1413,46.5,121,No Failure
1131,1132,L48311,296.8,307.9,1489,33.4,123,No Failure
1132,1133,L48312,296.8,307.9,1271,61.4,125,No Failure
1133,1134,M15993,296.8,307.9,1418,47.9,127,No Failure
1134,1135,M15994,296.9,307.8,1426,50.7,130,No Failure
1135,1136,L48315,296.9,307.9,1535,39.2,133,No Failure
1136,1137,L48316,296.9,307.8,1557,38.1,135,No Failure
1137,1138,L48317,296.9,307.8,1653,29.7,137,No Failure
1138,1139,L48318,296.9,307.9,1435,41.6,139,No Failure
1139,1140,M15999,297.0,307.9,1569,33.3,141,No Failure
1140,1141,M16000,296.9,307.9,1385,44.8,144,No Failure
1141,1142,L48321,297.0,307.9,1635,31.6,147,No Failure
1142,1143,L48322,296.9,307.9,1423,43.9,149,No Failure
1143,1144,L48323,297.0,307.9,1479,39.2,151,No Failure
1144,1145,L48324,297.0,307.9,1296,69.1,153,Power Failure
1145,1146,L48325,297.0,307.8,1553,33.3,155,No Failure
1146,1147,L48326,297.0,307.9,1529,42.2,157,No Failure
1147,1148,M16007,297.1,308.0,1690,25.6,159,No Failure
1148,1149,L48328,297.1,308.0,1348,58.0,162,No Failure
1149,1150,L48329,297.2,308.1,1446,38.5,164,No Failure
1150,1151,L48330,297.1,307.9,1456,50.0,166,No Failure
1151,1152,L48331,297.0,307.9,1350,47.7,168,No Failure
1152,1153,L48332,297.1,307.9,1507,38.3,170,No Failure
1153,1154,H30567,297.0,307.9,1448,45.6,172,No Failure
1154,1155,L48334,296.9,307.9,1626,29.9,177,No Failure
1155,1156,H30569,297.0,307.9,1846,27.3,179,No Failure
1156,1157,H30570,297.0,307.8,1404,40.7,184,No Failure
1157,1158,L48337,297.0,307.8,1583,37.2,189,No Failure
1158,1159,L48338,297.0,307.9,1436,47.7,191,No Failure
1159,1160,L48339,297.0,307.8,1609,35.6,193,No Failure
1160,1161,H30574,297.0,307.7,1834,23.8,195,No Failure
1161,1162,L48341,297.0,307.8,1316,61.2,200,Overstrain Failure
1162,1163,L48342,296.9,307.8,1400,57.1,202,Overstrain Failure
1163,1164,L48343,296.9,307.9,1367,47.1,204,No Failure
1164,1165,L48344,297.1,308.1,1754,30.3,206,No Failure
1165,1166,L48345,297.1,308.1,1487,34.6,208,No Failure
1166,1167,M16026,297.1,308.1,1506,37.7,210,No Failure
1167,1168,L48347,297.0,308.1,1362,52.5,213,Overstrain Failure
1168,1169,L48348,297.1,308.1,1584,36.8,215,No Failure
1169,1170,L48349,297.0,308.1,1355,43.7,217,No Failure
1170,1171,M16030,297.1,308.1,1823,24.3,219,No Failure
1171,1172,H30585,297.0,308.1,1517,41.4,222,No Failure
1172,1173,L48352,297.1,308.1,1446,36.6,227,No Failure
1173,1174,H30587,297.1,308.0,1559,38.8,229,No Failure
1174,1175,M16034,297.1,308.1,1352,44.4,0,No Failure
1175,1176,M16035,297.2,308.3,1578,37.8,3,No Failure
1176,1177,M16036,297.2,308.3,1429,42.0,6,No Failure
1177,1178,M16037,297.2,308.3,1604,39.4,9,No Failure
1178,1179,L48358,297.3,308.5,1398,60.4,12,No Failure
1179,1180,L48359,297.3,308.4,1441,43.4,14,No Failure
1180,1181,H30594,297.3,308.4,1531,35.6,16,No Failure
1181,1182,L48361,297.2,308.3,1379,52.1,21,No Failure
1182,1183,L48362,297.3,308.3,1410,48.1,23,No Failure
1183,1184,L48363,297.3,308.4,1513,40.5,25,No Failure
1184,1185,L48364,297.3,308.5,1497,47.5,27,No Failure
1185,1186,L48365,297.3,308.4,1491,46.5,29,No Failure
1186,1187,L48366,297.3,308.4,1417,47.8,31,No Failure
1187,1188,M16047,297.4,308.6,1522,38.0,33,No Failure
1188,1189,L48368,297.3,308.4,1339,52.1,36,No Failure
1189,1190,M16049,297.2,308.3,1794,27.5,38,No Failure
1190,1191,L48370,297.2,308.4,1460,42.1,41,No Failure
1191,1192,M16051,297.2,308.3,1776,28.0,43,No Failure
1192,1193,M16052,297.2,308.3,1431,43.7,46,No Failure
1193,1194,L48373,297.1,308.2,1347,50.8,49,No Failure
1194,1195,M16054,297.0,308.1,1507,43.1,51,No Failure
1195,1196,M16055,297.0,308.0,1408,47.9,54,No Failure
1196,1197,M16056,297.0,307.9,1493,34.7,57,No Failure
1197,1198,M16057,296.9,307.9,1441,47.6,60,No Failure
1198,1199,H30612,296.9,307.9,1557,36.5,63,No Failure
1199,1200,M16059,296.9,307.9,1979,20.4,68,No Failure
1200,1201,M16060,296.9,308.0,1430,55.9,71,No Failure
1201,1202,L48381,296.9,308.0,1658,41.0,74,No Failure
1202,1203,M16062,297.0,308.1,1355,51.4,76,No Failure
1203,1204,H30617,297.0,308.1,1410,47.6,79,No Failure
1204,1205,L48384,296.9,308.0,1521,34.5,84,No Failure
1205,1206,L48385,296.8,308.0,1371,54.5,86,No Failure
1206,1207,H30620,296.9,308.0,1318,53.5,88,No Failure
1207,1208,M16067,297.0,308.1,1573,34.9,93,No Failure
1208,1209,L48388,297.0,308.1,1489,44.1,96,No Failure
1209,1210,H30623,297.0,308.1,2540,13.3,98,No Failure
1210,1211,L48390,297.0,308.1,1537,39.0,103,No Failure
1211,1212,H30625,296.9,308.0,1416,46.9,105,No Failure
1212,1213,L48392,296.9,307.9,1359,56.5,110,No Failure
1213,1214,M16073,296.8,307.8,1551,38.9,112,No Failure
1214,1215,M16074,296.8,307.8,1694,33.0,115,No Failure
1215,1216,L48395,296.8,307.9,1709,28.4,118,No Failure
1216,1217,L48396,296.9,308.0,1514,41.0,120,No Failure
1217,1218,L48397,297.0,308.1,1455,43.5,122,No Failure
1218,1219,M16078,297.0,308.2,1702,30.7,124,No Failure
1219,1220,M16079,296.9,308.1,1357,41.8,127,No Failure
1220,1221,L48400,297.0,308.2,1577,29.4,130,No Failure
1221,1222,M16081,297.0,308.3,1399,46.4,132,Random Failures
1222,1223,L48402,297.0,308.3,1399,59.0,135,No Failure
1223,1224,L48403,297.0,308.3,1492,48.1,137,No Failure
1224,1225,L48404,297.1,308.3,1763,25.7,139,No Failure
1225,1226,H30639,297.1,308.3,1492,41.5,141,No Failure
1226,1227,L48406,297.1,308.4,1488,42.5,146,No Failure
1227,1228,L48407,297.1,308.4,1422,42.1,148,No Failure
1228,1229,M16088,297.1,308.4,1583,38.2,150,No Failure
1229,1230,L48409,297.1,308.4,1304,53.5,153,No Failure
1230,1231,M16090,297.1,308.4,1880,23.5,155,No Failure
1231,1232,M16091,297.2,308.5,1604,40.7,158,No Failure
1232,1233,L48412,297.2,308.6,1500,37.1,161,No Failure
1233,1234,M16093,297.2,308.5,1364,55.6,163,No Failure
1234,1235,H30648,297.2,308.5,2440,14.0,166,No Failure
1235,1236,H30649,297.1,308.4,1654,31.4,171,No Failure
1236,1237,H30650,297.1,308.4,1359,46.6,176,No Failure
1237,1238,M16097,297.1,308.4,1502,37.3,181,No Failure
1238,1239,M16098,297.1,308.4,1615,32.6,184,No Failure
1239,1240,H30653,297.2,308.5,1482,39.3,187,No Failure
1240,1241,L48420,297.2,308.6,1636,31.3,192,No Failure
1241,1242,M16101,297.1,308.5,1621,32.4,194,No Failure
1242,1243,L48422,297.1,308.4,1468,44.4,197,No Failure
1243,1244,M16103,297.1,308.4,1432,53.4,199,No Failure
1244,1245,L48424,297.1,308.4,1726,28.4,202,No Failure
1245,1246,M16105,297.1,308.4,1588,33.4,204,No Failure
1246,1247,H30660,297.2,308.5,1653,33.3,207,No Failure
1247,1248,L48427,297.2,308.5,1513,42.9,212,No Failure
1248,1249,L48428,297.2,308.6,1489,40.2,214,No Failure
1249,1250,L48429,297.3,308.7,1467,36.8,216,No Failure
1250,1251,L48430,297.3,308.7,1549,36.1,218,No Failure
1251,1252,M16111,297.4,308.8,1359,48.7,220,No Failure
1252,1253,L48432,297.5,308.8,1533,41.5,223,No Failure
1253,1254,L48433,297.5,308.8,1309,57.3,0,No Failure
1254,1255,H30668,297.5,308.8,1430,49.4,2,No Failure
1255,1256,H30669,297.5,308.9,1419,50.7,7,No Failure
1256,1257,M16116,297.5,308.9,1535,37.7,12,No Failure
1257,1258,L48437,297.5,308.9,1466,43.0,15,No Failure
1258,1259,L48438,297.5,308.9,1427,50.4,17,No Failure
1259,1260,M16119,297.5,308.9,1280,48.5,19,No Failure
1260,1261,L48440,297.6,309.0,1528,33.8,22,No Failure
1261,1262,H30675,297.6,309.0,1885,25.2,24,No Failure
1262,1263,H30676,297.8,309.2,1648,33.0,29,No Failure
1263,1264,L48443,297.8,309.2,1400,56.9,34,No Failure
1264,1265,M16124,297.8,309.3,2243,15.7,36,No Failure
1265,1266,L48445,297.9,309.4,1558,35.7,39,No Failure
1266,1267,L48446,298.0,309.6,1633,34.8,41,No Failure
1267,1268,M16127,298.1,309.6,1549,38.7,43,No Failure
1268,1269,L48448,298.0,309.5,1496,45.8,46,No Failure
1269,1270,L48449,298.1,309.5,1467,41.8,48,No Failure
1270,1271,M16130,298.0,309.4,1276,65.9,50,No Failure
1271,1272,H30685,298.0,309.4,1490,40.5,53,No Failure
1272,1273,H30686,298.0,309.4,1562,38.1,58,No Failure
1273,1274,L48453,298.1,309.4,1397,48.2,63,No Failure
1274,1275,H30688,298.1,309.5,1530,40.2,65,No Failure
1275,1276,M16135,298.1,309.4,1362,47.6,70,No Failure
1276,1277,M16136,298.2,309.4,1693,34.4,73,No Failure
1277,1278,M16137,298.2,309.4,1408,46.5,76,No Failure
1278,1279,L48458,298.2,309.4,1398,52.9,79,No Failure
1279,1280,M16139,298.3,309.6,1531,40.1,81,No Failure
1280,1281,H30694,298.3,309.5,1521,37.1,84,No Failure
1281,1282,H30695,298.3,309.5,1427,54.3,89,No Failure
1282,1283,L48462,298.3,309.4,1546,36.1,94,No Failure
1283,1284,L48463,298.3,309.4,1356,45.4,96,No Failure
1284,1285,L48464,298.4,309.5,2153,15.3,98,Power Failure
1285,1286,M16145,298.5,309.6,1492,41.7,100,No Failure
1286,1287,L48466,298.5,309.6,1582,40.3,103,No Failure
1287,1288,L48467,298.5,309.6,1419,41.5,105,No Failure
1288,1289,M16148,298.5,309.6,1441,48.2,107,No Failure
1289,1290,M16149,298.6,309.7,1635,32.2,110,No Failure
1290,1291,L48470,298.6,309.7,1429,45.8,113,No Failure
1291,1292,M16151,298.6,309.7,1675,28.4,115,No Failure
1292,1293,M16152,298.7,309.7,1868,23.8,118,No Failure
1293,1294,H30707,298.7,309.8,1582,33.4,121,No Failure
1294,1295,L48474,298.8,309.9,1486,40.3,126,No Failure
1295,1296,L48475,298.7,309.8,1402,54.3,128,No Failure
1296,1297,L48476,298.7,309.9,1621,34.1,130,No Failure
1297,1298,L48477,298.8,309.9,1428,42.4,132,No Failure
1298,1299,M16158,298.7,309.8,1343,53.6,134,No Failure
1299,1300,M16159,298.7,309.9,1458,40.2,137,No Failure
1300,1301,L48480,298.7,309.8,1322,57.0,140,No Failure
1301,1302,L48481,298.7,309.9,1483,32.8,142,No Failure
1302,1303,L48482,298.6,309.8,1505,45.7,144,Random Failures
1303,1304,L48483,298.7,309.9,1593,42.5,146,No Failure
1304,1305,L48484,298.8,310.0,2098,19.6,148,No Failure
1305,1306,L48485,298.8,310.0,1672,30.4,150,No Failure
1306,1307,L48486,298.8,310.0,1487,41.4,152,No Failure
1307,1308,L48487,298.8,310.0,1423,42.1,154,No Failure
1308,1309,L48488,298.9,310.1,1750,25.0,156,No Failure
1309,1310,L48489,298.9,310.2,1654,31.1,158,No Failure
1310,1311,L48490,298.9,310.2,1498,50.2,160,No Failure
1311,1312,L48491,298.9,310.1,1587,30.2,162,No Failure
1312,1313,L48492,298.9,310.1,1473,42.6,164,No Failure
1313,1314,L48493,298.9,310.2,1359,56.9,166,No Failure
1314,1315,M16174,299.0,310.3,1635,34.5,168,No Failure
1315,1316,L48495,299.0,310.3,1520,45.0,171,No Failure
1316,1317,L48496,299.0,310.3,1507,36.7,173,No Failure
1317,1318,L48497,299.0,310.3,1428,46.3,175,No Failure
1318,1319,M16178,299.0,310.3,1582,33.3,177,No Failure
1319,1320,L48499,299.0,310.3,1929,24.4,180,No Failure
1320,1321,M16180,299.0,310.3,1540,38.1,182,No Failure
1321,1322,L48501,298.9,310.2,1362,53.0,185,No Failure
1322,1323,H30736,298.9,310.1,1452,49.9,187,No Failure
1323,1324,L48503,298.9,310.1,1361,51.7,192,No Failure
1324,1325,M16184,298.8,310.1,1243,74.5,194,Power Failure
1325,1326,H30739,298.8,310.1,1567,36.8,197,No Failure
1326,1327,L48506,298.9,310.2,1411,46.5,202,No Failure
1327,1328,L48507,298.8,310.2,1814,26.8,204,No Failure
1328,1329,M16188,298.8,310.1,1719,28.8,206,No Failure
1329,1330,H30743,298.8,310.2,1663,30.4,209,No Failure
1330,1331,L48510,298.9,310.2,1696,30.2,214,No Failure
1331,1332,H30745,298.9,310.2,1771,26.8,216,No Failure
1332,1333,L48512,299.0,310.3,1868,24.0,221,No Failure
1333,1334,M16193,299.0,310.3,1558,35.4,223,No Failure
1334,1335,L48514,299.0,310.4,1365,49.1,226,Overstrain Failure
1335,1336,L48515,299.0,310.4,1371,53.8,228,Overstrain Failure
1336,1337,L48516,298.9,310.3,1583,32.6,230,No Failure
1337,1338,H30751,298.7,310.2,1613,36.0,0,No Failure
1338,1339,L48518,298.6,310.1,1721,27.2,5,No Failure
1339,1340,M16199,298.6,310.2,1668,31.5,7,No Failure
1340,1341,L48520,298.6,310.2,1569,36.3,10,No Failure
1341,1342,M16201,298.6,310.2,1328,50.5,12,No Failure
1342,1343,M16202,298.6,310.1,1596,33.0,15,No Failure
1343,1344,L48523,298.5,310.2,1676,32.7,18,No Failure
1344,1345,L48524,298.5,310.1,1809,28.9,20,No Failure
1345,1346,L48525,298.5,310.0,1804,26.1,22,No Failure
1346,1347,L48526,298.6,310.1,1533,33.9,24,No Failure
1347,1348,L48527,298.7,310.2,1717,27.3,26,No Failure
1348,1349,L48528,298.7,310.2,1363,45.5,28,No Failure
1349,1350,L48529,298.7,310.2,1402,45.9,30,No Failure
1350,1351,L48530,298.7,310.2,1436,47.5,32,No Failure
1351,1352,L48531,298.7,310.2,1525,43.7,34,No Failure
1352,1353,M16212,298.7,310.2,1598,33.3,36,No Failure
1353,1354,M16213,298.6,310.1,1444,48.1,39,No Failure
1354,1355,L48534,298.6,310.0,1334,48.0,42,No Failure
1355,1356,M16215,298.6,310.0,1681,35.5,44,No Failure
1356,1357,L48536,298.6,309.9,1593,37.4,47,No Failure
1357,1358,L48537,298.6,309.9,1461,45.7,49,No Failure
1358,1359,M16218,298.7,310.1,1693,31.9,51,No Failure
1359,1360,L48539,298.7,310.2,1404,50.3,54,No Failure
1360,1361,H30774,298.8,310.2,1707,27.6,56,No Failure
1361,1362,M16221,298.6,310.1,1458,41.9,61,No Failure
1362,1363,L48542,298.6,310.0,1517,41.2,64,No Failure
1363,1364,L48543,298.7,310.1,1433,54.6,66,No Failure
1364,1365,L48544,298.7,310.2,1566,33.1,68,No Failure
1365,1366,L48545,298.7,310.1,1676,33.5,70,No Failure
1366,1367,M16226,298.7,310.1,1368,56.8,72,No Failure
1367,1368,M16227,298.8,310.2,1581,37.5,75,No Failure
1368,1369,H30782,298.8,310.3,1708,27.1,78,No Failure
1369,1370,M16229,298.7,310.3,1481,41.5,83,No Failure
1370,1371,L48550,298.7,310.3,1451,40.0,86,No Failure
1371,1372,M16231,298.7,310.3,1495,38.7,88,No Failure
1372,1373,M16232,298.8,310.3,1573,41.8,91,No Failure
1373,1374,M16233,298.8,310.3,1366,59.0,94,No Failure
1374,1375,L48554,298.8,310.3,1553,36.8,97,No Failure
1375,1376,M16235,298.8,310.3,1528,37.1,99,No Failure
1376,1377,M16236,298.8,310.2,1527,31.2,102,No Failure
1377,1378,L48557,298.8,310.2,1461,46.7,105,No Failure
1378,1379,H30792,298.8,310.2,1455,44.9,107,No Failure
1379,1380,L48559,298.7,310.1,1620,34.8,112,No Failure
1380,1381,L48560,298.7,310.1,1786,27.7,114,No Failure
1381,1382,M16241,298.8,310.2,1583,35.7,116,No Failure
1382,1383,L48562,298.8,310.1,1653,30.3,119,No Failure
1383,1384,M16243,298.9,310.2,1331,49.0,121,No Failure
1384,1385,L48564,298.9,310.3,1484,43.8,124,No Failure
1385,1386,M16245,298.9,310.2,1603,36.1,126,No Failure
1386,1387,L48566,298.9,310.2,1445,40.0,129,No Failure
1387,1388,L48567,298.9,310.1,1823,26.1,131,No Failure
1388,1389,H30802,298.9,310.1,1491,45.3,133,No Failure
1389,1390,L48569,298.9,310.2,1533,42.8,138,No Failure
1390,1391,L48570,298.9,310.2,1409,54.8,140,No Failure
1391,1392,L48571,298.9,310.2,2737,8.8,142,Power Failure
1392,1393,M16252,299.0,310.3,1494,46.6,144,No Failure
1393,1394,L48573,299.1,310.4,1594,33.3,147,No Failure
1394,1395,L48574,299.1,310.4,1527,44.0,149,No Failure
1395,1396,L48575,299.1,310.4,1452,39.7,151,No Failure
1396,1397,L48576,299.0,310.3,1483,39.2,153,No Failure
1397,1398,L48577,299.1,310.2,1569,38.2,155,No Failure
1398,1399,L48578,299.1,310.3,1472,46.6,157,No Failure
1399,1400,L48579,299.0,310.2,1533,43.5,159,No Failure
1400,1401,H30814,298.9,310.1,1366,62.7,161,No Failure
1401,1402,H30815,298.9,310.2,1532,37.7,166,No Failure
1402,1403,M16262,298.9,310.1,1313,56.8,171,No Failure
1403,1404,L48583,299.0,310.2,1372,48.0,174,No Failure
1404,1405,M16264,298.9,310.1,1555,40.6,176,No Failure
1405,1406,L48585,298.9,310.1,1394,42.7,179,No Failure
1406,1407,L48586,298.9,310.1,1442,48.0,181,No Failure
1407,1408,L48587,298.9,310.0,1564,33.8,183,No Failure
1408,1409,L48588,298.9,310.0,1452,48.9,185,No Failure
1409,1410,L48589,298.9,310.1,1466,42.5,187,No Failure
1410,1411,M16270,298.9,310.1,1469,53.2,189,No Failure
1411,1412,L48591,298.9,310.1,1944,23.4,192,No Failure
1412,1413,M16272,298.8,309.9,1415,53.2,194,No Failure
1413,1414,M16273,298.7,309.8,1528,36.7,197,No Failure
1414,1415,M16274,298.7,309.8,1570,42.1,200,No Failure
1415,1416,L48595,298.7,309.9,1617,33.0,203,No Failure
1416,1417,M16276,298.7,309.9,2083,18.2,205,No Failure
1417,1418,L48597,298.7,309.9,1541,38.5,208,No Failure
1418,1419,L48598,298.8,309.9,1320,47.4,210,No Failure
1419,1420,L48599,298.7,309.8,1354,53.3,212,Overstrain Failure
1420,1421,M16280,298.8,309.9,1495,35.2,214,No Failure
1421,1422,L48601,298.7,309.8,1589,31.8,217,No Failure
1422,1423,L48602,298.7,309.8,1530,35.5,0,No Failure
1423,1424,L48603,298.7,309.8,1539,33.4,2,No Failure
1424,1425,L48604,298.7,309.7,1462,46.8,4,No Failure
1425,1426,L48605,298.6,309.7,1356,54.0,6,No Failure
1426,1427,M16286,298.7,309.7,1622,34.6,8,No Failure
1427,1428,L48607,298.7,309.8,1394,40.3,11,No Failure
1428,1429,L48608,298.8,309.9,1568,33.7,13,No Failure
1429,1430,M16289,298.9,310.0,1456,43.8,15,No Failure
1430,1431,L48610,298.9,310.0,1378,49.3,18,No Failure
1431,1432,M16291,298.9,309.9,1404,41.4,20,No Failure
1432,1433,L48612,298.8,309.8,1437,42.8,23,No Failure
1433,1434,L48613,298.8,309.8,1363,44.0,25,No Failure
1434,1435,M16294,298.8,309.8,1377,49.6,27,No Failure
1435,1436,H30849,298.8,309.9,1526,42.1,30,No Failure
1436,1437,H30850,298.8,309.8,1510,44.2,35,No Failure
1437,1438,H30851,298.8,309.9,1439,45.2,40,No Failure
1438,1439,L48618,298.8,309.9,1482,39.1,45,No Failure
1439,1440,M16299,298.8,309.8,1534,37.0,47,No Failure
1440,1441,M16300,298.8,309.9,1741,27.7,50,No Failure
1441,1442,L48621,298.8,309.9,1550,38.8,53,No Failure
1442,1443,M16302,298.8,310.0,1486,38.5,55,No Failure
1443,1444,L48623,298.9,310.1,1602,38.2,58,No Failure
1444,1445,L48624,299.0,310.2,1477,37.9,60,No Failure
1445,1446,L48625,299.0,310.1,1618,29.2,62,No Failure
1446,1447,M16306,299.0,310.2,1628,35.8,64,No Failure
1447,1448,M16307,299.0,310.3,1662,33.6,67,No Failure
1448,1449,M16308,299.0,310.3,1657,31.0,70,No Failure
1449,1450,H30863,299.0,310.4,1677,30.8,73,No Failure
1450,1451,M16310,299.0,310.3,1447,39.9,78,No Failure
1451,1452,L48631,298.9,310.4,1831,25.4,81,No Failure
1452,1453,L48632,299.0,310.3,1584,34.4,83,No Failure
1453,1454,L48633,299.1,310.4,1450,40.9,85,No Failure
1454,1455,L48634,299.1,310.4,1428,46.9,87,No Failure
1455,1456,L48635,299.0,310.4,1382,53.0,89,No Failure
1456,1457,L48636,299.0,310.3,1501,43.0,91,No Failure
1457,1458,L48637,299.0,310.3,1475,42.4,93,No Failure
1458,1459,L48638,298.9,310.3,1364,54.0,95,No Failure
1459,1460,L48639,299.0,310.3,1472,36.1,97,No Failure
1460,1461,L48640,299.0,310.3,1437,47.8,99,No Failure
1461,1462,L48641,298.9,310.2,1491,45.1,101,No Failure
1462,1463,L48642,298.9,310.2,1706,27.6,103,No Failure
1463,1464,L48643,298.8,310.1,1607,39.5,105,No Failure
1464,1465,L48644,298.8,310.0,1412,46.3,107,No Failure
1465,1466,L48645,298.7,309.8,1546,40.9,109,No Failure
1466,1467,L48646,298.7,309.8,1365,50.5,111,No Failure
1467,1468,L48647,298.6,309.8,1544,30.2,113,No Failure
1468,1469,M16328,298.6,309.8,1419,44.9,115,No Failure
1469,1470,L48649,298.6,309.8,1497,41.6,118,No Failure
1470,1471,L48650,298.5,309.7,1437,42.6,120,No Failure
1471,1472,L48651,298.5,309.6,1421,53.6,122,No Failure
1472,1473,M16332,298.5,309.6,1438,44.5,124,No Failure
1473,1474,M16333,298.5,309.5,1315,48.9,127,No Failure
1474,1475,M16334,298.5,309.5,1366,61.9,130,No Failure
1475,1476,M16335,298.4,309.5,1519,35.4,133,No Failure
1476,1477,L48656,298.4,309.5,1692,28.3,136,No Failure
1477,1478,L48657,298.3,309.4,1570,35.6,138,No Failure
1478,1479,L48658,298.3,309.4,1568,35.8,140,No Failure
1479,1480,L48659,298.2,309.3,1355,43.8,142,No Failure
1480,1481,M16340,298.2,309.3,2056,18.7,144,No Failure
1481,1482,M16341,298.2,309.2,1332,60.2,147,No Failure
1482,1483,M16342,298.1,309.1,1448,52.5,150,No Failure
1483,1484,L48663,298.0,308.9,1578,35.6,153,No Failure
1484,1485,M16344,298.0,309.0,1562,39.2,155,No Failure
1485,1486,M16345,298.1,309.0,1976,19.3,158,No Failure
1486,1487,M16346,298.2,309.2,1524,34.6,161,No Failure
1487,1488,L48667,298.2,309.1,1429,48.5,164,No Failure
1488,1489,L48668,298.2,309.1,1568,36.3,166,No Failure
1489,1490,M16349,298.2,309.0,1723,26.6,168,No Failure
1490,1491,L48670,298.2,309.0,1341,43.8,171,No Failure
1491,1492,M16351,298.1,308.9,1353,46.2,173,No Failure
1492,1493,M16352,298.0,308.7,1479,58.5,176,Power Failure
1493,1494,L48673,298.0,308.8,1496,44.9,179,No Failure
1494,1495,M16354,298.0,308.7,1377,48.5,181,No Failure
1495,1496,H30909,297.9,308.5,1383,44.6,184,No Failure
1496,1497,L48676,298.0,308.7,1268,69.4,189,Power Failure
1497,1498,L48677,298.0,308.7,1629,34.3,191,No Failure
1498,1499,L48678,298.0,308.8,1790,27.2,193,No Failure
1499,1500,M16359,298.1,308.8,2206,16.3,195,No Failure
1500,1501,M16360,298.0,308.7,2101,17.4,198,No Failure
1501,1502,M16361,298.0,308.7,1436,48.2,201,No Failure
1502,1503,L48682,298.0,308.7,1462,48.2,204,No Failure
1503,1504,L48683,298.0,308.7,1771,26.2,206,No Failure
1504,1505,L48684,298.0,308.7,1506,47.0,208,No Failure
1505,1506,L48685,298.0,308.7,1626,36.7,210,No Failure
1506,1507,L48686,298.0,308.8,1610,33.7,212,No Failure
1507,1508,M16367,298.0,308.6,1376,55.7,214,No Failure
1508,1509,M16368,298.0,308.6,1507,37.3,217,No Failure
1509,1510,L48689,298.0,308.5,1429,37.7,220,Tool Wear Failure
1510,1511,M16370,298.1,308.7,1547,38.9,0,No Failure
1511,1512,L48691,298.1,308.7,1642,30.3,3,No Failure
1512,1513,H30926,298.0,308.7,1503,36.3,5,No Failure
1513,1514,L48693,298.1,308.7,1568,32.9,10,No Failure
1514,1515,M16374,298.1,308.8,1628,37.6,12,No Failure
1515,1516,M16375,298.2,308.9,1614,35.5,15,No Failure
1516,1517,L48696,298.2,308.9,1278,54.0,18,No Failure
1517,1518,M16377,298.2,308.9,1408,38.8,20,No Failure
1518,1519,H30932,298.2,309.0,1371,55.7,23,No Failure
1519,1520,M16379,298.2,308.9,1512,38.5,28,No Failure
1520,1521,L48700,298.3,309.1,1472,40.1,31,No Failure
1521,1522,M16381,298.2,308.9,1585,34.3,33,No Failure
1522,1523,H30936,298.2,309.0,1562,37.7,36,No Failure
1523,1524,L48703,298.3,309.0,1519,36.9,41,No Failure
1524,1525,L48704,298.2,309.0,1601,35.8,43,No Failure
1525,1526,L48705,298.2,309.0,2449,13.8,45,No Failure
1526,1527,L48706,298.1,309.0,1787,27.6,47,No Failure
1527,1528,H30941,298.1,309.1,1425,44.5,49,No Failure
1528,1529,L48708,298.1,309.0,1559,34.0,54,No Failure
1529,1530,L48709,298.1,309.0,1557,36.0,56,No Failure
1530,1531,L48710,298.1,309.0,1497,40.5,58,No Failure
1531,1532,H30945,298.1,309.0,1438,41.4,60,No Failure
1532,1533,M16392,298.1,308.9,1417,39.2,65,No Failure
1533,1534,M16393,298.0,308.9,1339,51.4,68,No Failure
1534,1535,L48714,298.0,308.8,1757,29.1,71,No Failure
1535,1536,L48715,298.0,308.8,1581,36.1,73,No Failure
1536,1537,M16396,298.2,308.9,1326,54.4,75,No Failure
1537,1538,M16397,298.4,309.1,1467,39.6,78,No Failure
1538,1539,L48718,298.4,309.1,1798,29.6,81,No Failure
1539,1540,M16399,298.5,309.2,1449,46.4,83,No Failure
1540,1541,M16400,298.4,309.1,1525,39.3,86,No Failure
1541,1542,L48721,298.4,309.0,2304,15.1,89,No Failure
1542,1543,L48722,298.3,308.9,1379,54.7,91,No Failure
1543,1544,L48723,298.4,308.9,1628,34.9,93,No Failure
1544,1545,L48724,298.4,309.0,1474,52.7,95,No Failure
1545,1546,M16405,298.4,309.0,1544,38.8,97,No Failure
1546,1547,L48726,298.4,308.9,1391,48.4,100,No Failure
1547,1548,L48727,298.3,308.9,1348,55.5,102,No Failure
1548,1549,M16408,298.3,308.8,1349,52.1,104,No Failure
1549,1550,L48729,298.4,308.9,1706,29.5,107,No Failure
1550,1551,L48730,298.4,308.9,1638,32.4,109,No Failure
1551,1552,L48731,298.4,308.8,1458,40.1,111,No Failure
1552,1553,L48732,298.5,308.9,1781,27.8,113,No Failure
1553,1554,L48733,298.5,308.8,1332,59.1,115,No Failure
1554,1555,M16414,298.4,308.7,1584,31.7,117,No Failure
1555,1556,L48735,298.4,308.6,1491,42.0,120,No Failure
1556,1557,H30970,298.4,308.5,1398,47.1,122,No Failure
1557,1558,L48737,298.3,308.4,1585,30.6,127,No Failure
1558,1559,M16418,298.2,308.3,1476,43.5,129,No Failure
1559,1560,L48739,298.2,308.3,1458,41.8,132,No Failure
1560,1561,M16420,298.2,308.4,1510,39.9,134,No Failure
1561,1562,L48741,298.2,308.4,1388,53.8,137,No Failure
1562,1563,L48742,298.2,308.3,2216,16.8,139,No Failure
1563,1564,L48743,298.2,308.3,1402,51.0,141,No Failure
1564,1565,M16424,298.0,308.2,2090,19.0,143,No Failure
1565,1566,L48745,298.0,308.2,1459,42.1,146,No Failure
1566,1567,M16426,298.0,308.1,1403,44.8,148,No Failure
1567,1568,L48747,298.1,308.2,1521,39.3,151,No Failure
1568,1569,L48748,298.2,308.2,1407,47.1,153,No Failure
1569,1570,M16429,298.1,308.2,1654,35.3,155,No Failure
1570,1571,L48750,298.2,308.4,1452,43.5,158,No Failure
1571,1572,L48751,298.3,308.4,1528,37.3,160,No Failure
1572,1573,L48752,298.2,308.3,1230,59.6,162,No Failure
1573,1574,L48753,298.2,308.2,1466,42.4,164,No Failure
1574,1575,L48754,298.2,308.2,1478,50.1,166,No Failure
1575,1576,L48755,298.2,308.3,2057,18.0,168,No Failure
1576,1577,L48756,298.3,308.4,1490,41.7,170,No Failure
1577,1578,L48757,298.3,308.4,1484,43.4,172,No Failure
1578,1579,L48758,298.3,308.4,1593,37.0,174,No Failure
1579,1580,L48759,298.3,308.3,1444,43.8,176,No Failure
1580,1581,M16440,298.3,308.4,1444,47.5,178,No Failure
1581,1582,M16441,298.2,308.3,1560,33.0,181,No Failure
1582,1583,H30996,298.1,308.3,1530,42.0,184,No Failure
1583,1584,L48763,298.2,308.4,1310,61.0,189,Overstrain Failure
1584,1585,M16444,298.2,308.3,1639,33.3,191,No Failure
1585,1586,L48765,298.2,308.3,1400,48.7,194,No Failure
1586,1587,M16446,298.3,308.4,1486,44.2,196,No Failure
1587,1588,M16447,298.2,308.3,1448,43.3,199,No Failure
1588,1589,L48768,298.2,308.3,1688,32.0,202,No Failure
1589,1590,M16449,298.1,308.3,1453,41.5,204,No Failure
1590,1591,L48770,298.2,308.4,1497,37.7,207,No Failure
1591,1592,L48771,298.2,308.4,1355,49.4,209,No Failure
1592,1593,L48772,298.1,308.4,1592,38.2,211,No Failure
1593,1594,L48773,298.0,308.3,1544,34.7,213,No Failure
1594,1595,M16454,298.0,308.2,1373,51.2,215,No Failure
1595,1596,L48775,298.0,308.2,1365,52.9,218,Overstrain Failure
1596,1597,L48776,298.0,308.1,1877,24.3,0,No Failure
1597,1598,L48777,297.9,308.1,1531,40.8,2,No Failure
1598,1599,L48778,297.9,308.0,1501,36.7,4,No Failure
1599,1600,L48779,297.9,308.0,1490,46.2,6,No Failure
1600,1601,M16460,297.8,307.8,1543,43.7,8,No Failure
1601,1602,L48781,297.8,307.8,1597,38.2,11,No Failure
1602,1603,H31016,297.8,307.9,1600,33.5,13,No Failure
1603,1604,M16463,297.8,307.8,1622,32.1,18,No Failure
1604,1605,L48784,297.8,307.8,1452,39.8,21,No Failure
1605,1606,L48785,297.8,307.8,1396,42.5,23,No Failure
1606,1607,L48786,297.8,307.7,1505,39.7,25,No Failure
1607,1608,L48787,297.8,307.8,1412,48.3,27,No Failure
1608,1609,L48788,297.8,307.7,1393,38.0,29,No Failure
1609,1610,L48789,297.7,307.7,1581,34.9,31,No Failure
1610,1611,L48790,297.8,307.8,1573,37.9,33,No Failure
1611,1612,M16471,297.8,307.9,1726,27.3,35,No Failure
1612,1613,M16472,297.9,307.9,1540,39.8,38,No Failure
1613,1614,L48793,297.9,308.0,1296,62.9,41,No Failure
1614,1615,M16474,297.8,307.9,1802,25.8,43,No Failure
1615,1616,L48795,297.8,307.9,1447,48.6,46,No Failure
1616,1617,H31030,297.8,307.8,1662,30.7,48,No Failure
1617,1618,L48797,297.8,307.8,1563,34.3,53,No Failure
1618,1619,L48798,297.9,307.8,1286,59.5,55,No Failure
1619,1620,L48799,297.9,307.7,1590,34.6,57,No Failure
1620,1621,L48800,297.9,307.7,1492,43.7,59,No Failure
1621,1622,L48801,297.7,307.6,1844,21.9,61,No Failure
1622,1623,H31036,297.7,307.6,1538,38.3,63,No Failure
1623,1624,L48803,297.7,307.6,1921,22.9,68,No Failure
1624,1625,M16484,297.8,307.8,1310,57.9,70,No Failure
1625,1626,L48805,297.9,307.8,1365,46.9,73,No Failure
1626,1627,M16486,297.9,307.8,1303,59.3,75,No Failure
1627,1628,L48807,297.9,307.8,1499,37.5,78,No Failure
1628,1629,L48808,297.9,307.8,1451,38.2,80,No Failure
1629,1630,M16489,297.9,307.9,1336,54.4,82,No Failure
1630,1631,L48810,297.9,307.9,1412,44.5,85,No Failure
1631,1632,L48811,298.0,308.0,1433,39.2,87,No Failure
1632,1633,L48812,297.9,307.9,1426,43.6,89,No Failure
1633,1634,L48813,297.9,307.9,1476,45.2,91,No Failure
1634,1635,H31048,297.9,307.9,1406,58.5,93,No Failure
1635,1636,L48815,297.8,307.8,1383,56.5,98,No Failure
1636,1637,L48816,297.9,307.8,1505,37.3,100,No Failure
1637,1638,L48817,297.9,307.8,1665,33.9,102,No Failure
1638,1639,L48818,297.9,307.8,1397,45.0,104,No Failure
1639,1640,M16499,297.9,307.8,1450,43.5,106,No Failure
1640,1641,L48820,298.0,307.8,1567,36.4,109,No Failure
1641,1642,M16501,298.0,308.0,1555,37.0,111,No Failure
1642,1643,H31056,298.0,307.8,1588,35.4,114,No Failure
1643,1644,L48823,298.0,307.8,1453,37.7,119,No Failure
1644,1645,L48824,298.0,307.8,1622,33.3,121,No Failure
1645,1646,L48825,297.9,307.8,1538,38.5,123,No Failure
1646,1647,M16506,297.9,307.7,1527,42.8,125,No Failure
1647,1648,L48827,297.8,307.8,1761,28.9,128,No Failure
1648,1649,L48828,297.9,307.8,1373,50.2,130,No Failure
1649,1650,H31063,298.0,307.9,1482,37.8,132,No Failure
1650,1651,M16510,298.0,307.9,1417,51.0,137,No Failure
1651,1652,L48831,298.0,307.8,1414,51.7,140,No Failure
1652,1653,H31066,297.9,307.8,1635,34.0,142,No Failure
1653,1654,L48833,298.0,307.8,1386,57.3,147,No Failure
1654,1655,L48834,298.2,308.1,1379,62.3,149,No Failure
1655,1656,M16515,298.2,308.0,1577,35.9,151,No Failure
1656,1657,L48836,298.2,308.1,1532,42.5,154,No Failure
1657,1658,M16517,298.1,308.0,1374,48.8,156,No Failure
1658,1659,H31072,298.1,308.0,1570,35.3,159,No Failure
1659,1660,L48839,298.1,308.0,1697,31.0,164,No Failure
1660,1661,L48840,298.2,308.0,1499,44.1,166,No Failure
1661,1662,M16521,298.2,308.0,1411,47.2,168,No Failure
1662,1663,H31076,298.2,307.9,1462,45.5,171,No Failure
1663,1664,M16523,298.1,307.9,1759,28.6,176,No Failure
1664,1665,L48844,298.2,308.0,1535,38.0,179,No Failure
1665,1666,H31079,298.2,307.9,1491,39.7,181,No Failure
1666,1667,L48846,298.2,307.9,1551,36.0,186,No Failure
1667,1668,L48847,298.2,307.9,1769,27.2,188,No Failure
1668,1669,L48848,298.2,307.9,1551,34.1,190,No Failure
1669,1670,L48849,298.2,307.9,1544,31.4,192,No Failure
1670,1671,L48850,298.2,307.8,1528,31.1,194,No Failure
1671,1672,L48851,298.1,307.9,1614,35.8,196,No Failure
1672,1673,L48852,298.1,307.8,1432,49.8,198,No Failure
1673,1674,M16533,298.1,307.8,1384,43.7,200,No Failure
1674,1675,L48854,298.1,307.8,1540,37.8,203,No Failure
1675,1676,L48855,298.0,307.7,1407,43.9,205,No Failure
1676,1677,H31090,297.9,307.6,1418,43.0,207,No Failure
1677,1678,M16537,297.9,307.5,1647,30.8,212,No Failure
1678,1679,L48858,298.0,307.5,1644,32.8,215,No Failure
1679,1680,L48859,298.0,307.5,1792,27.9,217,No Failure
1680,1681,M16540,297.9,307.4,1610,34.6,219,No Failure
1681,1682,M16541,297.8,307.3,1804,26.0,222,No Failure
1682,1683,H31096,297.9,307.4,1604,36.1,225,Tool Wear Failure
1683,1684,M16543,297.9,307.4,1403,52.8,0,No Failure
1684,1685,L48864,297.8,307.3,1438,44.5,3,No Failure
1685,1686,L48865,297.9,307.3,1824,26.3,5,No Failure
1686,1687,H31100,297.9,307.3,1663,28.7,7,No Failure
1687,1688,L48867,297.9,307.3,1502,36.7,12,No Failure
1688,1689,L48868,297.9,307.4,1606,35.5,14,No Failure
1689,1690,L48869,297.9,307.5,1561,37.7,16,No Failure
1690,1691,M16550,297.9,307.4,1435,42.9,18,No Failure
1691,1692,L48871,297.9,307.5,1602,38.3,21,No Failure
1692,1693,M16552,298.1,307.6,1764,27.7,23,No Failure
1693,1694,H31107,298.0,307.5,1683,27.8,26,No Failure
1694,1695,L48874,298.0,307.5,1618,35.2,31,No Failure
1695,1696,L48875,298.0,307.6,1509,41.6,33,No Failure
1696,1697,L48876,297.9,307.6,1550,39.0,35,No Failure
1697,1698,M16557,297.9,307.6,1519,44.0,37,No Failure
1698,1699,L48878,297.9,307.6,1481,38.0,40,No Failure
1699,1700,L48879,298.1,307.7,1289,48.3,42,No Failure
1700,1701,M16560,298.0,307.6,1844,23.8,44,No Failure
1701,1702,L48881,298.0,307.7,1479,42.5,47,No Failure
1702,1703,L48882,298.0,307.7,1430,47.3,49,No Failure
1703,1704,M16563,298.1,307.8,1636,36.7,51,No Failure
1704,1705,M16564,298.1,307.8,1503,44.7,54,No Failure
1705,1706,M16565,298.1,307.8,1608,32.6,57,No Failure
1706,1707,L48886,298.2,307.8,1521,42.9,60,No Failure
1707,1708,L48887,298.2,307.8,1439,41.6,62,No Failure
1708,1709,L48888,298.2,307.8,1627,31.5,64,No Failure
1709,1710,L48889,298.2,307.8,1749,26.1,66,No Failure
1710,1711,L48890,298.2,307.8,1530,35.9,68,No Failure
1711,1712,L48891,298.2,307.8,1355,51.3,70,No Failure
1712,1713,L48892,298.3,307.9,1551,33.8,72,No Failure
1713,1714,L48893,298.2,307.8,1515,46.7,74,No Failure
1714,1715,L48894,298.2,307.8,1388,48.6,76,No Failure
1715,1716,L48895,298.2,307.8,1585,34.6,78,No Failure
1716,1717,L48896,298.1,307.7,1523,37.7,80,No Failure
1717,1718,L48897,298.2,307.6,1369,54.5,82,No Failure
1718,1719,M16578,298.2,307.7,1681,31.0,84,No Failure
1719,1720,L48899,298.2,307.7,1503,38.3,87,No Failure
1720,1721,L48900,298.2,307.7,1459,44.5,89,No Failure
1721,1722,L48901,298.2,307.7,1688,32.4,91,No Failure
1722,1723,M16582,298.2,307.7,1952,21.6,93,No Failure
1723,1724,L48903,298.2,307.8,2029,19.9,96,No Failure
1724,1725,M16584,298.3,307.8,1457,52.5,98,No Failure
1725,1726,M16585,298.3,307.8,1392,50.4,101,No Failure
1726,1727,L48906,298.3,307.8,1906,22.1,104,No Failure
1727,1728,M16587,298.3,307.7,1602,33.4,106,No Failure
1728,1729,L48908,298.3,307.7,1465,49.4,109,No Failure
1729,1730,M16589,298.3,307.7,1439,43.8,111,No Failure
1730,1731,M16590,298.3,307.8,1330,55.4,114,No Failure
1731,1732,M16591,298.3,307.9,1485,42.0,117,No Failure
1732,1733,H31146,298.4,307.9,1700,28.2,120,No Failure
1733,1734,L48913,298.4,308.0,1515,42.8,125,No Failure
1734,1735,M16594,298.5,308.1,1501,39.2,127,No Failure
1735,1736,L48915,298.4,308.0,1380,47.6,130,No Failure
1736,1737,L48916,298.4,307.9,1544,35.9,132,No Failure
1737,1738,L48917,298.4,307.9,1743,27.3,134,No Failure
1738,1739,H31152,298.4,307.9,1948,21.4,136,No Failure
1739,1740,H31153,298.5,307.9,1260,54.2,141,No Failure
1740,1741,M16600,298.5,307.9,1640,33.1,146,No Failure
1741,1742,M16601,298.5,308.0,1363,49.2,149,No Failure
1742,1743,L48922,298.5,308.0,1379,49.6,152,No Failure
1743,1744,M16603,298.5,308.0,1713,25.8,154,No Failure
1744,1745,M16604,298.5,308.0,1461,51.9,157,No Failure
1745,1746,L48925,298.5,308.0,1624,29.8,160,No Failure
1746,1747,L48926,298.4,308.0,1526,41.1,162,No Failure
1747,1748,L48927,298.4,307.9,2381,14.2,164,No Failure
1748,1749,H31162,298.4,307.7,1626,31.1,166,Random Failures
1749,1750,L48929,298.3,307.7,1576,33.8,171,No Failure
1750,1751,M16610,298.4,307.8,1617,31.6,173,No Failure
1751,1752,L48931,298.3,307.6,1942,20.6,176,No Failure
1752,1753,L48932,298.2,307.6,1492,37.2,178,No Failure
1753,1754,L48933,298.2,307.5,1470,51.3,180,No Failure
1754,1755,M16614,298.0,307.4,1463,46.5,182,No Failure
1755,1756,L48935,298.0,307.3,1424,46.5,185,No Failure
1756,1757,M16616,298.1,307.4,1363,60.1,187,No Failure
1757,1758,M16617,298.1,307.4,1335,56.2,190,No Failure
1758,1759,L48938,298.1,307.4,1608,33.9,193,No Failure
1759,1760,H31173,298.0,307.4,1606,35.2,195,No Failure
1760,1761,L48940,298.1,307.5,1684,33.1,200,No Failure
1761,1762,L48941,298.1,307.6,1950,20.3,202,No Failure
1762,1763,H31176,298.2,307.6,1460,48.6,204,No Failure
1763,1764,L48943,298.2,307.6,1511,31.0,209,Tool Wear Failure
1764,1765,H31178,298.2,307.6,1318,55.7,0,No Failure
1765,1766,L48945,298.2,307.6,1368,51.8,5,No Failure
1766,1767,M16626,298.3,307.7,1717,27.1,7,No Failure
1767,1768,M16627,298.3,307.7,1520,41.4,10,No Failure
1768,1769,M16628,298.3,307.8,1485,42.0,13,No Failure
1769,1770,L48949,298.4,307.9,1981,23.2,16,No Failure
1770,1771,H31184,298.4,307.9,1605,31.0,18,No Failure
1771,1772,L48951,298.4,307.9,1446,45.3,23,No Failure
1772,1773,L48952,298.4,308.0,1508,47.9,25,No Failure
1773,1774,L48953,298.5,308.0,1384,59.5,27,No Failure
1774,1775,M16634,298.5,308.0,1519,37.3,29,No Failure
1775,1776,L48955,298.5,308.0,1404,48.1,32,No Failure
1776,1777,L48956,298.5,308.1,1564,31.1,34,No Failure
1777,1778,H31191,298.6,308.2,1555,36.8,36,No Failure
1778,1779,L48958,298.6,308.2,1325,54.0,41,No Failure
1779,1780,M16639,298.6,308.2,1488,44.0,43,No Failure
1780,1781,L48960,298.5,308.2,1595,32.3,46,No Failure
1781,1782,L48961,298.5,308.1,1662,28.6,48,No Failure
1782,1783,L48962,298.4,308.0,1571,37.4,50,No Failure
1783,1784,H31197,298.3,308.0,1553,41.0,52,No Failure
1784,1785,L48964,298.3,308.0,2886,3.8,57,Power Failure
1785,1786,L48965,298.2,308.0,1538,38.2,59,No Failure
1786,1787,L48966,298.4,308.2,1618,33.0,61,No Failure
1787,1788,L48967,298.4,308.2,1364,45.9,63,No Failure
1788,1789,L48968,298.3,308.0,1442,47.3,65,No Failure
1789,1790,L48969,298.2,307.9,1313,67.3,67,Power Failure
1790,1791,L48970,298.2,307.9,1847,23.6,69,No Failure
1791,1792,L48971,298.1,307.8,1524,40.8,71,No Failure
1792,1793,M16652,298.1,307.7,1445,48.0,73,No Failure
1793,1794,L48973,298.1,307.8,1761,28.2,76,No Failure
1794,1795,M16654,298.1,307.8,1514,43.5,78,No Failure
1795,1796,M16655,298.1,307.7,1498,38.3,81,No Failure
1796,1797,H31210,298.1,307.6,1542,37.1,84,No Failure
1797,1798,M16657,298.0,307.6,1508,41.8,89,No Failure
1798,1799,M16658,298.0,307.5,1431,52.9,92,No Failure
1799,1800,M16659,298.0,307.5,1427,45.1,95,No Failure
1800,1801,M16660,298.0,307.5,1524,36.3,98,No Failure
1801,1802,M16661,298.0,307.5,1427,43.6,101,No Failure
1802,1803,H31216,298.1,307.6,1496,44.1,104,No Failure
1803,1804,L48983,298.1,307.7,1388,40.3,109,No Failure
1804,1805,L48984,298.1,307.7,1495,48.1,111,No Failure
1805,1806,H31219,298.1,307.7,1376,56.2,113,No Failure
1806,1807,H31220,298.0,307.6,1593,32.2,118,No Failure
1807,1808,L48987,298.0,307.6,1654,28.9,123,No Failure
1808,1809,L48988,298.1,307.7,2567,12.8,125,Power Failure
1809,1810,L48989,298.1,307.7,1767,27.0,127,No Failure
1810,1811,L48990,298.1,307.6,1364,53.8,129,No Failure
1811,1812,M16671,298.1,307.8,1569,31.2,131,No Failure
1812,1813,L48992,298.2,307.8,1476,36.8,134,No Failure
1813,1814,L48993,298.1,307.7,1479,45.0,136,No Failure
1814,1815,L48994,298.1,307.7,1650,34.1,138,No Failure
1815,1816,M16675,298.1,307.6,1565,36.3,140,No Failure
1816,1817,L48996,298.1,307.6,1460,46.5,143,No Failure
1817,1818,L48997,298.1,307.7,1664,27.6,145,No Failure
1818,1819,M16678,298.1,307.7,1435,40.9,147,No Failure
1819,1820,M16679,298.1,307.6,2066,19.2,150,No Failure
1820,1821,L49000,298.1,307.5,1493,43.7,153,No Failure
1821,1822,L49001,298.1,307.6,1354,43.3,155,No Failure
1822,1823,L49002,298.1,307.6,1488,39.4,157,No Failure
1823,1824,L49003,298.1,307.7,1414,48.7,159,No Failure
1824,1825,L49004,298.1,307.5,1391,57.4,161,No Failure
1825,1826,M16685,298.0,307.5,1784,27.8,163,No Failure
1826,1827,H31240,297.8,307.3,1516,40.1,166,No Failure
1827,1828,M16687,297.9,307.3,1420,47.8,171,No Failure
1828,1829,L49008,297.8,307.2,1351,56.3,174,No Failure
1829,1830,L49009,297.8,307.2,1880,23.0,176,No Failure
1830,1831,L49010,297.8,307.3,1859,24.0,178,No Failure
1831,1832,M16691,297.8,307.3,1315,54.0,180,No Failure
1832,1833,M16692,297.8,307.4,1330,51.7,183,No Failure
1833,1834,L49013,297.8,307.3,1327,61.0,186,Overstrain Failure
1834,1835,L49014,297.8,307.2,1498,38.1,188,No Failure
1835,1836,H31249,297.8,307.3,1555,35.8,190,No Failure
1836,1837,L49016,297.7,307.2,1518,35.8,195,No Failure
1837,1838,L49017,297.7,307.2,1392,43.0,197,No Failure
1838,1839,M16698,297.8,307.2,1456,39.6,199,No Failure
1839,1840,L49019,297.7,307.1,1715,30.2,0,No Failure
1840,1841,M16700,297.7,307.2,1405,43.7,2,No Failure
1841,1842,L49021,297.7,307.2,1668,37.8,5,No Failure
1842,1843,H31256,297.7,307.1,1855,22.5,7,No Failure
1843,1844,L49023,297.6,307.1,1496,39.2,12,No Failure
1844,1845,M16704,297.6,307.1,1471,44.9,14,No Failure
1845,1846,L49025,297.7,307.2,1444,40.0,17,No Failure
1846,1847,H31260,297.7,307.3,1514,38.6,19,No Failure
1847,1848,L49027,297.8,307.3,1412,50.7,24,No Failure
1848,1849,H31262,297.7,307.2,1429,44.1,26,No Failure
1849,1850,L49029,297.7,307.2,1668,32.7,31,No Failure
1850,1851,M16710,297.7,307.2,1372,52.8,33,No Failure
1851,1852,M16711,297.7,307.3,1365,49.2,36,No Failure
1852,1853,M16712,297.6,307.1,1526,39.1,39,No Failure
1853,1854,L49033,297.6,307.2,1486,40.6,42,No Failure
1854,1855,M16714,297.6,307.2,1470,42.6,44,No Failure
1855,1856,H31269,297.7,307.3,1249,62.8,47,No Failure
1856,1857,M16716,297.8,307.4,1752,26.1,52,No Failure
1857,1858,L49037,297.7,307.4,1643,36.5,55,No Failure
1858,1859,M16718,297.8,307.4,1488,36.1,57,No Failure
1859,1860,L49039,297.8,307.4,1355,45.8,60,No Failure
1860,1861,L49040,297.8,307.6,1607,30.3,62,No Failure
1861,1862,M16721,297.9,307.6,1609,30.3,64,No Failure
1862,1863,L49042,297.9,307.7,1517,44.4,67,No Failure
1863,1864,M16723,297.9,307.7,1517,39.5,69,No Failure
1864,1865,L49044,297.9,307.7,1546,37.6,72,No Failure
1865,1866,L49045,297.9,307.7,1567,34.7,74,No Failure
1866,1867,M16726,298.1,307.9,1662,28.9,76,No Failure
1867,1868,L49047,298.1,307.9,1502,41.8,79,No Failure
1868,1869,L49048,298.3,308.0,1361,56.9,81,No Failure
1869,1870,M16729,298.3,308.1,1630,32.7,83,No Failure
1870,1871,L49050,298.3,308.0,1486,42.3,86,No Failure
1871,1872,L49051,298.3,308.1,1840,21.5,88,No Failure
1872,1873,L49052,298.3,308.1,1326,58.4,90,No Failure
1873,1874,L49053,298.4,308.1,1367,57.8,92,No Failure
1874,1875,L49054,298.4,308.1,1598,32.7,94,No Failure
1875,1876,L49055,298.3,308.0,1363,50.1,96,No Failure
1876,1877,L49056,298.3,308.0,1242,62.0,98,No Failure
1877,1878,M16737,298.2,307.8,1566,33.8,100,No Failure
1878,1879,M16738,298.1,307.7,1424,47.7,103,No Failure
1879,1880,M16739,298.2,307.7,1608,33.8,106,No Failure
1880,1881,L49060,298.1,307.7,1705,29.1,109,No Failure
1881,1882,L49061,298.0,307.6,1548,45.8,111,No Failure
1882,1883,M16742,298.0,307.6,1581,43.4,113,No Failure
1883,1884,M16743,298.0,307.6,1472,46.7,116,No Failure
1884,1885,M16744,298.0,307.6,1792,26.0,119,No Failure
1885,1886,L49065,298.0,307.6,1683,32.8,122,No Failure
1886,1887,L49066,297.9,307.6,1503,40.7,124,No Failure
1887,1888,M16747,297.9,307.5,1642,32.4,126,No Failure
1888,1889,M16748,297.8,307.4,1902,24.3,129,No Failure
1889,1890,H31303,297.7,307.4,1432,40.2,132,No Failure
1890,1891,L49070,297.8,307.4,1512,40.8,137,No Failure
1891,1892,L49071,297.7,307.4,1764,29.0,139,No Failure
1892,1893,M16752,297.8,307.4,1438,43.6,141,No Failure
1893,1894,L49073,297.8,307.5,1631,29.9,144,No Failure
1894,1895,H31308,297.9,307.5,1880,23.3,146,No Failure
1895,1896,L49075,297.9,307.6,1344,54.3,151,No Failure
1896,1897,L49076,297.9,307.5,1574,35.8,153,No Failure
1897,1898,L49077,297.8,307.4,1418,41.2,155,No Failure
1898,1899,L49078,297.8,307.5,1372,54.1,157,No Failure
1899,1900,L49079,297.8,307.5,1388,40.0,159,No Failure
1900,1901,H31314,297.9,307.6,1493,36.0,161,No Failure
1901,1902,M16761,297.9,307.6,1505,40.1,166,No Failure
1902,1903,L49082,298.0,307.6,1694,29.1,169,No Failure
1903,1904,L49083,297.9,307.6,1968,20.4,171,No Failure
1904,1905,M16764,298.0,307.6,1569,35.6,173,No Failure
1905,1906,L49085,297.9,307.6,1687,29.1,176,No Failure
1906,1907,L49086,297.9,307.6,1430,52.4,178,No Failure
1907,1908,L49087,297.9,307.6,1504,42.4,180,No Failure
1908,1909,L49088,297.9,307.6,1977,20.2,182,No Failure
1909,1910,L49089,298.0,307.7,1435,45.6,184,No Failure
1910,1911,H31324,298.0,307.7,1547,36.8,186,No Failure
1911,1912,M16771,298.1,307.8,1316,57.2,191,No Failure
1912,1913,M16772,298.0,307.7,1621,34.9,194,No Failure
1913,1914,M16773,298.0,307.8,1492,40.2,197,No Failure
1914,1915,L49094,298.0,307.7,1643,32.3,200,No Failure
1915,1916,L49095,298.0,307.7,1492,38.7,202,No Failure
1916,1917,L49096,298.0,307.7,1387,50.8,204,No Failure
1917,1918,M16777,298.1,307.9,1463,47.3,206,No Failure
1918,1919,M16778,298.1,307.9,1496,40.0,0,No Failure
1919,1920,L49099,298.2,308.0,1658,30.0,3,No Failure
1920,1921,L49100,298.1,307.9,2161,17.5,5,No Failure
1921,1922,L49101,298.1,307.9,1665,32.0,7,No Failure
1922,1923,L49102,298.0,307.8,1716,26.6,9,No Failure
1923,1924,L49103,298.0,307.7,1529,34.1,11,No Failure
1924,1925,L49104,297.9,307.7,1353,50.7,13,No Failure
1925,1926,L49105,297.9,307.7,1537,37.7,15,No Failure
1926,1927,L49106,298.0,307.7,1606,30.8,17,No Failure
1927,1928,H31341,298.0,307.8,1314,47.8,19,No Failure
1928,1929,L49108,298.0,307.8,1623,29.9,24,No Failure
1929,1930,M16789,298.0,307.8,1483,50.9,26,No Failure
1930,1931,M16790,298.1,307.9,1569,37.0,29,No Failure
1931,1932,M16791,298.2,308.0,1969,21.7,32,No Failure
1932,1933,M16792,298.1,308.0,1686,29.3,35,No Failure
1933,1934,L49113,298.1,308.0,1638,35.1,38,No Failure
1934,1935,L49114,298.1,307.9,1698,33.3,40,No Failure
1935,1936,M16795,298.1,307.9,1377,55.1,42,No Failure
1936,1937,M16796,298.1,308.0,2129,18.4,45,No Failure
1937,1938,L49117,298.2,308.0,1411,42.4,48,No Failure
1938,1939,L49118,298.1,307.9,1517,40.8,50,No Failure
1939,1940,M16799,298.1,307.9,1303,53.9,52,No Failure
1940,1941,L49120,298.1,307.9,1578,35.6,55,No Failure
1941,1942,L49121,298.1,307.9,1425,58.2,57,No Failure
1942,1943,L49122,298.1,308.0,1456,42.4,59,No Failure
1943,1944,L49123,298.1,308.0,1704,30.9,61,No Failure
1944,1945,L49124,298.1,308.1,1791,27.3,63,No Failure
1945,1946,L49125,298.1,308.1,1616,32.8,65,No Failure
1946,1947,L49126,298.2,308.1,1622,34.9,67,No Failure
1947,1948,L49127,298.2,308.1,1462,49.9,69,No Failure
1948,1949,L49128,298.1,308.1,1410,45.8,71,No Failure
1949,1950,M16809,298.1,308.0,1543,41.9,73,No Failure
1950,1951,M16810,298.0,307.9,1479,47.6,76,No Failure
1951,1952,L49131,298.0,307.8,1839,22.7,79,No Failure
1952,1953,L49132,298.0,307.8,1266,60.5,81,No Failure
1953,1954,L49133,297.9,307.7,1593,34.9,83,No Failure
1954,1955,L49134,297.9,307.8,1459,46.9,85,No Failure
1955,1956,L49135,297.9,307.7,1308,55.2,87,No Failure
1956,1957,M16816,297.9,307.7,1364,46.8,89,No Failure
1957,1958,H31371,297.9,307.7,1618,35.9,92,No Failure
1958,1959,H31372,297.9,307.7,1464,43.2,97,No Failure
1959,1960,M16819,297.8,307.6,1352,49.4,102,No Failure
1960,1961,L49140,297.8,307.6,1446,51.4,105,No Failure
1961,1962,L49141,297.8,307.5,1448,51.2,107,No Failure
1962,1963,L49142,297.8,307.5,1391,48.6,109,No Failure
1963,1964,L49143,297.7,307.5,1379,43.3,111,No Failure
1964,1965,M16824,297.8,307.5,1405,46.9,113,No Failure
1965,1966,L49145,297.8,307.5,1581,33.1,116,No Failure
1966,1967,L49146,297.9,307.6,1515,40.5,118,No Failure
1967,1968,L49147,297.9,307.6,1589,37.8,120,No Failure
1968,1969,L49148,298.0,307.6,1281,50.8,122,No Failure
1969,1970,H31383,297.8,307.5,1631,31.3,124,No Failure
1970,1971,M16830,297.9,307.6,1202,67.0,129,No Failure
1971,1972,L49151,297.9,307.6,1298,52.7,132,No Failure
1972,1973,L49152,297.9,307.6,1612,30.7,134,No Failure
1973,1974,L49153,297.9,307.6,1747,25.3,136,No Failure
1974,1975,L49154,298.0,307.6,1450,48.7,138,No Failure
1975,1976,L49155,298.0,307.7,1422,45.6,140,No Failure
1976,1977,M16836,298.1,307.7,1419,47.4,142,No Failure
1977,1978,M16837,298.1,307.7,1633,30.7,145,No Failure
1978,1979,L49158,298.0,307.7,1442,43.6,148,No Failure
1979,1980,H31393,298.0,307.6,1420,45.8,150,No Failure
1980,1981,M16840,298.0,307.6,1301,58.5,155,No Failure
1981,1982,L49161,298.0,307.6,1385,45.0,158,No Failure
1982,1983,M16842,298.0,307.7,1487,41.3,160,No Failure
1983,1984,M16843,298.0,307.6,1459,44.4,163,No Failure
1984,1985,M16844,298.0,307.5,1387,45.5,166,No Failure
1985,1986,L49165,298.1,307.7,1537,40.8,169,No Failure
1986,1987,L49166,298.1,307.6,1498,42.9,171,No Failure
1987,1988,M16847,298.2,307.8,1599,31.2,173,No Failure
1988,1989,H31402,298.3,307.9,1420,39.2,176,No Failure
1989,1990,L49169,298.2,307.9,1785,23.4,181,No Failure
1990,1991,L49170,298.2,307.8,1423,48.1,183,No Failure
1991,1992,M16851,298.2,307.8,1583,36.6,185,No Failure
1992,1993,L49172,298.2,307.8,1375,46.6,188,No Failure
1993,1994,M16853,298.3,308.0,1463,42.5,190,No Failure
1994,1995,M16854,298.2,307.9,1403,45.1,193,No Failure
1995,1996,L49175,298.3,308.0,1451,47.1,196,No Failure
1996,1997,M16856,298.4,308.0,1416,38.2,198,Tool Wear Failure
1997,1998,L49177,298.3,308.1,1672,41.3,0,No Failure
1998,1999,H31412,298.3,308.0,1637,30.8,2,No Failure
1999,2000,L49179,298.4,308.0,1540,37.8,7,No Failure
2000,2001,L49180,298.4,308.1,1279,53.1,9,No Failure
2001,2002,L49181,298.4,308.2,1604,34.9,11,No Failure
2002,2003,L49182,298.5,308.2,1654,27.1,13,No Failure
2003,2004,M16863,298.5,308.2,1564,37.5,15,No Failure
2004,2005,L49184,298.5,308.2,1451,47.5,18,No Failure
2005,2006,L49185,298.5,308.3,1504,38.0,20,No Failure
2006,2007,M16866,298.5,308.3,1381,50.5,22,No Failure
2007,2008,L49187,298.6,308.4,1562,34.4,25,No Failure
2008,2009,L49188,298.5,308.3,1811,24.7,27,No Failure
2009,2010,M16869,298.6,308.3,1717,28.7,29,No Failure
2010,2011,L49190,298.6,308.3,1278,60.5,32,No Failure
2011,2012,L49191,298.7,308.5,1616,30.2,34,No Failure
2012,2013,L49192,298.6,308.4,1397,46.4,36,No Failure
2013,2014,L49193,298.6,308.4,1485,42.9,38,No Failure
2014,2015,L49194,298.6,308.4,1310,59.7,40,No Failure
2015,2016,L49195,298.5,308.2,1301,66.3,42,Power Failure
2016,2017,L49196,298.5,308.3,1458,44.0,44,No Failure
2017,2018,L49197,298.7,308.5,1483,42.5,46,No Failure
2018,2019,L49198,298.7,308.5,1375,46.4,48,No Failure
2019,2020,M16879,298.7,308.5,1660,27.0,50,No Failure
2020,2021,H31434,298.7,308.4,1560,33.3,53,No Failure
2021,2022,L49201,298.7,308.5,1480,42.2,58,No Failure
2022,2023,L49202,298.7,308.4,1373,46.9,60,No Failure
2023,2024,L49203,298.7,308.5,1444,54.2,62,No Failure
2024,2025,M16884,298.7,308.6,1722,24.7,64,No Failure
2025,2026,L49205,298.7,308.5,1469,39.9,67,No Failure
2026,2027,M16886,298.7,308.5,1360,52.9,69,No Failure
2027,2028,L49207,298.7,308.4,1750,25.8,72,No Failure
2028,2029,M16888,298.7,308.3,1349,46.6,74,No Failure
2029,2030,L49209,298.7,308.5,1668,35.2,77,No Failure
2030,2031,L49210,298.9,308.6,1400,49.5,79,No Failure
2031,2032,L49211,298.8,308.6,1331,62.8,81,No Failure
2032,2033,L49212,298.8,308.5,1444,42.2,83,No Failure
2033,2034,H31447,298.8,308.5,1359,47.6,85,No Failure
2034,2035,M16894,298.8,308.5,1425,47.4,90,No Failure
2035,2036,M16895,298.9,308.6,1469,34.2,93,No Failure
2036,2037,L49216,299.0,308.7,1892,22.8,96,No Failure
2037,2038,H31451,299.0,308.7,1940,19.9,98,No Failure
2038,2039,L49218,299.0,308.8,1405,55.2,103,No Failure
2039,2040,M16899,299.0,308.9,1449,39.6,105,No Failure
2040,2041,L49220,299.1,308.9,1686,29.6,108,No Failure
2041,2042,L49221,299.1,308.9,1680,27.2,110,No Failure
2042,2043,M16902,299.1,308.9,1397,52.4,112,No Failure
2043,2044,M16903,299.2,309.0,1597,30.3,115,No Failure
2044,2045,L49224,299.3,309.1,1470,41.1,118,No Failure
2045,2046,M16905,299.3,309.1,1703,31.3,120,No Failure
2046,2047,L49226,299.3,309.1,1388,45.5,123,No Failure
2047,2048,L49227,299.3,309.2,1775,24.2,125,No Failure
2048,2049,L49228,299.3,309.2,1465,41.5,127,No Failure
2049,2050,M16909,299.3,309.2,1586,37.9,129,No Failure
2050,2051,M16910,299.5,309.3,1675,29.2,132,No Failure
2051,2052,M16911,299.4,309.2,1470,44.4,135,No Failure
2052,2053,L49232,299.5,309.3,1477,40.4,138,No Failure
2053,2054,L49233,299.5,309.3,1382,61.0,140,No Failure
2054,2055,M16914,299.6,309.4,1605,29.8,142,No Failure
2055,2056,L49235,299.6,309.4,1643,32.9,145,No Failure
2056,2057,L49236,299.5,309.3,1333,54.1,147,No Failure
2057,2058,L49237,299.5,309.3,1520,42.3,149,No Failure
2058,2059,M16918,299.5,309.3,1902,24.0,151,No Failure
2059,2060,H31473,299.5,309.4,1386,44.4,154,No Failure
2060,2061,L49240,299.6,309.5,1803,27.7,159,No Failure
2061,2062,L49241,299.7,309.6,1359,50.7,161,No Failure
2062,2063,M16922,299.7,309.6,1477,42.7,163,No Failure
2063,2064,L49243,299.7,309.6,1321,53.4,166,No Failure
2064,2065,L49244,299.6,309.5,1453,41.4,168,No Failure
2065,2066,L49245,299.7,309.6,1419,45.1,170,No Failure
2066,2067,L49246,299.7,309.6,1512,36.2,172,No Failure
2067,2068,L49247,299.7,309.6,1553,36.8,174,No Failure
2068,2069,M16928,299.7,309.6,1534,39.1,176,No Failure
2069,2070,H31483,299.7,309.6,1553,41.0,179,No Failure
2070,2071,L49250,299.7,309.5,1352,49.7,184,No Failure
2071,2072,M16931,299.7,309.6,1313,60.0,186,No Failure
2072,2073,L49252,299.6,309.5,1570,35.5,189,Random Failures
2073,2074,L49253,299.6,309.4,1677,31.1,191,No Failure
2074,2075,L49254,299.5,309.4,1602,31.5,193,No Failure
2075,2076,L49255,299.5,309.4,1390,58.8,195,Overstrain Failure
2076,2077,L49256,299.4,309.3,1544,36.0,197,No Failure
2077,2078,L49257,299.4,309.4,1701,31.2,199,No Failure
2078,2079,M16938,299.4,309.3,1692,28.4,201,No Failure
2079,2080,M16939,299.3,309.3,1523,37.9,204,No Failure
2080,2081,L49260,299.3,309.2,2280,15.4,207,No Failure
2081,2082,M16941,299.4,309.3,1485,47.1,209,No Failure
2082,2083,H31496,299.4,309.2,1513,36.1,212,No Failure
2083,2084,H31497,299.4,309.3,1743,28.2,0,No Failure
2084,2085,L49264,299.5,309.3,1442,46.2,5,No Failure
2085,2086,L49265,299.5,309.3,1462,46.7,7,No Failure
2086,2087,H31500,299.4,309.3,1439,49.7,9,No Failure
2087,2088,L49267,299.5,309.3,1577,36.6,14,No Failure
2088,2089,L49268,299.6,309.4,1331,46.4,16,No Failure
2089,2090,L49269,299.5,309.3,1941,22.5,18,No Failure
2090,2091,L49270,299.5,309.2,1393,47.3,20,No Failure
2091,2092,L49271,299.4,309.2,1433,42.1,22,No Failure
2092,2093,L49272,299.4,309.2,1444,48.2,24,No Failure
2093,2094,L49273,299.4,309.2,1564,39.0,26,No Failure
2094,2095,L49274,299.4,309.3,1377,43.6,28,No Failure
2095,2096,L49275,299.4,309.3,1525,41.5,30,No Failure
2096,2097,M16956,299.5,309.4,1387,56.2,32,No Failure
2097,2098,M16957,299.4,309.4,1326,47.5,35,No Failure
2098,2099,L49278,299.4,309.3,1401,59.0,38,No Failure
2099,2100,L49279,299.4,309.3,1596,31.8,40,No Failure
2100,2101,M16960,299.3,309.3,1471,46.0,42,No Failure
2101,2102,L49281,299.3,309.3,1528,37.8,45,No Failure
2102,2103,L49282,299.3,309.3,1325,62.0,47,No Failure
2103,2104,M16963,299.3,309.1,1376,46.7,49,No Failure
2104,2105,M16964,299.3,309.1,1600,35.3,52,No Failure
2105,2106,L49285,299.3,309.1,1495,44.0,55,No Failure
2106,2107,L49286,299.4,309.1,1645,28.6,57,No Failure
2107,2108,M16967,299.4,309.1,1417,47.3,59,No Failure
2108,2109,H31522,299.4,309.0,1415,51.7,62,No Failure
2109,2110,M16969,299.3,309.0,1496,43.4,67,No Failure
2110,2111,H31524,299.3,309.0,1508,35.0,70,No Failure
2111,2112,L49291,299.4,309.0,1436,47.9,75,No Failure
2112,2113,L49292,299.5,309.1,1852,22.6,77,No Failure
2113,2114,L49293,299.5,309.1,1863,22.5,79,No Failure
2114,2115,H31528,299.4,309.1,1373,44.1,81,No Failure
2115,2116,L49295,299.4,309.0,1404,47.3,86,No Failure
2116,2117,M16976,299.4,309.0,1381,44.9,88,No Failure
2117,2118,H31531,299.4,308.9,1762,29.3,91,No Failure
2118,2119,H31532,299.3,308.9,1429,43.0,96,No Failure
2119,2120,M16979,299.3,308.9,1858,24.7,101,No Failure
2120,2121,H31534,299.2,308.8,1908,21.3,104,No Failure
2121,2122,M16981,299.2,308.8,1503,37.4,109,No Failure
2122,2123,M16982,299.2,308.8,1523,38.9,112,No Failure
2123,2124,L49303,299.3,309.0,1491,38.4,115,No Failure
2124,2125,L49304,299.2,308.9,1430,39.1,117,No Failure
2125,2126,L49305,299.3,308.9,1258,69.4,119,Power Failure
2126,2127,L49306,299.3,309.0,1449,46.5,121,No Failure
2127,2128,H31541,299.3,309.0,1425,40.6,123,No Failure
2128,2129,L49308,299.4,309.0,1800,24.3,128,No Failure
2129,2130,H31543,299.4,309.0,1607,33.7,130,No Failure
2130,2131,L49310,299.4,309.0,1391,58.2,135,No Failure
2131,2132,L49311,299.4,309.1,1432,45.4,137,No Failure
2132,2133,L49312,299.4,309.0,1660,28.4,139,No Failure
2133,2134,H31547,299.3,309.0,1732,29.7,141,No Failure
2134,2135,L49314,299.3,309.0,1473,46.3,146,No Failure
2135,2136,L49315,299.3,309.0,1511,47.8,148,No Failure
2136,2137,L49316,299.2,308.9,1588,41.5,150,No Failure
2137,2138,L49317,299.3,308.9,1623,31.1,152,No Failure
2138,2139,L49318,299.3,309.0,1734,30.6,154,No Failure
2139,2140,L49319,299.3,309.0,1415,47.6,156,No Failure
2140,2141,L49320,299.3,309.0,1419,46.6,158,No Failure
2141,2142,M17001,299.3,308.9,1577,34.9,160,No Failure
2142,2143,L49322,299.3,308.9,1376,60.3,163,No Failure
2143,2144,M17003,299.3,308.8,1442,49.0,165,No Failure
2144,2145,L49324,299.4,308.9,1451,40.5,168,No Failure
2145,2146,L49325,299.3,308.8,1550,45.8,170,No Failure
2146,2147,L49326,299.3,308.8,1647,32.9,172,No Failure
2147,2148,L49327,299.4,308.9,1550,33.7,174,No Failure
2148,2149,L49328,299.4,308.9,1583,34.1,176,No Failure
2149,2150,L49329,299.4,309.0,1613,32.2,178,No Failure
2150,2151,H31564,299.3,308.8,1636,35.5,180,No Failure
2151,2152,M17011,299.3,308.7,1289,51.5,185,No Failure
2152,2153,M17012,299.3,308.8,1648,28.4,188,No Failure
2153,2154,H31567,299.3,308.8,1397,45.4,191,No Failure
2154,2155,M17014,299.3,308.9,1767,24.8,196,No Failure
2155,2156,L49335,299.3,308.8,1341,47.7,199,No Failure
2156,2157,M17016,299.4,308.9,1457,41.5,201,No Failure
2157,2158,M17017,299.4,309.0,1939,19.8,204,No Failure
2158,2159,M17018,299.5,309.0,1399,49.7,207,No Failure
2159,2160,M17019,299.5,309.0,1602,31.3,210,No Failure
2160,2161,L49340,299.4,309.0,1507,41.0,213,No Failure
2161,2162,L49341,299.4,309.1,1464,40.5,215,No Failure
2162,2163,L49342,299.5,309.1,1336,42.1,217,No Failure
2163,2164,L49343,299.6,309.2,1422,39.8,219,No Failure
2164,2165,L49344,299.6,309.2,1540,36.7,221,No Failure
2165,2166,L49345,299.5,309.1,1476,47.8,223,No Failure
2166,2167,M17026,299.6,309.2,1867,23.4,225,Tool Wear Failure
2167,2168,H31581,299.6,309.1,1588,41.3,0,No Failure
2168,2169,M17028,299.5,309.1,1420,49.5,5,No Failure
2169,2170,L49349,299.5,309.1,1415,49.2,8,No Failure
2170,2171,M17030,299.4,309.1,1500,43.3,10,No Failure
2171,2172,L49351,299.5,309.1,1502,44.6,13,No Failure
2172,2173,L49352,299.5,309.2,1816,23.0,15,No Failure
2173,2174,M17033,299.5,309.2,1495,41.6,17,No Failure
2174,2175,L49354,299.6,309.2,1572,33.4,20,No Failure
2175,2176,M17035,299.5,309.2,1590,35.9,22,No Failure
2176,2177,M17036,299.6,309.3,1387,48.3,25,No Failure
2177,2178,M17037,299.6,309.2,1393,47.7,28,No Failure
2178,2179,L49358,299.6,309.2,1602,37.3,31,No Failure
2179,2180,L49359,299.6,309.2,1601,33.3,33,No Failure
2180,2181,H31594,299.6,309.2,1597,36.3,35,No Failure
2181,2182,H31595,299.5,309.1,1548,44.3,40,No Failure
2182,2183,M17042,299.5,309.2,1314,61.8,45,No Failure
2183,2184,M17043,299.6,309.3,1577,39.8,48,No Failure
2184,2185,L49364,299.8,309.4,1475,43.4,51,No Failure
2185,2186,L49365,299.8,309.4,1630,32.4,53,No Failure
2186,2187,L49366,299.7,309.4,1445,42.9,55,No Failure
2187,2188,M17047,299.8,309.4,1439,47.4,57,No Failure
2188,2189,L49368,299.7,309.3,1420,44.1,60,No Failure
2189,2190,H31603,299.7,309.2,1554,41.6,62,No Failure
2190,2191,M17050,299.6,309.1,1471,44.3,67,No Failure
2191,2192,L49371,299.6,309.0,1648,33.6,70,No Failure
2192,2193,L49372,299.6,309.0,1472,48.8,72,No Failure
2193,2194,M17053,299.5,308.9,1448,42.9,74,No Failure
2194,2195,M17054,299.6,308.9,1568,35.3,77,No Failure
2195,2196,L49375,299.6,308.9,1613,30.8,80,No Failure
2196,2197,M17056,299.7,308.9,1551,35.4,82,No Failure
2197,2198,L49377,299.7,309.0,1412,49.2,85,No Failure
2198,2199,M17058,299.7,308.9,1478,41.0,87,No Failure
2199,2200,M17059,299.8,309.1,1268,58.0,90,No Failure
2200,2201,L49380,299.8,309.1,1546,35.6,93,No Failure
2201,2202,L49381,299.8,309.0,1567,36.1,95,No Failure
2202,2203,M17062,299.9,309.2,1548,35.7,97,No Failure
2203,2204,L49383,299.8,309.0,1614,30.8,100,No Failure
2204,2205,M17064,299.7,309.1,1352,46.1,102,No Failure
2205,2206,L49385,299.9,309.2,1624,34.6,105,No Failure
2206,2207,L49386,299.9,309.2,1436,52.0,107,No Failure
2207,2208,L49387,299.8,309.2,1591,37.5,109,No Failure
2208,2209,H31622,299.8,309.2,1435,42.6,111,No Failure
2209,2210,L49389,299.8,309.3,1386,49.4,116,No Failure
2210,2211,L49390,299.7,309.2,1401,54.1,118,No Failure
2211,2212,M17071,299.6,309.0,1245,64.0,120,No Failure
2212,2213,L49392,299.7,309.1,1475,40.0,123,No Failure
2213,2214,L49393,299.7,309.1,1473,39.4,125,No Failure
2214,2215,H31628,299.7,309.2,1355,44.8,127,No Failure
2215,2216,H31629,299.7,309.2,1468,49.6,132,No Failure
2216,2217,L49396,299.7,309.2,1645,30.8,137,No Failure
2217,2218,L49397,299.7,309.1,1347,55.3,139,No Failure
2218,2219,L49398,299.7,309.1,1713,33.5,141,No Failure
2219,2220,M17079,299.6,309.1,1435,48.4,143,No Failure
2220,2221,M17080,299.6,309.0,1736,26.1,146,No Failure
2221,2222,L49401,299.6,309.0,1372,60.4,149,No Failure
2222,2223,L49402,299.7,309.0,1605,33.0,151,No Failure
2223,2224,L49403,299.6,309.0,1413,48.5,153,No Failure
2224,2225,M17084,299.7,309.0,1645,31.9,155,No Failure
2225,2226,M17085,299.7,309.0,1465,49.0,158,No Failure
2226,2227,M17086,299.6,308.9,1685,27.8,161,No Failure
2227,2228,L49407,299.5,308.8,1965,20.4,164,No Failure
2228,2229,H31642,299.4,308.6,1542,41.8,166,No Failure
2229,2230,L49409,299.4,308.7,1681,30.8,171,No Failure
2230,2231,L49410,299.5,308.7,1446,45.7,173,No Failure
2231,2232,L49411,299.4,308.6,1415,56.4,175,No Failure
2232,2233,L49412,299.5,308.6,1672,30.5,177,No Failure
2233,2234,L49413,299.5,308.7,2549,13.0,179,Power Failure
2234,2235,L49414,299.4,308.6,1492,40.5,181,No Failure
2235,2236,M17095,299.4,308.6,1455,42.7,183,No Failure
2236,2237,M17096,299.3,308.5,1422,43.1,186,No Failure
2237,2238,L49417,299.3,308.6,1403,50.6,189,No Failure
2238,2239,L49418,299.3,308.6,1474,49.6,191,No Failure
2239,2240,L49419,299.2,308.6,1381,50.0,193,No Failure
2240,2241,L49420,299.2,308.5,1457,44.7,195,No Failure
2241,2242,L49421,299.2,308.4,1711,28.9,197,No Failure
2242,2243,L49422,299.2,308.4,1667,29.0,199,No Failure
2243,2244,L49423,299.2,308.4,1465,35.0,201,No Failure
2244,2245,M17104,299.3,308.4,1542,37.5,203,Tool Wear Failure
2245,2246,M17105,299.3,308.4,1438,42.3,0,No Failure
2246,2247,L49426,299.3,308.4,1406,47.4,3,No Failure
2247,2248,M17107,299.2,308.4,1396,48.5,5,No Failure
2248,2249,M17108,299.3,308.5,1304,60.6,8,No Failure
2249,2250,L49429,299.2,308.5,1442,46.5,11,No Failure
2250,2251,M17110,299.2,308.4,1396,48.7,13,No Failure
2251,2252,H31665,299.1,308.3,1424,43.4,16,No Failure
2252,2253,H31666,299.1,308.3,1451,42.8,21,No Failure
2253,2254,L49433,299.2,308.4,1386,54.1,26,No Failure
2254,2255,L49434,299.1,308.3,1325,46.9,28,No Failure
2255,2256,L49435,299.1,308.3,1559,33.7,30,No Failure
2256,2257,L49436,299.1,308.3,1489,38.1,32,No Failure
2257,2258,L49437,299.1,308.3,1892,25.2,34,No Failure
2258,2259,L49438,299.1,308.2,1319,60.3,36,No Failure
2259,2260,L49439,299.1,308.3,1431,52.3,38,No Failure
2260,2261,H31674,299.1,308.3,1521,36.5,40,No Failure
2261,2262,M17121,299.1,308.2,1435,45.2,45,No Failure
2262,2263,L49442,299.1,308.3,1533,42.4,48,No Failure
2263,2264,M17123,299.2,308.4,1529,43.0,50,No Failure
2264,2265,M17124,299.2,308.4,1415,43.5,53,No Failure
2265,2266,M17125,299.2,308.4,1330,51.2,56,No Failure
2266,2267,L49446,299.2,308.5,1381,60.6,59,No Failure
2267,2268,L49447,299.2,308.5,1370,52.4,61,No Failure
2268,2269,L49448,299.2,308.5,1438,46.6,63,No Failure
2269,2270,L49449,299.3,308.6,1314,48.2,65,No Failure
2270,2271,L49450,299.3,308.6,1437,48.1,67,No Failure
2271,2272,L49451,299.2,308.5,1821,26.1,69,No Failure
2272,2273,M17132,299.3,308.6,1448,52.1,71,No Failure
2273,2274,L49453,299.3,308.5,1589,32.7,74,No Failure
2274,2275,L49454,299.3,308.6,1520,33.7,76,No Failure
2275,2276,L49455,299.3,308.6,1605,37.0,78,No Failure
2276,2277,L49456,299.3,308.7,1393,54.2,80,No Failure
2277,2278,H31691,299.3,308.7,1408,44.4,82,No Failure
2278,2279,M17138,299.3,308.7,1459,35.6,87,No Failure
2279,2280,L49459,299.4,308.7,1525,39.0,90,No Failure
2280,2281,L49460,299.4,308.8,1390,57.0,92,No Failure
2281,2282,L49461,299.3,308.7,1536,38.9,94,No Failure
2282,2283,L49462,299.4,308.7,1459,47.6,96,No Failure
2283,2284,L49463,299.2,308.5,1387,51.1,98,No Failure
2284,2285,L49464,299.2,308.5,1378,53.4,100,No Failure
2285,2286,L49465,299.4,308.7,1381,56.7,102,No Failure
2286,2287,M17146,299.4,308.7,1289,60.5,104,No Failure
2287,2288,L49467,299.4,308.6,1746,26.8,107,No Failure
2288,2289,M17148,299.4,308.6,1541,39.1,109,No Failure
2289,2290,L49469,299.4,308.7,1504,37.8,112,No Failure
2290,2291,M17150,299.5,308.7,1321,51.9,114,No Failure
2291,2292,M17151,299.5,308.8,1886,20.9,117,No Failure
2292,2293,L49472,299.6,308.9,1422,53.2,120,No Failure
2293,2294,L49473,299.5,308.9,1520,38.3,122,No Failure
2294,2295,L49474,299.4,308.8,1627,32.6,124,No Failure
2295,2296,L49475,299.4,308.7,1512,37.2,126,No Failure
2296,2297,L49476,299.4,308.7,1553,42.7,128,No Failure
2297,2298,L49477,299.3,308.7,1802,26.0,130,No Failure
2298,2299,L49478,299.3,308.6,1482,37.6,132,No Failure
2299,2300,L49479,299.4,308.7,1446,62.9,134,Power Failure
2300,2301,L49480,299.3,308.6,1371,50.5,136,No Failure
2301,2302,M17161,299.2,308.6,1586,35.7,138,No Failure
2302,2303,L49482,299.2,308.5,1515,39.8,141,No Failure
2303,2304,L49483,299.2,308.5,1374,53.6,143,No Failure
2304,2305,L49484,299.1,308.5,1455,39.8,145,No Failure
2305,2306,H31719,299.2,308.5,1342,47.5,147,No Failure
2306,2307,L49486,299.1,308.6,1260,57.8,152,No Failure
2307,2308,H31721,299.0,308.5,1623,33.5,154,No Failure
2308,2309,L49488,299.1,308.5,1371,55.5,159,No Failure
2309,2310,L49489,299.1,308.6,1611,31.4,161,No Failure
2310,2311,M17170,299.0,308.4,1535,47.5,163,No Failure
2311,2312,M17171,299.1,308.6,1491,38.5,166,No Failure
2312,2313,M17172,299.1,308.6,1441,36.2,169,No Failure
2313,2314,M17173,299.1,308.8,1725,26.6,172,No Failure
2314,2315,L49494,299.2,308.9,1368,47.2,175,No Failure
2315,2316,L49495,299.2,308.9,1526,37.9,177,No Failure
2316,2317,L49496,299.2,308.8,1542,39.2,179,No Failure
2317,2318,L49497,299.2,308.8,1605,31.1,181,No Failure
2318,2319,L49498,299.2,308.8,1405,51.4,183,No Failure
2319,2320,M17179,299.2,308.8,1700,33.5,185,No Failure
2320,2321,H31734,299.2,308.8,1440,39.1,188,No Failure
2321,2322,M17181,299.2,308.8,1314,52.5,193,No Failure
2322,2323,L49502,299.2,308.7,1514,41.9,196,No Failure
2323,2324,M17183,299.2,308.7,1401,47.0,198,No Failure
2324,2325,L49504,299.3,308.8,1636,29.9,201,No Failure
2325,2326,L49505,299.3,308.8,1603,33.9,203,No Failure
2326,2327,M17186,299.4,308.7,1487,52.6,205,No Failure
2327,2328,M17187,299.3,308.7,1420,50.3,208,No Failure
2328,2329,L49508,299.3,308.7,1579,36.3,211,No Failure
2329,2330,L49509,299.3,308.7,1484,40.5,213,No Failure
2330,2331,M17190,299.3,308.7,1390,49.3,215,No Failure
2331,2332,L49511,299.3,308.6,1384,53.6,218,Overstrain Failure
2332,2333,L49512,299.2,308.5,1378,50.4,220,Overstrain Failure
2333,2334,L49513,299.2,308.5,1445,45.2,222,No Failure
2334,2335,L49514,299.2,308.4,1445,43.5,224,No Failure
2335,2336,L49515,299.2,308.4,1509,39.4,0,No Failure
2336,2337,L49516,299.2,308.4,1434,46.8,2,No Failure
2337,2338,L49517,299.2,308.4,1877,23.9,4,No Failure
2338,2339,L49518,299.3,308.3,1651,28.0,6,No Failure
2339,2340,L49519,299.2,308.2,1466,41.3,8,No Failure
2340,2341,L49520,299.1,308.1,1479,40.7,10,No Failure
2341,2342,L49521,299.1,308.2,1409,46.4,12,No Failure
2342,2343,M17202,299.2,308.2,1674,28.2,14,No Failure
2343,2344,L49523,299.1,308.3,1305,61.4,17,No Failure
2344,2345,M17204,299.2,308.3,1755,26.4,19,No Failure
2345,2346,L49525,299.2,308.4,1475,38.7,22,No Failure
2346,2347,L49526,299.2,308.4,1402,47.7,24,No Failure
2347,2348,L49527,299.2,308.3,1410,43.0,26,No Failure
2348,2349,L49528,299.2,308.4,1436,41.8,28,No Failure
2349,2350,M17209,299.3,308.5,1386,42.2,30,No Failure
2350,2351,L49530,299.3,308.6,1744,26.4,33,No Failure
2351,2352,L49531,299.2,308.4,1393,48.4,35,No Failure
2352,2353,M17212,299.3,308.5,1422,45.4,37,No Failure
2353,2354,L49533,299.2,308.4,1841,22.8,40,No Failure
2354,2355,L49534,299.3,308.6,1433,37.7,42,No Failure
2355,2356,M17215,299.3,308.5,1305,60.6,44,No Failure
2356,2357,H31770,299.3,308.6,1498,39.5,47,No Failure
2357,2358,L49537,299.3,308.5,1772,26.1,52,No Failure
2358,2359,M17218,299.2,308.4,1381,42.5,54,No Failure
2359,2360,L49539,299.3,308.5,1413,38.5,57,No Failure
2360,2361,H31774,299.2,308.4,1388,53.2,59,No Failure
2361,2362,M17221,299.2,308.6,1631,35.4,64,No Failure
2362,2363,H31776,299.3,308.6,1520,41.4,67,No Failure
2363,2364,L49543,299.3,308.5,1510,45.4,72,No Failure
2364,2365,L49544,299.2,308.5,1366,49.7,74,No Failure
2365,2366,L49545,299.4,308.5,1845,22.9,76,No Failure
2366,2367,L49546,299.3,308.5,1485,44.7,78,No Failure
2367,2368,M17227,299.3,308.5,1496,39.4,80,No Failure
2368,2369,M17228,299.3,308.4,1468,42.2,83,No Failure
2369,2370,M17229,299.2,308.4,1856,22.7,86,No Failure
2370,2371,L49550,299.2,308.4,1620,34.1,89,No Failure
2371,2372,L49551,299.3,308.5,1409,44.8,91,No Failure
2372,2373,M17232,299.3,308.5,1404,49.4,93,No Failure
2373,2374,L49553,299.2,308.4,1350,51.3,96,No Failure
2374,2375,M17234,299.2,308.4,1538,38.0,98,No Failure
2375,2376,M17235,299.2,308.4,1476,32.7,101,No Failure
2376,2377,M17236,299.2,308.3,1364,51.8,104,No Failure
2377,2378,M17237,299.2,308.3,1582,45.5,107,No Failure
2378,2379,L49558,299.1,308.2,1348,56.1,110,No Failure
2379,2380,H31793,299.1,308.2,1450,46.1,112,No Failure
2380,2381,L49560,299.0,308.1,1242,60.9,117,No Failure
2381,2382,L49561,299.1,308.2,1493,34.9,119,No Failure
2382,2383,L49562,299.1,308.3,1601,31.4,121,No Failure
2383,2384,L49563,299.1,308.2,1568,33.3,123,No Failure
2384,2385,M17244,299.1,308.3,1506,38.0,125,No Failure
2385,2386,L49565,299.1,308.3,1524,34.1,128,No Failure
2386,2387,L49566,299.1,308.4,1543,37.9,130,No Failure
2387,2388,M17247,299.2,308.5,1474,47.2,132,No Failure
2388,2389,M17248,299.2,308.5,1526,37.3,135,No Failure
2389,2390,L49569,299.2,308.5,1867,27.0,138,No Failure
2390,2391,L49570,299.2,308.5,1487,41.2,140,No Failure
2391,2392,L49571,299.2,308.4,1580,32.6,142,No Failure
2392,2393,L49572,299.2,308.5,1340,50.0,144,No Failure
2393,2394,L49573,299.2,308.5,1544,41.6,146,No Failure
2394,2395,L49574,299.2,308.5,1488,40.3,148,No Failure
2395,2396,M17255,299.2,308.5,1742,28.9,150,No Failure
2396,2397,M17256,299.1,308.5,1592,34.2,153,No Failure
2397,2398,L49577,299.2,308.6,1582,38.8,156,No Failure
2398,2399,L49578,299.2,308.5,1490,43.2,158,No Failure
2399,2400,M17259,299.2,308.5,1594,35.8,160,No Failure
2400,2401,H31814,299.2,308.6,1462,55.0,163,No Failure
2401,2402,M17261,299.2,308.6,1367,47.6,168,No Failure
2402,2403,L49582,299.2,308.7,1325,51.0,171,No Failure
2403,2404,H31817,299.2,308.7,1448,51.4,173,No Failure
2404,2405,M17264,299.1,308.7,2008,20.3,178,No Failure
2405,2406,L49585,299.1,308.7,1498,38.9,181,No Failure
2406,2407,L49586,299.1,308.6,1437,41.6,183,No Failure
2407,2408,M17267,299.1,308.6,1499,45.1,185,No Failure
2408,2409,L49588,299.0,308.4,1356,52.6,188,No Failure
2409,2410,L49589,299.1,308.5,1539,46.8,190,No Failure
2410,2411,L49590,299.1,308.5,1689,32.1,192,No Failure
2411,2412,L49591,299.0,308.5,1559,38.1,194,No Failure
2412,2413,L49592,299.1,308.6,1408,46.7,196,No Failure
2413,2414,L49593,299.0,308.5,1886,23.0,198,No Failure
2414,2415,L49594,299.1,308.5,1415,43.4,0,No Failure
2415,2416,M17275,299.1,308.5,1587,35.6,2,No Failure
2416,2417,L49596,299.0,308.4,1571,38.6,5,No Failure
2417,2418,L49597,298.9,308.3,1576,36.6,7,No Failure
2418,2419,L49598,298.9,308.3,1660,34.4,9,No Failure
2419,2420,M17279,298.9,308.2,1328,49.2,11,No Failure
2420,2421,H31834,298.8,308.2,1450,44.7,14,No Failure
2421,2422,L49601,298.9,308.2,2384,15.0,19,No Failure
2422,2423,L49602,298.8,308.2,1443,53.4,21,No Failure
2423,2424,M17283,298.9,308.2,2022,20.0,23,No Failure
2424,2425,L49604,298.9,308.2,1828,23.8,26,No Failure
2425,2426,L49605,298.8,308.1,1472,53.5,28,No Failure
2426,2427,M17286,298.9,308.2,1372,63.6,30,Power Failure
2427,2428,L49607,298.9,308.3,1855,23.8,33,No Failure
2428,2429,M17288,299.0,308.3,1377,47.2,35,No Failure
2429,2430,L49609,298.9,308.3,1432,48.9,38,No Failure
2430,2431,M17290,298.9,308.2,1335,47.8,40,No Failure
2431,2432,M17291,298.9,308.2,1411,51.3,43,No Failure
2432,2433,L49612,298.9,308.2,1510,43.5,46,No Failure
2433,2434,L49613,299.0,308.3,1441,44.0,48,No Failure
2434,2435,M17294,299.0,308.2,1358,42.7,50,No Failure
2435,2436,L49615,298.9,308.2,1686,30.4,53,No Failure
2436,2437,H31850,299.0,308.2,1662,30.4,55,No Failure
2437,2438,L49617,299.1,308.3,1426,40.1,60,No Failure
2438,2439,M17298,299.1,308.4,1330,53.6,62,No Failure
2439,2440,L49619,299.1,308.4,1693,31.6,65,No Failure
2440,2441,L49620,299.1,308.4,1426,47.9,67,No Failure
2441,2442,L49621,299.1,308.5,1676,31.0,69,No Failure
2442,2443,M17302,299.1,308.4,1332,51.7,71,No Failure
2443,2444,L49623,299.1,308.5,1647,35.0,74,No Failure
2444,2445,L49624,299.2,308.6,1267,68.2,76,Power Failure
2445,2446,H31859,299.2,308.7,1375,55.1,78,No Failure
2446,2447,L49626,299.3,308.6,1422,48.9,83,No Failure
2447,2448,L49627,299.3,308.7,1408,48.7,85,No Failure
2448,2449,L49628,299.4,308.9,1440,42.5,87,No Failure
2449,2450,L49629,299.3,308.8,1772,25.2,89,No Failure
2450,2451,L49630,299.2,308.7,1492,37.8,91,No Failure
2451,2452,L49631,299.2,308.7,1650,30.5,93,No Failure
2452,2453,M17312,299.1,308.6,2329,14.6,95,No Failure
2453,2454,L49633,299.0,308.6,1648,30.8,98,No Failure
2454,2455,L49634,299.0,308.6,1653,31.7,100,No Failure
2455,2456,L49635,299.0,308.6,1946,22.3,102,No Failure
2456,2457,L49636,299.1,308.6,1555,36.6,104,No Failure
2457,2458,L49637,299.0,308.6,1661,32.2,106,No Failure
2458,2459,L49638,299.0,308.6,1434,45.9,108,No Failure
2459,2460,L49639,299.0,308.6,1297,54.2,110,No Failure
2460,2461,L49640,299.0,308.6,1466,46.4,112,No Failure
2461,2462,M17321,298.9,308.6,1517,39.8,114,No Failure
2462,2463,L49642,298.9,308.5,1742,34.5,117,No Failure
2463,2464,L49643,298.9,308.5,1580,39.1,119,No Failure
2464,2465,M17324,298.9,308.5,1534,42.9,121,No Failure
2465,2466,L49645,298.9,308.6,1481,40.7,124,No Failure
2466,2467,L49646,299.0,308.6,1429,37.7,126,No Failure
2467,2468,M17327,298.9,308.6,1574,33.5,128,No Failure
2468,2469,M17328,298.9,308.6,1524,40.4,131,No Failure
2469,2470,L49649,299.0,308.7,1507,37.5,134,No Failure
2470,2471,L49650,298.9,308.5,1467,44.7,136,No Failure
2471,2472,L49651,298.9,308.4,1301,51.1,138,No Failure
2472,2473,L49652,298.9,308.5,1429,55.1,140,No Failure
2473,2474,M17333,298.9,308.5,1555,37.6,142,No Failure
2474,2475,L49654,298.9,308.5,1503,40.6,145,No Failure
2475,2476,L49655,298.9,308.5,1459,43.1,147,No Failure
2476,2477,H31890,298.9,308.4,1449,42.4,149,No Failure
2477,2478,L49657,298.9,308.5,1387,57.3,154,No Failure
2478,2479,M17338,298.9,308.5,1456,50.0,156,No Failure
2479,2480,L49659,299.0,308.5,1604,34.7,159,No Failure
2480,2481,L49660,299.0,308.6,1734,32.4,161,No Failure
2481,2482,L49661,299.0,308.6,1378,47.8,163,No Failure
2482,2483,L49662,298.9,308.7,1504,41.8,165,No Failure
2483,2484,M17343,298.9,308.7,1402,49.8,167,No Failure
2484,2485,H31898,298.8,308.6,1524,37.7,170,No Failure
2485,2486,L49665,298.8,308.6,1593,35.5,175,No Failure
2486,2487,M17346,298.9,308.7,1772,28.4,177,No Failure
2487,2488,H31901,298.9,308.6,1623,31.0,180,No Failure
2488,2489,L49668,298.9,308.7,1356,50.7,185,No Failure
2489,2490,H31903,298.9,308.7,1500,41.6,187,No Failure
2490,2491,H31904,299.1,308.8,1566,46.6,192,No Failure
2491,2492,L49671,299.1,308.9,1445,43.4,197,No Failure
2492,2493,H31906,299.0,308.8,1382,58.5,199,No Failure
2493,2494,M17353,299.0,308.8,1418,45.7,204,No Failure
2494,2495,L49674,299.1,308.8,1329,53.6,207,Overstrain Failure
2495,2496,M17355,299.1,308.8,1491,41.0,209,No Failure
2496,2497,M17356,299.2,308.9,1573,37.4,212,No Failure
2497,2498,M17357,299.2,308.9,1521,42.3,215,No Failure
2498,2499,L49678,299.1,308.9,1467,47.2,218,No Failure
2499,2500,M17359,299.1,308.9,1325,48.4,220,No Failure
2500,2501,L49680,299.1,308.9,1617,32.3,223,No Failure
2501,2502,M17361,299.1,308.9,1476,42.7,225,No Failure
2502,2503,L49682,299.2,309.0,1515,48.9,228,Overstrain Failure
2503,2504,L49683,299.2,309.0,1408,47.2,0,No Failure
2504,2505,L49684,299.2,309.1,1468,45.6,2,No Failure
2505,2506,L49685,299.2,309.1,1387,48.7,4,No Failure
2506,2507,M17366,299.2,309.1,1503,34.7,6,No Failure
2507,2508,H31921,299.2,309.1,1410,47.1,9,No Failure
2508,2509,L49688,299.0,308.9,1615,30.6,14,No Failure
2509,2510,L49689,299.0,308.9,1511,35.9,16,No Failure
2510,2511,L49690,299.1,309.0,1405,53.8,18,No Failure
2511,2512,M17371,299.0,308.9,1526,41.1,20,No Failure
2512,2513,L49692,298.9,308.8,1530,38.3,23,No Failure
2513,2514,L49693,299.0,308.7,1583,32.5,25,No Failure
2514,2515,L49694,298.9,308.6,2069,18.7,27,No Failure
2515,2516,L49695,298.8,308.5,1490,35.0,29,No Failure
2516,2517,L49696,298.8,308.5,1736,29.0,31,No Failure
2517,2518,L49697,298.8,308.5,1395,44.4,33,No Failure
2518,2519,M17378,298.9,308.6,1425,49.6,35,No Failure
2519,2520,L49699,298.8,308.6,1631,32.4,38,No Failure
2520,2521,L49700,298.8,308.6,1535,41.2,40,No Failure
2521,2522,L49701,298.8,308.6,1584,34.4,42,No Failure
2522,2523,M17382,298.8,308.7,1543,38.2,44,No Failure
2523,2524,L49703,298.8,308.7,1635,35.2,47,No Failure
2524,2525,M17384,298.8,308.7,1446,45.5,49,No Failure
2525,2526,M17385,298.8,308.6,1598,35.1,52,No Failure
2526,2527,L49706,298.8,308.6,1501,35.0,55,No Failure
2527,2528,L49707,298.8,308.5,1450,50.8,57,No Failure
2528,2529,L49708,298.8,308.6,1730,25.9,59,No Failure
2529,2530,M17389,298.8,308.6,1571,33.7,61,No Failure
2530,2531,L49710,298.9,308.7,1438,51.7,64,No Failure
2531,2532,M17391,298.8,308.5,1510,38.7,66,No Failure
2532,2533,L49712,298.9,308.7,1389,44.9,69,No Failure
2533,2534,L49713,298.8,308.7,1490,33.6,71,No Failure
2534,2535,L49714,298.9,308.7,1729,26.6,73,No Failure
2535,2536,L49715,299.0,308.8,1495,38.4,75,No Failure
2536,2537,L49716,298.9,308.8,1281,53.9,77,No Failure
2537,2538,H31951,298.9,308.7,1353,48.1,79,No Failure
2538,2539,L49718,299.1,308.8,1429,50.1,84,No Failure
2539,2540,L49719,299.1,308.8,1413,42.1,86,No Failure
2540,2541,L49720,299.1,308.8,1502,38.3,88,No Failure
2541,2542,H31955,299.1,308.8,1553,32.6,90,No Failure
2542,2543,H31956,299.2,308.9,1712,26.4,95,No Failure
2543,2544,L49723,299.3,309.0,1786,23.5,100,No Failure
2544,2545,L49724,299.2,309.0,1951,21.4,102,No Failure
2545,2546,M17405,299.2,309.0,1541,36.3,104,No Failure
2546,2547,L49726,299.2,309.1,1605,34.3,107,No Failure
2547,2548,L49727,299.2,309.1,1578,38.1,109,No Failure
2548,2549,M17408,299.3,309.2,1440,37.5,111,No Failure
2549,2550,L49729,299.4,309.2,1489,42.3,114,No Failure
2550,2551,L49730,299.4,309.3,1366,48.4,116,No Failure
2551,2552,L49731,299.3,309.2,1541,37.2,118,No Failure
2552,2553,H31966,299.3,309.1,1552,40.7,120,No Failure
2553,2554,L49733,299.3,309.1,1473,40.3,125,No Failure
2554,2555,L49734,299.3,309.1,1531,37.9,127,No Failure
2555,2556,L49735,299.3,309.2,1511,37.2,129,No Failure
2556,2557,M17416,299.3,309.1,1449,47.9,131,No Failure
2557,2558,M17417,299.4,309.1,1440,50.0,134,No Failure
2558,2559,M17418,299.2,309.0,1881,23.9,137,No Failure
2559,2560,L49739,299.3,309.0,1447,50.4,140,Random Failures
2560,2561,M17420,299.4,309.1,1326,62.0,142,No Failure
2561,2562,L49741,299.4,309.2,1607,31.7,145,No Failure
2562,2563,L49742,299.3,309.1,1551,39.1,147,No Failure
2563,2564,L49743,299.3,309.1,1496,37.2,149,No Failure
2564,2565,L49744,299.3,309.1,1493,38.0,151,No Failure
2565,2566,L49745,299.4,309.1,1304,50.5,153,No Failure
2566,2567,M17426,299.3,309.0,1420,41.6,155,No Failure
2567,2568,L49747,299.4,309.1,1766,24.6,158,No Failure
2568,2569,L49748,299.6,309.2,1450,43.1,160,No Failure
2569,2570,H31983,299.5,309.2,1872,22.6,162,No Failure
2570,2571,L49750,299.6,309.2,1713,26.5,167,No Failure
2571,2572,M17431,299.5,309.2,1497,40.9,169,No Failure
2572,2573,M17432,299.4,309.1,1352,44.7,172,No Failure
2573,2574,L49753,299.5,309.2,1499,41.5,175,No Failure
2574,2575,L49754,299.5,309.3,1972,19.3,177,No Failure
2575,2576,L49755,299.5,309.3,1422,49.2,179,No Failure
2576,2577,L49756,299.5,309.3,1523,41.5,181,No Failure
2577,2578,L49757,299.5,309.4,1563,41.5,183,No Failure
2578,2579,L49758,299.4,309.3,1391,46.6,185,No Failure
2579,2580,L49759,299.3,309.1,1795,24.7,187,No Failure
2580,2581,L49760,299.3,309.1,1293,53.7,189,No Failure
2581,2582,L49761,299.2,309.1,1345,60.7,191,Overstrain Failure
2582,2583,L49762,299.2,309.0,1615,33.7,193,No Failure
2583,2584,L49763,299.2,308.9,1342,50.8,195,No Failure
2584,2585,L49764,299.1,308.8,1502,46.7,197,No Failure
2585,2586,M17445,299.0,308.7,1620,35.4,199,No Failure
2586,2587,L49766,299.0,308.7,1537,42.8,202,No Failure
2587,2588,L49767,299.0,308.7,2248,16.8,204,No Failure
2588,2589,L49768,299.0,308.7,1706,28.6,206,No Failure
2589,2590,L49769,299.0,308.7,2250,16.6,208,No Failure
2590,2591,L49770,299.0,308.7,1396,48.6,0,No Failure
2591,2592,L49771,298.9,308.6,1522,46.4,2,No Failure
2592,2593,L49772,298.9,308.6,1539,45.4,4,No Failure
2593,2594,H32007,298.9,308.5,1415,54.0,6,No Failure
2594,2595,L49774,298.8,308.5,1446,37.0,11,No Failure
2595,2596,M17455,298.8,308.6,1486,41.1,13,No Failure
2596,2597,L49776,299.0,308.7,1426,38.6,16,No Failure
2597,2598,L49777,299.0,308.7,1449,38.9,18,No Failure
2598,2599,L49778,299.1,308.8,1320,67.5,20,Power Failure
2599,2600,M17459,299.2,308.9,1447,39.6,22,No Failure
2600,2601,L49780,299.3,309.0,1422,47.3,25,No Failure
2601,2602,L49781,299.3,309.1,1399,52.1,27,No Failure
2602,2603,L49782,299.4,309.2,1427,41.5,29,No Failure
2603,2604,M17463,299.3,309.2,1334,46.3,31,No Failure
2604,2605,M17464,299.3,309.1,1385,45.6,34,No Failure
2605,2606,L49785,299.4,309.2,1552,37.4,37,No Failure
2606,2607,H32020,299.4,309.3,1534,37.5,39,No Failure
2607,2608,L49787,299.4,309.3,1448,48.6,44,No Failure
2608,2609,L49788,299.5,309.3,1409,44.7,46,No Failure
2609,2610,L49789,299.4,309.2,1621,34.5,48,No Failure
2610,2611,H32024,299.4,309.1,1547,40.9,50,No Failure
2611,2612,L49791,299.4,309.1,1957,22.1,55,No Failure
2612,2613,L49792,299.4,309.1,2421,14.2,57,No Failure
2613,2614,M17473,299.3,309.1,1571,38.3,59,No Failure
2614,2615,L49794,299.3,309.1,1634,36.8,62,No Failure
2615,2616,L49795,299.3,309.0,1516,38.7,64,No Failure
2616,2617,L49796,299.4,309.1,1207,66.5,66,No Failure
2617,2618,L49797,299.4,309.1,1670,35.9,68,No Failure
2618,2619,M17478,299.4,309.1,1461,48.6,70,No Failure
2619,2620,L49799,299.4,309.2,1569,40.8,73,No Failure
2620,2621,L49800,299.4,309.2,1556,35.7,75,No Failure
2621,2622,M17481,299.5,309.3,1506,41.5,77,No Failure
2622,2623,M17482,299.6,309.4,1642,30.3,80,No Failure
2623,2624,M17483,299.6,309.4,1283,62.1,83,No Failure
2624,2625,H32038,299.7,309.5,1375,46.8,86,No Failure
2625,2626,L49805,299.7,309.4,1399,39.9,91,No Failure
2626,2627,L49806,299.7,309.4,1650,29.8,93,No Failure
2627,2628,M17487,299.8,309.6,1346,53.2,95,No Failure
2628,2629,H32042,299.9,309.6,1410,51.2,98,No Failure
2629,2630,L49809,300.0,309.7,1586,37.8,103,No Failure
2630,2631,L49810,300.0,309.8,1372,39.6,105,No Failure
2631,2632,H32045,300.0,309.7,1529,42.4,107,No Failure
2632,2633,M17492,300.0,309.7,1652,28.6,112,No Failure
2633,2634,L49813,300.1,309.8,1532,39.8,115,No Failure
2634,2635,L49814,300.0,309.7,1554,32.0,117,No Failure
2635,2636,H32049,299.9,309.6,1462,51.0,119,No Failure
2636,2637,L49816,299.9,309.6,1254,61.3,124,No Failure
2637,2638,L49817,299.9,309.6,1294,49.7,126,No Failure
2638,2639,L49818,299.8,309.5,1739,27.5,128,No Failure
2639,2640,M17499,299.8,309.4,1412,47.8,130,No Failure
2640,2641,M17500,299.9,309.5,1372,56.2,133,No Failure
2641,2642,H32055,299.8,309.5,1420,46.7,136,No Failure
2642,2643,L49822,299.8,309.5,1542,40.3,141,No Failure
2643,2644,M17503,299.8,309.4,1401,48.1,143,No Failure
2644,2645,L49824,299.8,309.4,1510,42.5,146,No Failure
2645,2646,H32059,299.9,309.5,1547,38.5,148,No Failure
2646,2647,M17506,299.8,309.5,1453,43.2,153,No Failure
2647,2648,L49827,299.8,309.4,1408,45.6,156,No Failure
2648,2649,L49828,299.8,309.4,1436,51.6,158,No Failure
2649,2650,M17509,299.9,309.5,1582,38.2,160,No Failure
2650,2651,L49830,299.9,309.6,1280,59.3,163,No Failure
2651,2652,L49831,299.9,309.5,2008,20.4,165,No Failure
2652,2653,L49832,299.9,309.5,1772,23.5,167,No Failure
2653,2654,L49833,299.9,309.5,1779,26.1,169,No Failure
2654,2655,L49834,299.9,309.5,1567,35.5,171,No Failure
2655,2656,M17515,299.8,309.4,1751,27.0,173,No Failure
2656,2657,L49836,299.9,309.5,1349,51.3,176,No Failure
2657,2658,M17517,300.0,309.5,1425,40.8,178,No Failure
2658,2659,L49838,300.0,309.4,1395,44.5,181,No Failure
2659,2660,H32073,299.8,309.3,1595,32.1,183,No Failure
2660,2661,L49840,299.8,309.3,1291,56.4,188,No Failure
2661,2662,M17521,299.9,309.4,1509,42.8,190,No Failure
2662,2663,M17522,299.9,309.4,1483,38.1,193,No Failure
2663,2664,L49843,299.9,309.3,1620,31.1,196,No Failure
2664,2665,M17524,299.9,309.4,1487,42.2,198,No Failure
2665,2666,L49845,299.8,309.4,2256,15.9,201,No Failure
2666,2667,H32080,299.7,309.2,1691,27.7,203,No Failure
2667,2668,M17527,299.8,309.3,1663,35.2,208,No Failure
2668,2669,M17528,299.8,309.3,1640,31.1,211,No Failure
2669,2670,H32083,299.7,309.3,1494,37.8,214,No Failure
2670,2671,L49850,299.8,309.4,1467,46.2,219,No Failure
2671,2672,M17531,299.7,309.3,1399,41.9,221,Tool Wear Failure
2672,2673,L49852,299.7,309.3,1445,42.6,0,No Failure
2673,2674,L49853,299.8,309.4,1480,40.9,2,No Failure
2674,2675,L49854,299.7,309.3,1546,37.2,4,No Failure
2675,2676,L49855,299.7,309.3,1574,35.8,6,No Failure
2676,2677,L49856,299.7,309.3,1592,34.2,8,No Failure
2677,2678,L49857,299.8,309.5,1495,39.6,10,No Failure
2678,2679,L49858,299.8,309.6,1447,43.1,12,No Failure
2679,2680,L49859,299.8,309.5,1476,44.4,14,No Failure
2680,2681,L49860,299.8,309.5,1641,27.1,16,No Failure
2681,2682,L49861,299.8,309.5,1545,32.2,18,No Failure
2682,2683,M17542,299.9,309.6,1364,44.4,20,No Failure
2683,2684,L49863,299.8,309.5,1590,28.5,23,No Failure
2684,2685,L49864,299.8,309.4,1460,37.4,25,No Failure
2685,2686,L49865,299.8,309.4,1609,32.5,27,No Failure
2686,2687,L49866,299.8,309.4,1633,27.5,29,No Failure
2687,2688,L49867,299.9,309.4,1348,52.8,31,No Failure
2688,2689,L49868,299.9,309.4,1322,53.9,33,No Failure
2689,2690,L49869,300.0,309.5,1641,30.1,35,No Failure
2690,2691,L49870,300.0,309.5,1728,26.0,37,No Failure
2691,2692,L49871,300.0,309.6,1431,47.7,39,No Failure
2692,2693,L49872,300.1,309.7,1641,30.4,41,No Failure
2693,2694,M17553,300.1,309.6,1622,36.1,43,No Failure
2694,2695,M17554,300.1,309.6,1625,38.0,46,No Failure
2695,2696,L49875,300.0,309.5,1869,22.7,49,No Failure
2696,2697,L49876,300.0,309.6,1452,46.0,51,No Failure
2697,2698,L49877,300.0,309.6,1618,28.7,53,No Failure
2698,2699,L49878,300.0,309.4,2010,20.0,55,No Failure
2699,2700,L49879,299.9,309.4,1363,60.9,57,No Failure
2700,2701,L49880,299.9,309.3,1473,40.4,59,No Failure
2701,2702,L49881,299.9,309.2,1333,50.8,61,No Failure
2702,2703,L49882,299.8,309.2,1760,25.9,63,No Failure
2703,2704,M17563,299.8,309.2,1372,58.2,65,No Failure
2704,2705,M17564,299.7,309.2,1608,34.4,68,No Failure
2705,2706,L49885,299.7,309.2,1326,64.8,71,No Failure
2706,2707,M17566,299.6,309.1,1560,37.1,73,No Failure
2707,2708,M17567,299.6,309.0,1539,36.1,76,No Failure
2708,2709,L49888,299.6,309.1,2266,15.3,79,No Failure
2709,2710,L49889,299.6,309.1,1641,35.8,81,No Failure
2710,2711,L49890,299.6,309.1,1574,39.2,83,No Failure
2711,2712,L49891,299.6,309.1,1407,50.6,85,No Failure
2712,2713,H32126,299.7,309.2,1302,55.5,87,No Failure
2713,2714,M17573,299.6,309.2,1651,30.8,92,No Failure
2714,2715,M17574,299.6,309.1,1366,55.2,95,No Failure
2715,2716,M17575,299.5,309.0,1701,28.6,98,No Failure
2716,2717,L49896,299.5,309.0,1498,44.6,101,No Failure
2717,2718,M17577,299.5,309.1,1422,45.3,103,No Failure
2718,2719,L49898,299.5,309.1,1357,47.3,106,No Failure
2719,2720,L49899,299.5,309.2,1690,29.2,108,No Failure
2720,2721,L49900,299.6,309.2,1559,39.1,110,No Failure
2721,2722,M17581,299.6,309.3,1553,32.4,112,No Failure
2722,2723,L49902,299.6,309.3,1558,34.8,115,No Failure
2723,2724,L49903,299.7,309.4,1362,51.9,117,No Failure
2724,2725,M17584,299.8,309.3,1470,42.7,119,No Failure
2725,2726,L49905,299.8,309.4,1555,34.8,122,No Failure
2726,2727,M17586,299.8,309.4,1423,42.9,124,No Failure
2727,2728,L49907,299.7,309.3,1434,38.5,127,No Failure
2728,2729,L49908,299.7,309.3,1779,25.5,129,No Failure
2729,2730,L49909,299.7,309.3,1417,54.6,131,No Failure
2730,2731,L49910,299.6,309.2,1425,45.9,133,No Failure
2731,2732,M17591,299.7,309.2,1597,32.9,135,No Failure
2732,2733,L49912,299.7,309.2,1346,57.4,138,No Failure
2733,2734,L49913,299.7,309.2,1422,40.4,140,No Failure
2734,2735,H32148,299.7,309.2,1572,32.8,142,No Failure
2735,2736,L49915,299.7,309.2,1412,45.4,147,No Failure
2736,2737,M17596,299.7,309.1,1576,36.4,149,No Failure
2737,2738,M17597,299.7,309.1,1508,41.2,152,No Failure
2738,2739,M17598,299.8,309.1,1496,44.4,155,No Failure
2739,2740,L49919,299.8,309.2,1572,35.4,158,No Failure
2740,2741,L49920,299.6,309.0,1525,42.8,160,No Failure
2741,2742,L49921,299.6,309.0,1378,51.9,162,No Failure
2742,2743,L49922,299.6,309.1,1369,51.4,164,No Failure
2743,2744,L49923,299.6,309.1,1476,45.3,166,No Failure
2744,2745,L49924,299.7,309.2,1620,30.0,168,No Failure
2745,2746,M17605,299.7,309.1,1603,38.5,170,No Failure
2746,2747,L49926,299.7,309.2,1411,46.1,173,No Failure
2747,2748,L49927,299.7,309.2,1616,31.6,175,No Failure
2748,2749,L49928,299.7,309.2,1631,35.1,177,No Failure
2749,2750,M17609,299.7,309.2,1685,28.9,179,No Failure
2750,2751,H32164,299.7,309.2,1456,40.6,182,No Failure
2751,2752,L49931,299.7,309.1,1417,50.1,187,No Failure
2752,2753,M17612,299.7,309.1,1851,24.7,189,No Failure
2753,2754,L49933,299.7,309.1,1715,27.8,192,No Failure
2754,2755,H32168,299.6,309.1,1630,32.3,194,No Failure
2755,2756,L49935,299.7,309.2,1478,38.8,199,No Failure
2756,2757,L49936,299.7,309.2,1781,29.6,201,No Failure
2757,2758,L49937,299.8,309.2,1439,36.1,203,No Failure
2758,2759,M17618,299.7,309.2,1412,45.3,205,No Failure
2759,2760,L49939,299.7,309.1,1483,41.1,208,No Failure
2760,2761,L49940,299.8,309.2,1400,42.6,210,No Failure
2761,2762,L49941,299.8,309.3,1299,65.1,212,Overstrain Failure
2762,2763,L49942,299.8,309.2,1479,44.4,214,No Failure
2763,2764,L49943,299.8,309.2,1491,47.5,216,No Failure
2764,2765,M17624,299.9,309.3,1389,52.8,0,No Failure
2765,2766,M17625,299.9,309.4,1399,54.8,3,No Failure
2766,2767,M17626,299.9,309.4,1889,26.0,6,No Failure
2767,2768,L49947,300.0,309.5,1925,21.9,9,No Failure
2768,2769,L49948,300.0,309.5,1675,30.2,11,No Failure
2769,2770,M17629,300.0,309.6,1477,38.1,13,No Failure
2770,2771,L49950,300.0,309.6,1364,45.9,16,No Failure
2771,2772,L49951,299.9,309.5,1451,39.4,18,No Failure
2772,2773,L49952,299.9,309.4,1467,41.2,20,No Failure
2773,2774,L49953,299.9,309.4,1858,22.5,22,No Failure
2774,2775,L49954,300.1,309.4,1559,39.7,24,No Failure
2775,2776,L49955,300.1,309.4,1560,47.7,26,No Failure
2776,2777,L49956,300.1,309.4,1453,47.6,28,No Failure
2777,2778,L49957,300.1,309.4,1464,41.7,30,No Failure
2778,2779,L49958,300.0,309.4,1308,50.2,32,No Failure
2779,2780,L49959,300.1,309.5,1353,50.9,34,No Failure
2780,2781,M17640,300.2,309.6,1556,35.8,36,No Failure
2781,2782,L49961,300.2,309.5,2183,17.8,39,No Failure
2782,2783,M17642,300.2,309.6,1491,41.8,41,No Failure
2783,2784,M17643,300.2,309.6,1528,35.1,44,No Failure
2784,2785,L49964,300.2,309.6,1430,52.7,47,No Failure
2785,2786,L49965,300.2,309.5,1495,32.6,49,No Failure
2786,2787,M17646,300.2,309.5,1630,28.3,51,No Failure
2787,2788,M17647,300.3,309.6,1524,38.4,54,No Failure
2788,2789,L49968,300.3,309.6,1326,52.4,57,No Failure
2789,2790,H32203,300.3,309.5,1438,44.0,59,No Failure
2790,2791,L49970,300.4,309.6,1356,45.9,64,No Failure
2791,2792,H32205,300.4,309.6,1416,43.3,66,No Failure
2792,2793,L49972,300.4,309.7,1584,32.6,71,No Failure
2793,2794,L49973,300.3,309.6,1597,31.8,73,No Failure
2794,2795,L49974,300.4,309.6,1553,43.9,75,No Failure
2795,2796,M17655,300.3,309.5,1405,49.4,77,No Failure
2796,2797,L49976,300.2,309.5,1539,35.3,80,No Failure
2797,2798,M17657,300.3,309.6,1398,53.7,82,No Failure
2798,2799,L49978,300.3,309.6,1568,39.6,85,No Failure
2799,2800,L49979,300.3,309.6,1404,44.6,87,No Failure
2800,2801,M17660,300.2,309.5,1500,45.7,89,No Failure
2801,2802,M17661,300.2,309.5,1642,28.8,92,No Failure
2802,2803,M17662,300.3,309.6,1509,46.6,95,No Failure
2803,2804,L49983,300.2,309.5,1343,50.2,98,No Failure
2804,2805,L49984,300.1,309.5,1450,40.1,100,No Failure
2805,2806,L49985,300.0,309.4,1460,43.5,102,No Failure
2806,2807,L49986,300.0,309.3,1364,41.2,104,No Failure
2807,2808,M17667,299.9,309.3,1452,41.9,106,No Failure
2808,2809,L49988,299.9,309.3,1471,41.8,109,No Failure
2809,2810,L49989,299.9,309.2,1598,34.6,111,No Failure
2810,2811,L49990,299.8,309.1,1772,24.8,113,No Failure
2811,2812,L49991,299.9,309.2,1761,25.6,115,No Failure
2812,2813,M17672,300.0,309.3,1413,40.7,117,No Failure
2813,2814,L49993,300.0,309.3,1887,22.6,120,No Failure
2814,2815,L49994,300.0,309.3,1395,56.5,122,No Failure
2815,2816,M17675,300.1,309.4,1569,31.6,124,No Failure
2816,2817,L49996,300.1,309.4,1434,47.3,127,No Failure
2817,2818,L49997,300.2,309.5,1417,41.1,129,No Failure
2818,2819,L49998,300.2,309.5,1729,28.4,131,No Failure
2819,2820,L49999,300.2,309.5,1356,51.1,133,No Failure
2820,2821,L50000,300.2,309.5,1436,48.8,135,No Failure
2821,2822,M17681,300.3,309.6,1419,42.5,137,No Failure
2822,2823,L50002,300.3,309.6,1593,38.1,140,No Failure
2823,2824,M17683,300.3,309.5,1320,62.2,142,No Failure
2824,2825,M17684,300.3,309.5,1448,42.4,145,No Failure
2825,2826,L50005,300.3,309.4,1470,33.5,148,No Failure
2826,2827,M17686,300.3,309.4,1612,33.1,150,No Failure
2827,2828,L50007,300.4,309.4,1412,51.6,153,No Failure
2828,2829,M17688,300.4,309.4,1875,23.9,155,No Failure
2829,2830,L50009,300.3,309.3,1612,36.0,158,No Failure
2830,2831,M17690,300.4,309.3,1411,41.6,160,No Failure
2831,2832,M17691,300.3,309.2,1490,47.9,163,No Failure
2832,2833,M17692,300.4,309.3,1467,40.3,166,No Failure
2833,2834,L50013,300.3,309.2,1807,26.4,169,No Failure
2834,2835,L50014,300.3,309.1,1368,46.0,171,No Failure
2835,2836,L50015,300.3,309.2,1572,32.0,173,No Failure
2836,2837,M17696,300.3,309.1,1458,44.3,175,No Failure
2837,2838,L50017,300.3,309.1,1699,30.3,178,No Failure
2838,2839,L50018,300.3,309.3,1478,39.5,180,No Failure
2839,2840,M17699,300.4,309.4,1362,42.1,182,No Failure
2840,2841,H32254,300.4,309.4,1487,38.9,185,No Failure
2841,2842,L50021,300.3,309.4,1705,29.4,190,No Failure
2842,2843,L50022,300.3,309.3,1345,53.5,192,No Failure
2843,2844,L50023,300.3,309.2,1532,40.2,194,No Failure
2844,2845,L50024,300.3,309.2,1650,35.2,196,No Failure
2845,2846,L50025,300.3,309.2,1398,54.4,198,No Failure
2846,2847,L50026,300.3,309.2,1412,44.8,200,No Failure
2847,2848,L50027,300.4,309.3,1525,39.6,202,No Failure
2848,2849,M17708,300.3,309.3,1391,57.9,204,No Failure
2849,2850,L50029,300.4,309.3,1766,28.2,207,No Failure
2850,2851,L50030,300.4,309.3,1671,35.0,209,No Failure
2851,2852,L50031,300.5,309.3,1373,48.8,211,No Failure
2852,2853,M17712,300.5,309.4,1347,50.1,213,No Failure
2853,2854,M17713,300.5,309.3,1539,39.1,216,No Failure
2854,2855,L50034,300.5,309.3,1470,40.8,219,No Failure
2855,2856,L50035,300.5,309.3,1528,37.0,221,No Failure
2856,2857,H32270,300.5,309.3,1471,45.2,223,No Failure
2857,2858,M17717,300.4,309.2,1528,37.2,228,No Failure
2858,2859,L50038,300.5,309.3,1417,51.5,231,Overstrain Failure
2859,2860,L50039,300.6,309.4,1549,43.4,233,No Failure
2860,2861,H32274,300.6,309.4,1463,49.2,235,No Failure
2861,2862,L50041,300.7,309.5,1479,43.6,240,No Failure
2862,2863,L50042,300.6,309.5,1867,23.0,242,No Failure
2863,2864,L50043,300.6,309.4,1471,44.1,244,No Failure
2864,2865,H32278,300.6,309.4,1380,47.6,246,Tool Wear Failure
2865,2866,H32279,300.7,309.7,1623,32.7,0,No Failure
2866,2867,L50046,300.8,309.7,1997,20.7,5,No Failure
2867,2868,H32281,300.7,309.6,1390,48.5,7,No Failure
2868,2869,L50048,300.8,309.7,1418,46.6,12,No Failure
2869,2870,L50049,300.8,309.7,1519,35.8,14,No Failure
2870,2871,M17730,300.8,309.7,1519,39.7,16,No Failure
2871,2872,M17731,300.7,309.6,1536,37.2,19,No Failure
2872,2873,L50052,300.8,309.6,1680,28.7,22,No Failure
2873,2874,H32287,300.6,309.4,1555,37.9,24,No Failure
2874,2875,L50054,300.6,309.5,1471,49.6,29,No Failure
2875,2876,M17735,300.5,309.4,1877,23.8,31,No Failure
2876,2877,M17736,300.5,309.3,1578,30.5,34,No Failure
2877,2878,M17737,300.5,309.4,1655,32.1,37,No Failure
2878,2879,H32292,300.5,309.4,1502,34.3,40,No Failure
2879,2880,M17739,300.6,309.4,1367,63.2,45,Power Failure
2880,2881,L50060,300.7,309.5,1541,37.2,48,No Failure
2881,2882,M17741,300.6,309.6,1588,37.0,50,No Failure
2882,2883,L50062,300.6,309.6,1684,32.8,53,No Failure
2883,2884,L50063,300.6,309.5,1437,40.0,55,No Failure
2884,2885,L50064,300.6,309.6,1409,42.4,57,No Failure
2885,2886,M17745,300.5,309.5,1320,49.9,59,No Failure
2886,2887,H32300,300.5,309.5,1635,34.2,62,No Failure
2887,2888,M17747,300.5,309.5,1691,27.6,67,No Failure
2888,2889,M17748,300.6,309.6,1365,50.0,70,No Failure
2889,2890,M17749,300.7,309.7,1523,38.2,73,No Failure
2890,2891,L50070,300.6,309.7,1593,32.4,76,No Failure
2891,2892,L50071,300.6,309.6,1682,30.7,78,No Failure
2892,2893,L50072,300.7,309.6,1329,54.3,80,No Failure
2893,2894,M17753,300.7,309.6,1568,35.2,82,No Failure
2894,2895,L50074,300.7,309.6,1733,24.8,85,No Failure
2895,2896,M17755,300.7,309.6,1473,48.1,87,No Failure
2896,2897,M17756,300.7,309.5,1633,31.3,90,No Failure
2897,2898,M17757,300.6,309.5,1530,40.2,93,No Failure
2898,2899,M17758,300.6,309.5,1550,40.2,96,No Failure
2899,2900,L50079,300.6,309.4,1410,40.6,99,No Failure
2900,2901,L50080,300.5,309.3,1574,33.5,101,No Failure
2901,2902,L50081,300.6,309.4,1425,40.3,103,No Failure
2902,2903,M17762,300.6,309.4,1541,35.2,105,No Failure
2903,2904,M17763,300.7,309.5,1733,26.7,108,No Failure
2904,2905,L50084,300.6,309.4,2496,13.5,111,No Failure
2905,2906,L50085,300.6,309.4,1552,36.4,113,No Failure
2906,2907,L50086,300.6,309.3,1409,38.7,115,No Failure
2907,2908,M17767,300.6,309.4,1581,35.7,117,No Failure
2908,2909,L50088,300.7,309.5,1251,59.9,120,No Failure
2909,2910,L50089,300.7,309.6,1500,44.1,122,No Failure
2910,2911,L50090,300.6,309.5,1576,38.8,124,No Failure
2911,2912,M17771,300.7,309.5,1352,44.0,126,No Failure
2912,2913,L50092,300.7,309.6,1661,30.3,129,No Failure
2913,2914,L50093,300.7,309.6,1541,34.6,131,No Failure
2914,2915,H32328,300.6,309.6,1888,20.5,133,No Failure
2915,2916,L50095,300.5,309.5,1255,62.1,138,No Failure
2916,2917,L50096,300.6,309.6,1411,41.6,140,No Failure
2917,2918,L50097,300.6,309.5,1516,39.0,142,No Failure
2918,2919,M17778,300.6,309.5,1492,34.0,144,No Failure
2919,2920,L50099,300.6,309.6,1726,30.0,147,No Failure
2920,2921,L50100,300.7,309.7,1598,33.7,149,No Failure
2921,2922,L50101,300.8,309.8,1657,31.1,151,No Failure
2922,2923,L50102,300.8,309.7,1481,38.1,153,No Failure
2923,2924,M17783,300.7,309.7,1397,51.3,155,No Failure
2924,2925,L50104,300.8,309.7,1461,44.3,158,No Failure
2925,2926,M17785,300.7,309.6,1388,51.1,160,No Failure
2926,2927,L50106,300.7,309.7,1507,52.4,163,No Failure
2927,2928,M17787,300.7,309.6,1421,49.8,165,No Failure
2928,2929,M17788,300.8,309.7,1258,54.9,168,No Failure
2929,2930,M17789,300.8,309.7,1482,39.0,171,No Failure
2930,2931,H32344,300.7,309.6,1403,51.3,174,No Failure
2931,2932,L50111,300.8,309.7,1373,45.4,179,No Failure
2932,2933,L50112,300.9,309.7,1460,42.1,181,No Failure
2933,2934,M17793,300.8,309.7,1751,27.9,183,No Failure
2934,2935,M17794,300.8,309.6,1546,42.3,186,No Failure
2935,2936,M17795,300.8,309.7,1680,28.2,189,No Failure
2936,2937,M17796,300.9,309.7,1394,48.8,192,No Failure
2937,2938,L50117,300.7,309.6,1810,26.0,195,No Failure
2938,2939,L50118,300.7,309.5,1479,34.5,197,No Failure
2939,2940,L50119,300.9,309.7,1431,41.4,199,No Failure
2940,2941,L50120,300.9,309.7,2355,14.4,201,No Failure
2941,2942,M17801,300.7,309.6,1996,19.8,203,Tool Wear Failure
2942,2943,L50122,300.7,309.5,1461,49.9,0,No Failure
2943,2944,H32357,300.7,309.5,2007,19.7,2,No Failure
2944,2945,L50124,300.7,309.6,1505,34.9,7,No Failure
2945,2946,H32359,300.7,309.6,1925,20.5,9,No Failure
2946,2947,M17806,300.7,309.5,1622,30.5,14,No Failure
2947,2948,L50127,300.7,309.5,1592,29.0,17,No Failure
2948,2949,L50128,300.7,309.5,1850,24.5,19,No Failure
2949,2950,M17809,300.7,309.5,1470,48.7,21,No Failure
2950,2951,M17810,300.7,309.5,1445,46.4,24,No Failure
2951,2952,L50131,300.7,309.5,1685,31.1,27,No Failure
2952,2953,H32366,300.7,309.5,1667,30.5,29,No Failure
2953,2954,L50133,300.7,309.5,1578,35.4,34,No Failure
2954,2955,H32368,300.6,309.4,1691,28.0,36,No Failure
2955,2956,M17815,300.7,309.5,1439,43.8,41,No Failure
2956,2957,M17816,300.8,309.6,1404,38.7,44,No Failure
2957,2958,L50137,300.8,309.6,1498,45.8,47,No Failure
2958,2959,M17818,300.8,309.5,1481,44.5,49,No Failure
2959,2960,M17819,300.7,309.4,1589,35.0,52,No Failure
2960,2961,L50140,300.7,309.5,1467,44.3,55,No Failure
2961,2962,L50141,300.6,309.4,1654,32.8,57,No Failure
2962,2963,L50142,300.7,309.5,1508,39.9,59,No Failure
2963,2964,M17823,300.7,309.6,1439,43.0,61,No Failure
2964,2965,L50144,300.7,309.5,1692,30.3,64,No Failure
2965,2966,M17825,300.7,309.5,1838,24.9,66,No Failure
2966,2967,L50146,300.6,309.3,1601,40.2,69,No Failure
2967,2968,L50147,300.6,309.4,1369,51.6,71,No Failure
2968,2969,M17828,300.6,309.4,1312,45.2,73,No Failure
2969,2970,L50149,300.6,309.4,1468,44.1,76,No Failure
2970,2971,M17830,300.6,309.4,1452,39.4,78,No Failure
2971,2972,M17831,300.7,309.5,1393,43.9,81,No Failure
2972,2973,M17832,300.6,309.4,1432,44.2,84,No Failure
2973,2974,M17833,300.6,309.3,1510,46.0,87,No Failure
2974,2975,M17834,300.6,309.4,1521,37.2,90,No Failure
2975,2976,H32389,300.5,309.4,1360,46.2,93,No Failure
2976,2977,M17836,300.5,309.3,1881,25.5,98,No Failure
2977,2978,L50157,300.4,309.3,1413,50.3,101,No Failure
2978,2979,H32392,300.5,309.4,1642,36.2,103,No Failure
2979,2980,L50159,300.5,309.5,1542,38.5,108,No Failure
2980,2981,L50160,300.4,309.5,1447,39.3,110,No Failure
2981,2982,H32395,300.4,309.4,1530,40.4,112,No Failure
2982,2983,L50162,300.5,309.5,1795,27.7,117,No Failure
2983,2984,L50163,300.6,309.6,1290,57.4,119,No Failure
2984,2985,L50164,300.6,309.7,1639,30.4,121,No Failure
2985,2986,L50165,300.7,309.8,1596,31.5,123,No Failure
2986,2987,L50166,300.6,309.8,1455,48.0,125,No Failure
2987,2988,M17847,300.6,309.8,1659,28.9,127,No Failure
2988,2989,M17848,300.6,309.8,1532,42.5,130,No Failure
2989,2990,L50169,300.6,309.8,1502,42.4,133,No Failure
2990,2991,L50170,300.6,309.8,1688,28.6,135,No Failure
2991,2992,M17851,300.5,309.7,1341,50.9,137,No Failure
2992,2993,M17852,300.5,309.7,1685,29.4,140,No Failure
2993,2994,M17853,300.5,309.8,1370,55.9,143,No Failure
2994,2995,L50174,300.5,309.8,1461,52.5,146,No Failure
2995,2996,L50175,300.5,309.8,1550,37.4,148,No Failure
2996,2997,M17856,300.5,309.8,1508,37.8,150,No Failure
2997,2998,L50177,300.5,309.8,1345,62.7,153,No Failure
2998,2999,L50178,300.5,309.7,1616,34.5,155,No Failure
2999,3000,L50179,300.5,309.7,1395,61.0,157,No Failure
3000,3001,H32414,300.5,309.8,1324,72.8,159,Power Failure
3001,3002,L50181,300.5,309.8,1445,43.9,164,No Failure
3002,3003,M17862,300.5,309.8,1555,38.9,166,No Failure
3003,3004,M17863,300.6,309.9,1449,42.4,169,No Failure
3004,3005,M17864,300.5,309.9,1466,53.2,172,No Failure
3005,3006,L50185,300.5,309.9,1503,37.4,175,No Failure
3006,3007,L50186,300.4,309.7,1488,35.7,177,No Failure
3007,3008,L50187,300.4,309.7,1314,50.2,179,No Failure
3008,3009,M17868,300.4,309.7,1547,38.0,181,No Failure
3009,3010,M17869,300.4,309.7,1466,39.8,184,No Failure
3010,3011,L50190,300.3,309.6,1537,37.1,187,No Failure
3011,3012,M17871,300.2,309.5,1434,51.5,189,No Failure
3012,3013,L50192,300.4,309.6,1432,44.7,192,No Failure
3013,3014,L50193,300.5,309.6,1390,48.4,194,No Failure
3014,3015,L50194,300.5,309.7,1580,42.8,196,No Failure
3015,3016,L50195,300.5,309.7,1589,30.5,198,No Failure
3016,3017,L50196,300.5,309.8,1441,48.8,200,No Failure
3017,3018,L50197,300.5,309.8,1305,51.7,202,No Failure
3018,3019,M17878,300.5,309.8,1566,35.9,204,No Failure
3019,3020,L50199,300.5,309.8,1379,54.2,207,Overstrain Failure
3020,3021,L50200,300.4,309.6,1543,38.1,209,No Failure
3021,3022,L50201,300.5,309.8,1421,49.6,211,No Failure
3022,3023,L50202,300.5,309.6,1760,30.6,213,No Failure
3023,3024,L50203,300.4,309.5,1711,29.2,215,No Failure
3024,3025,L50204,300.5,309.6,1465,41.6,217,No Failure
3025,3026,L50205,300.5,309.6,1366,50.2,219,No Failure
3026,3027,M17886,300.4,309.5,1888,21.9,221,No Failure
3027,3028,L50207,300.5,309.5,1777,23.6,0,No Failure
3028,3029,L50208,300.5,309.5,1379,55.6,2,No Failure
3029,3030,L50209,300.4,309.5,1525,51.3,4,No Failure
3030,3031,M17890,300.4,309.6,1563,34.0,6,No Failure
3031,3032,M17891,300.5,309.7,1389,43.3,9,No Failure
3032,3033,M17892,300.6,309.8,1447,42.9,12,No Failure
3033,3034,M17893,300.6,309.7,1934,22.8,15,No Failure
3034,3035,H32448,300.6,309.7,1470,43.8,18,No Failure
3035,3036,M17895,300.6,309.7,1428,42.6,23,No Failure
3036,3037,L50216,300.4,309.6,1319,48.1,26,No Failure
3037,3038,L50217,300.5,309.7,1887,24.3,28,No Failure
3038,3039,L50218,300.4,309.5,1349,50.4,30,No Failure
3039,3040,M17899,300.3,309.5,1665,31.4,32,No Failure
3040,3041,L50220,300.3,309.5,1474,38.7,35,No Failure
3041,3042,L50221,300.4,309.5,1543,38.9,37,No Failure
3042,3043,M17902,300.2,309.4,1459,43.9,39,No Failure
3043,3044,L50223,300.3,309.5,1551,37.9,42,No Failure
3044,3045,L50224,300.2,309.4,1981,21.4,44,No Failure
3045,3046,L50225,300.2,309.4,1526,35.3,46,No Failure
3046,3047,M17906,300.2,309.4,1501,40.0,48,No Failure
3047,3048,L50227,300.2,309.4,1558,38.3,51,No Failure
3048,3049,L50228,300.2,309.3,1532,43.2,53,No Failure
3049,3050,L50229,300.1,309.2,1326,55.9,55,No Failure
3050,3051,L50230,300.2,309.2,1431,51.3,57,No Failure
3051,3052,L50231,300.2,309.3,1366,49.3,59,No Failure
3052,3053,L50232,300.1,309.2,1421,42.5,61,No Failure
3053,3054,H32467,300.2,309.3,1506,35.6,63,No Failure
3054,3055,H32468,300.2,309.3,1342,48.7,68,No Failure
3055,3056,L50235,300.1,309.2,1427,37.6,73,No Failure
3056,3057,L50236,300.2,309.2,1667,29.9,75,No Failure
3057,3058,L50237,300.1,309.1,1400,46.7,77,No Failure
3058,3059,L50238,300.0,309.0,1709,32.1,79,No Failure
3059,3060,M17919,300.0,309.0,1368,45.8,81,No Failure
3060,3061,L50240,300.0,309.1,1882,23.8,84,No Failure
3061,3062,L50241,300.1,309.1,1353,58.7,86,No Failure
3062,3063,L50242,299.9,309.0,1553,40.0,88,No Failure
3063,3064,L50243,300.0,309.1,1431,45.4,90,No Failure
3064,3065,M17924,300.1,309.1,1731,30.4,92,No Failure
3065,3066,M17925,300.1,309.2,1687,27.7,95,Random Failures
3066,3067,M17926,300.1,309.2,1457,44.3,98,No Failure
3067,3068,L50247,300.1,309.2,1533,37.0,101,No Failure
3068,3069,H32482,300.0,309.0,1622,31.8,103,No Failure
3069,3070,L50249,300.0,309.1,1791,28.2,108,No Failure
3070,3071,L50250,300.0,309.1,1631,28.3,110,No Failure
3071,3072,L50251,300.0,309.0,2174,16.9,112,No Failure
3072,3073,L50252,300.1,309.0,1314,58.2,114,No Failure
3073,3074,L50253,300.1,309.1,1478,46.9,116,No Failure
3074,3075,L50254,300.1,309.2,1783,27.3,118,No Failure
3075,3076,M17935,300.1,309.2,1385,46.1,120,No Failure
3076,3077,L50256,300.0,309.2,1444,43.6,123,No Failure
3077,3078,L50257,300.1,309.3,1841,23.0,125,No Failure
3078,3079,M17938,300.1,309.4,1349,56.2,127,No Failure
3079,3080,L50259,300.1,309.3,1340,56.0,130,No Failure
3080,3081,M17940,299.9,309.2,1539,43.2,132,No Failure
3081,3082,M17941,300.0,309.3,1932,21.8,135,No Failure
3082,3083,M17942,300.0,309.3,1407,43.9,138,No Failure
3083,3084,L50263,300.1,309.3,1712,28.5,141,No Failure
3084,3085,H32498,300.1,309.4,1329,55.2,143,No Failure
3085,3086,L50265,300.1,309.2,1441,42.9,148,No Failure
3086,3087,L50266,300.0,309.2,1610,32.1,150,No Failure
3087,3088,M17947,300.0,309.1,1474,45.2,152,No Failure
3088,3089,M17948,300.0,309.1,1624,30.8,155,No Failure
3089,3090,H32503,300.1,309.3,1520,38.2,158,No Failure
3090,3091,H32504,300.1,309.3,1448,45.8,163,No Failure
3091,3092,L50271,300.0,309.3,1558,29.7,168,No Failure
3092,3093,M17952,300.0,309.3,2293,16.3,170,No Failure
3093,3094,L50273,300.0,309.3,1397,51.2,173,No Failure
3094,3095,L50274,300.0,309.3,1972,22.0,175,No Failure
3095,3096,M17955,299.9,309.2,1574,36.5,177,No Failure
3096,3097,L50276,299.9,309.2,1560,38.9,180,No Failure
3097,3098,M17957,299.9,309.2,1353,49.8,182,No Failure
3098,3099,M17958,299.9,309.2,1389,51.2,185,No Failure
3099,3100,M17959,299.9,309.1,1513,43.8,188,No Failure
3100,3101,L50280,299.8,309.1,1578,42.1,191,No Failure
3101,3102,H32515,299.8,309.0,1467,37.3,193,No Failure
3102,3103,L50282,299.9,309.1,1412,48.3,198,No Failure
3103,3104,L50283,299.8,309.1,1668,30.3,200,No Failure
3104,3105,M17964,299.8,309.2,1678,29.8,202,No Failure
3105,3106,L50285,299.8,309.1,1612,35.4,205,No Failure
3106,3107,L50286,299.8,309.1,1485,39.9,207,No Failure
3107,3108,M17967,299.8,309.1,1456,39.4,209,No Failure
3108,3109,L50288,299.8,309.2,1504,38.7,212,No Failure
3109,3110,L50289,299.9,309.2,1491,44.3,214,No Failure
3110,3111,H32524,299.9,309.2,1525,33.2,0,No Failure
3111,3112,L50291,300.0,309.2,1759,27.9,5,No Failure
3112,3113,M17972,299.8,309.1,1355,56.7,7,No Failure
3113,3114,M17973,299.9,309.1,1345,56.8,10,No Failure
3114,3115,M17974,299.9,309.2,1683,30.5,13,No Failure
3115,3116,L50295,299.9,309.2,1658,34.8,16,No Failure
3116,3117,L50296,300.0,309.2,1566,34.4,18,No Failure
3117,3118,M17977,300.1,309.3,1469,43.9,20,No Failure
3118,3119,M17978,300.2,309.5,1458,46.9,23,No Failure
3119,3120,L50299,300.1,309.4,1858,23.6,26,No Failure
3120,3121,H32534,300.1,309.4,1563,40.8,28,No Failure
3121,3122,L50301,300.1,309.4,2141,17.9,33,No Failure
3122,3123,L50302,300.0,309.3,1473,46.0,35,No Failure
3123,3124,H32537,300.0,309.4,1498,38.5,37,No Failure
3124,3125,L50304,300.1,309.4,1568,39.7,42,No Failure
3125,3126,L50305,300.1,309.4,1694,27.4,44,No Failure
3126,3127,L50306,300.0,309.4,1499,35.7,46,No Failure
3127,3128,L50307,300.0,309.5,1717,28.3,48,No Failure
3128,3129,M17988,300.1,309.5,1462,42.8,50,No Failure
3129,3130,L50309,300.1,309.6,1642,34.5,53,No Failure
3130,3131,L50310,300.1,309.6,1760,25.4,55,No Failure
3131,3132,L50311,300.1,309.5,1660,32.7,57,No Failure
3132,3133,L50312,300.1,309.5,1557,40.6,59,No Failure
3133,3134,H32547,300.2,309.6,1442,49.2,61,No Failure
3134,3135,L50314,300.2,309.6,1359,51.5,66,No Failure
3135,3136,L50315,300.4,309.8,1342,52.5,68,No Failure
3136,3137,L50316,300.4,309.9,1435,54.8,70,No Failure
3137,3138,L50317,300.4,309.9,1567,36.5,72,No Failure
3138,3139,L50318,300.4,309.9,1376,43.5,74,No Failure
3139,3140,H32553,300.4,309.9,1513,38.7,76,No Failure
3140,3141,H32554,300.4,309.9,2563,12.8,81,Power Failure
3141,3142,L50321,300.5,310.0,1521,45.1,86,No Failure
3142,3143,L50322,300.6,310.0,1658,34.7,88,No Failure
3143,3144,H32557,300.6,310.0,1419,42.4,90,No Failure
3144,3145,M18004,300.6,310.0,1478,36.3,95,No Failure
3145,3146,M18005,300.5,310.0,1415,43.5,98,No Failure
3146,3147,M18006,300.5,309.9,1780,26.5,101,No Failure
3147,3148,M18007,300.4,309.7,1440,42.8,104,No Failure
3148,3149,H32562,300.4,309.8,1448,39.7,107,No Failure
3149,3150,H32563,300.4,309.7,1500,35.2,112,No Failure
3150,3151,L50330,300.4,309.8,1513,32.9,117,No Failure
3151,3152,L50331,300.5,309.8,1428,43.8,119,No Failure
3152,3153,M18012,300.5,309.8,1473,42.3,121,No Failure
3153,3154,M18013,300.5,309.9,1483,49.3,124,No Failure
3154,3155,L50334,300.4,309.7,1534,42.5,127,No Failure
3155,3156,L50335,300.5,309.8,1367,54.0,129,No Failure
3156,3157,L50336,300.4,309.7,1467,36.9,131,No Failure
3157,3158,M18017,300.4,309.7,1488,42.2,133,No Failure
3158,3159,L50338,300.4,309.7,1679,30.1,136,No Failure
3159,3160,H32573,300.4,309.8,1409,47.5,138,No Failure
3160,3161,M18020,300.4,309.7,1367,51.2,143,No Failure
3161,3162,L50341,300.4,309.8,1314,63.1,146,No Failure
3162,3163,L50342,300.5,309.9,1480,40.0,148,No Failure
3163,3164,L50343,300.4,309.8,1549,38.9,150,No Failure
3164,3165,L50344,300.4,309.7,1685,31.3,152,No Failure
3165,3166,L50345,300.4,309.6,1536,34.5,154,No Failure
3166,3167,M18026,300.4,309.7,1539,37.7,156,No Failure
3167,3168,L50347,300.4,309.7,1384,45.1,159,No Failure
3168,3169,M18028,300.4,309.6,1614,30.3,161,No Failure
3169,3170,M18029,300.4,309.6,1675,35.5,164,No Failure
3170,3171,M18030,300.4,309.7,1685,32.3,167,No Failure
3171,3172,L50351,300.4,309.6,1386,56.9,170,No Failure
3172,3173,M18032,300.3,309.6,1488,41.3,172,No Failure
3173,3174,L50353,300.3,309.6,1624,32.6,175,No Failure
3174,3175,L50354,300.3,309.6,1600,34.6,177,No Failure
3175,3176,L50355,300.3,309.6,1468,44.7,179,No Failure
3176,3177,L50356,300.3,309.6,1435,45.4,181,No Failure
3177,3178,M18037,300.2,309.5,1564,33.4,183,No Failure
3178,3179,M18038,300.2,309.4,1329,53.6,186,No Failure
3179,3180,L50359,300.1,309.3,1570,36.8,189,No Failure
3180,3181,M18040,300.2,309.4,1433,48.8,191,No Failure
3181,3182,L50361,300.2,309.4,1527,37.0,194,No Failure
3182,3183,M18042,300.1,309.3,1443,50.3,196,No Failure
3183,3184,L50363,300.1,309.3,1616,32.0,199,No Failure
3184,3185,L50364,300.1,309.3,1654,31.0,201,No Failure
3185,3186,L50365,300.1,309.3,1685,27.1,203,No Failure
3186,3187,M18046,300.2,309.4,1456,48.8,205,No Failure
3187,3188,M18047,300.2,309.4,1752,27.8,208,No Failure
3188,3189,M18048,300.1,309.2,1438,51.0,211,No Failure
3189,3190,L50369,300.1,309.1,1551,33.7,214,No Failure
3190,3191,L50370,300.1,309.2,1599,30.1,216,No Failure
3191,3192,M18051,300.1,309.2,1732,33.7,218,No Failure
3192,3193,M18052,300.1,309.2,1418,39.8,221,No Failure
3193,3194,L50373,300.0,309.1,1401,44.5,0,No Failure
3194,3195,L50374,300.0,309.0,1454,51.7,2,No Failure
3195,3196,M18055,300.0,309.2,1635,32.4,4,No Failure
3196,3197,L50376,300.0,309.1,1489,40.3,7,No Failure
3197,3198,L50377,300.0,309.1,1465,40.6,9,No Failure
3198,3199,M18058,300.0,309.1,1463,45.7,11,No Failure
3199,3200,H32613,300.1,309.1,1560,35.4,14,No Failure
3200,3201,M18060,300.1,309.2,1454,44.4,19,No Failure
3201,3202,L50381,300.2,309.1,1479,47.0,22,No Failure
3202,3203,L50382,300.2,309.2,1430,43.4,24,No Failure
3203,3204,M18063,300.1,309.1,1533,38.0,26,No Failure
3204,3205,L50384,300.1,309.0,1404,54.8,29,No Failure
3205,3206,M18065,300.1,308.9,1548,38.4,31,No Failure
3206,3207,M18066,300.1,309.0,1612,33.0,34,No Failure
3207,3208,M18067,300.2,309.0,1642,31.2,37,No Failure
3208,3209,M18068,300.2,309.1,1406,42.2,40,No Failure
3209,3210,L50389,300.3,309.2,1587,31.4,43,No Failure
3210,3211,M18070,300.3,309.2,1364,47.6,45,No Failure
3211,3212,L50391,300.3,309.2,1462,51.4,48,No Failure
3212,3213,L50392,300.3,309.2,1649,32.4,50,No Failure
3213,3214,L50393,300.4,309.2,1752,29.0,52,No Failure
3214,3215,H32628,300.4,309.3,1396,51.2,54,No Failure
3215,3216,M18075,300.5,309.4,2179,16.3,59,No Failure
3216,3217,L50396,300.5,309.5,1653,27.6,62,No Failure
3217,3218,L50397,300.6,309.5,2025,21.4,64,No Failure
3218,3219,L50398,300.6,309.6,1426,53.6,66,No Failure
3219,3220,M18079,300.6,309.6,1503,38.4,68,No Failure
3220,3221,M18080,300.7,309.6,1525,36.5,71,No Failure
3221,3222,L50401,300.6,309.6,1423,49.1,74,No Failure
3222,3223,M18082,300.7,309.7,1435,44.7,76,No Failure
3223,3224,H32637,300.6,309.5,1495,36.5,79,No Failure
3224,3225,M18084,300.6,309.5,1557,33.8,84,No Failure
3225,3226,L50405,300.6,309.4,1474,40.7,87,No Failure
3226,3227,L50406,300.5,309.3,1465,46.0,89,No Failure
3227,3228,M18087,300.5,309.3,1589,34.9,91,No Failure
3228,3229,L50408,300.5,309.3,1475,46.8,94,No Failure
3229,3230,L50409,300.6,309.4,1442,43.2,96,No Failure
3230,3231,L50410,300.6,309.4,1556,36.0,98,No Failure
3231,3232,L50411,300.7,309.3,1425,45.3,100,No Failure
3232,3233,L50412,300.7,309.3,1580,38.3,102,No Failure
3233,3234,H32647,300.8,309.4,1474,40.7,104,No Failure
3234,3235,L50414,300.8,309.4,1489,38.4,109,No Failure
3235,3236,L50415,300.8,309.4,1946,20.5,111,No Failure
3236,3237,M18096,300.8,309.4,1342,62.4,113,Heat Dissipation Failure
3237,3238,M18097,300.9,309.5,1758,26.8,116,No Failure
3238,3239,M18098,300.9,309.4,1724,25.6,119,No Failure
3239,3240,L50419,301.0,309.5,1430,48.5,122,No Failure
3240,3241,L50420,300.9,309.5,1612,35.2,124,No Failure
3241,3242,H32655,300.9,309.5,1469,43.4,126,No Failure
3242,3243,L50422,300.9,309.6,1384,42.4,131,No Failure
3243,3244,L50423,301.0,309.6,1724,28.1,133,No Failure
3244,3245,M18104,301.0,309.6,1397,48.0,135,No Failure
3245,3246,M18105,301.0,309.6,1588,32.7,138,No Failure
3246,3247,L50426,301.0,309.7,1468,42.0,141,No Failure
3247,3248,M18107,301.0,309.8,1594,31.1,143,No Failure
3248,3249,M18108,301.0,309.7,1511,39.3,146,No Failure
3249,3250,L50429,301.1,309.8,1493,38.9,149,No Failure
3250,3251,H32664,301.2,309.8,1709,27.0,151,No Failure
3251,3252,L50431,301.1,309.6,1501,36.1,156,No Failure
3252,3253,L50432,301.1,309.7,1668,30.8,158,No Failure
3253,3254,L50433,301.1,309.6,1502,48.9,160,No Failure
3254,3255,M18114,301.0,309.7,1288,58.4,162,No Failure
3255,3256,L50435,301.0,309.7,1491,42.9,165,No Failure
3256,3257,L50436,301.1,309.8,1519,39.6,167,No Failure
3257,3258,L50437,301.2,309.9,1984,19.7,169,No Failure
3258,3259,L50438,301.2,309.9,1643,32.9,171,No Failure
3259,3260,M18119,301.2,310.0,1625,31.6,173,No Failure
3260,3261,M18120,301.3,310.0,2068,17.8,176,No Failure
3261,3262,H32675,301.3,310.1,1469,39.7,179,No Failure
3262,3263,L50442,301.3,310.1,1558,36.3,184,No Failure
3263,3264,L50443,301.3,310.0,1344,54.8,186,No Failure
3264,3265,H32678,301.3,310.1,1455,44.1,188,No Failure
3265,3266,L50445,301.3,310.1,1355,53.6,193,No Failure
3266,3267,L50446,301.3,310.1,1269,56.8,195,Overstrain Failure
3267,3268,L50447,301.3,310.0,1550,41.5,197,No Failure
3268,3269,M18128,301.3,310.1,1525,37.8,199,No Failure
3269,3270,M18129,301.3,310.0,1696,32.4,202,No Failure
3270,3271,L50450,301.4,310.1,1937,21.8,205,No Failure
3271,3272,M18131,301.4,310.0,1689,32.1,207,No Failure
3272,3273,M18132,301.3,310.0,1593,30.8,210,No Failure
3273,3274,M18133,301.3,309.9,1565,36.0,213,No Failure
3274,3275,L50454,301.3,310.0,1665,31.4,0,No Failure
3275,3276,H32689,301.3,310.0,1532,36.3,2,No Failure
3276,3277,L50456,301.3,310.0,1438,40.9,7,No Failure
3277,3278,L50457,301.3,310.1,1531,41.6,9,No Failure
3278,3279,L50458,301.3,310.0,1506,40.8,11,No Failure
3279,3280,L50459,301.2,309.9,1382,52.4,13,No Failure
3280,3281,M18140,301.2,309.9,1456,50.8,15,No Failure
3281,3282,M18141,301.2,310.0,1445,45.6,18,No Failure
3282,3283,L50462,301.2,309.9,1515,40.9,21,No Failure
3283,3284,L50463,301.2,309.9,1449,45.5,23,No Failure
3284,3285,H32698,301.2,309.9,1362,50.7,25,No Failure
3285,3286,L50465,301.2,309.9,1687,29.7,30,No Failure
3286,3287,L50466,301.2,310.0,1618,37.6,32,No Failure
3287,3288,M18147,301.2,310.1,1558,32.6,34,No Failure
3288,3289,L50468,301.3,310.1,1662,31.0,37,No Failure
3289,3290,M18149,301.2,310.1,1295,56.6,39,No Failure
3290,3291,L50470,301.2,310.2,1385,42.3,42,No Failure
3291,3292,M18151,301.2,310.1,1479,45.5,44,No Failure
3292,3293,L50472,301.3,310.3,1400,44.3,47,No Failure
3293,3294,M18153,301.2,310.3,1357,54.5,49,No Failure
3294,3295,L50474,301.1,310.2,1657,34.1,52,No Failure
3295,3296,L50475,301.1,310.2,1496,43.4,54,No Failure
3296,3297,M18156,301.2,310.3,1379,43.2,56,No Failure
3297,3298,L50477,301.2,310.3,1548,38.6,59,No Failure
3298,3299,L50478,301.2,310.3,1499,38.1,61,No Failure
3299,3300,L50479,301.3,310.5,1390,45.8,63,No Failure
3300,3301,H32714,301.3,310.4,1538,38.4,65,No Failure
3301,3302,L50481,301.3,310.5,1365,47.7,70,No Failure
3302,3303,L50482,301.3,310.5,1503,48.6,72,No Failure
3303,3304,L50483,301.2,310.4,1390,49.9,74,No Failure
3304,3305,L50484,301.2,310.3,1497,45.7,76,No Failure
3305,3306,M18165,301.3,310.4,1577,48.3,78,No Failure
3306,3307,L50486,301.4,310.5,1432,54.3,81,No Failure
3307,3308,M18167,301.4,310.5,1563,39.9,83,No Failure
3308,3309,L50488,301.4,310.4,1433,43.4,86,No Failure
3309,3310,L50489,301.3,310.4,1384,50.1,88,No Failure
3310,3311,L50490,301.3,310.4,1346,46.7,90,No Failure
3311,3312,L50491,301.3,310.4,1459,44.7,92,No Failure
3312,3313,L50492,301.4,310.4,1639,28.9,94,No Failure
3313,3314,L50493,301.4,310.4,1737,31.9,96,No Failure
3314,3315,L50494,301.4,310.5,1489,43.5,98,No Failure
3315,3316,M18175,301.5,310.6,1492,43.0,100,No Failure
3316,3317,M18176,301.4,310.5,1217,60.6,103,No Failure
3317,3318,L50497,301.5,310.5,1636,28.7,106,No Failure
3318,3319,L50498,301.4,310.4,1436,49.7,108,No Failure
3319,3320,L50499,301.4,310.4,1689,30.6,110,No Failure
3320,3321,L50500,301.5,310.5,2289,16.4,112,No Failure
3321,3322,L50501,301.5,310.6,1522,41.0,114,No Failure
3322,3323,L50502,301.5,310.5,1351,52.9,116,No Failure
3323,3324,L50503,301.5,310.5,1589,36.7,118,No Failure
3324,3325,L50504,301.5,310.6,1578,34.1,120,No Failure
3325,3326,L50505,301.5,310.6,1587,33.7,122,No Failure
3326,3327,L50506,301.5,310.6,1962,20.2,124,No Failure
3327,3328,M18187,301.5,310.6,2432,14.2,126,No Failure
3328,3329,L50508,301.6,310.6,1418,43.9,129,No Failure
3329,3330,L50509,301.6,310.7,1683,29.7,131,No Failure
3330,3331,L50510,301.7,310.8,1385,50.7,133,No Failure
3331,3332,L50511,301.7,310.8,1559,44.5,135,No Failure
3332,3333,M18192,301.7,310.8,1671,31.6,137,No Failure
3333,3334,M18193,301.6,310.8,1343,49.5,140,No Failure
3334,3335,M18194,301.6,310.8,1548,34.2,143,No Failure
3335,3336,L50515,301.7,310.9,1705,31.2,146,No Failure
3336,3337,L50516,301.6,310.8,1535,35.4,148,No Failure
3337,3338,L50517,301.6,310.8,1564,34.1,150,No Failure
3338,3339,M18198,301.6,310.9,1510,40.9,152,No Failure
3339,3340,L50519,301.6,310.9,1492,45.2,155,No Failure
3340,3341,M18200,301.5,310.8,1452,44.1,157,No Failure
3341,3342,H32755,301.4,310.7,1329,52.0,160,No Failure
3342,3343,L50522,301.5,310.8,1382,52.4,165,No Failure
3343,3344,M18203,301.5,310.8,1628,36.4,167,No Failure
3344,3345,L50524,301.4,310.7,1706,27.9,170,No Failure
3345,3346,L50525,301.3,310.7,1594,34.1,172,No Failure
3346,3347,L50526,301.3,310.7,1761,24.3,174,No Failure
3347,3348,L50527,301.3,310.6,1529,41.8,176,No Failure
3348,3349,M18208,301.3,310.7,1532,40.7,178,No Failure
3349,3350,L50529,301.4,310.7,1673,27.8,181,No Failure
3350,3351,L50530,301.4,310.8,1285,62.6,183,Overstrain Failure
3351,3352,L50531,301.4,310.8,1680,31.4,185,No Failure
3352,3353,L50532,301.4,310.8,1610,34.6,187,No Failure
3353,3354,L50533,301.6,310.9,1632,31.6,189,No Failure
3354,3355,L50534,301.6,310.9,1559,40.2,191,No Failure
3355,3356,L50535,301.5,310.8,1367,49.0,193,No Failure
3356,3357,L50536,301.6,310.8,1355,57.8,195,Overstrain Failure
3357,3358,H32771,301.6,310.7,1414,51.7,197,No Failure
3358,3359,L50538,301.5,310.6,1522,36.6,202,No Failure
3359,3360,L50539,301.5,310.6,1525,41.9,204,No Failure
3360,3361,L50540,301.5,310.6,1394,46.5,206,No Failure
3361,3362,L50541,301.5,310.6,1519,40.7,208,No Failure
3362,3363,L50542,301.4,310.6,1445,43.9,210,No Failure
3363,3364,L50543,301.4,310.6,1555,43.3,212,No Failure
3364,3365,L50544,301.4,310.5,1633,39.5,0,No Failure
3365,3366,M18225,301.4,310.6,1630,30.3,2,No Failure
3366,3367,M18226,301.4,310.7,1692,32.3,5,No Failure
3367,3368,H32781,301.5,310.7,1790,26.2,8,No Failure
3368,3369,L50548,301.5,310.8,1350,58.5,13,No Failure
3369,3370,L50549,301.5,310.9,2760,8.0,15,Power Failure
3370,3371,L50550,301.4,310.7,1584,32.2,17,No Failure
3371,3372,L50551,301.4,310.7,1989,21.8,19,No Failure
3372,3373,L50552,301.4,310.8,1431,44.3,21,No Failure
3373,3374,L50553,301.4,310.7,1568,35.2,23,No Failure
3374,3375,L50554,301.4,310.7,1376,50.6,25,No Failure
3375,3376,M18235,301.4,310.6,1459,46.9,27,No Failure
3376,3377,M18236,301.5,310.8,1385,47.5,30,No Failure
3377,3378,H32791,301.5,310.8,1591,29.6,33,No Failure
3378,3379,L50558,301.5,310.7,1568,33.1,38,No Failure
3379,3380,M18239,301.4,310.7,1459,37.7,40,No Failure
3380,3381,L50560,301.4,310.7,1590,36.3,43,No Failure
3381,3382,L50561,301.3,310.6,1376,47.6,45,No Failure
3382,3383,L50562,301.3,310.6,1510,38.5,47,No Failure
3383,3384,H32797,301.4,310.6,1674,33.6,49,No Failure
3384,3385,L50564,301.3,310.6,1426,40.7,54,No Failure
3385,3386,L50565,301.5,310.7,1466,43.6,56,No Failure
3386,3387,H32800,301.5,310.8,1474,38.7,58,No Failure
3387,3388,M18247,301.6,310.8,1290,65.3,63,No Failure
3388,3389,M18248,301.7,310.9,1435,48.0,66,No Failure
3389,3390,M18249,301.5,310.7,1416,53.2,69,No Failure
3390,3391,H32804,301.5,310.7,1599,40.4,72,No Failure
3391,3392,L50571,301.5,310.7,1466,47.3,77,No Failure
3392,3393,L50572,301.5,310.7,1408,47.3,79,No Failure
3393,3394,L50573,301.5,310.6,1490,48.1,81,No Failure
3394,3395,L50574,301.5,310.6,1405,42.3,83,No Failure
3395,3396,L50575,301.4,310.5,1647,33.3,85,No Failure
3396,3397,M18256,301.4,310.6,1459,35.0,87,No Failure
3397,3398,L50577,301.4,310.6,1648,30.7,90,No Failure
3398,3399,L50578,301.4,310.7,1675,30.7,92,No Failure
3399,3400,L50579,301.4,310.7,1605,34.2,94,No Failure
3400,3401,H32814,301.4,310.7,1536,44.4,96,No Failure
3401,3402,M18261,301.4,310.7,1617,34.3,101,No Failure
3402,3403,L50582,301.4,310.6,1347,53.3,104,No Failure
3403,3404,L50583,301.3,310.5,1337,52.7,106,No Failure
3404,3405,L50584,301.3,310.4,1695,30.9,108,No Failure
3405,3406,M18265,301.3,310.4,1635,32.5,110,No Failure
3406,3407,L50586,301.2,310.4,1470,44.0,113,No Failure
3407,3408,L50587,301.2,310.4,1381,49.8,115,No Failure
3408,3409,M18268,301.2,310.4,1382,41.6,117,No Failure
3409,3410,M18269,301.2,310.4,1697,30.0,120,No Failure
3410,3411,L50590,301.2,310.3,1451,39.7,123,No Failure
3411,3412,L50591,301.3,310.3,1419,55.7,125,No Failure
3412,3413,L50592,301.3,310.3,1313,55.6,127,No Failure
3413,3414,L50593,301.3,310.3,1560,36.3,129,No Failure
3414,3415,L50594,301.3,310.3,1555,41.2,131,No Failure
3415,3416,L50595,301.4,310.4,1579,36.9,133,No Failure
3416,3417,L50596,301.5,310.5,1435,44.6,135,No Failure
3417,3418,L50597,301.6,310.6,1621,33.7,137,No Failure
3418,3419,H32832,301.6,310.6,1555,40.4,139,No Failure
3419,3420,L50599,301.5,310.5,1611,33.8,144,No Failure
3420,3421,L50600,301.6,310.6,1834,23.5,146,No Failure
3421,3422,M18281,301.5,310.5,1612,29.8,148,No Failure
3422,3423,L50602,301.5,310.4,1629,34.1,151,No Failure
3423,3424,L50603,301.4,310.4,1496,35.2,153,No Failure
3424,3425,L50604,301.5,310.5,1593,32.9,155,No Failure
3425,3426,M18285,301.5,310.5,1623,33.5,157,No Failure
3426,3427,L50606,301.5,310.5,1380,48.7,160,No Failure
3427,3428,L50607,301.6,310.6,1562,34.4,162,No Failure
3428,3429,L50608,301.6,310.6,1391,49.4,164,No Failure
3429,3430,H32843,301.5,310.5,1551,34.3,166,No Failure
3430,3431,H32844,301.6,310.6,1821,26.2,171,No Failure
3431,3432,L50611,301.6,310.7,1429,43.6,176,No Failure
3432,3433,M18292,301.6,310.7,2012,20.7,178,No Failure
3433,3434,M18293,301.6,310.6,1924,23.6,181,No Failure
3434,3435,M18294,301.5,310.5,1412,44.1,184,No Failure
3435,3436,L50615,301.5,310.5,1389,54.9,187,No Failure
3436,3437,L50616,301.5,310.5,1466,48.1,189,No Failure
3437,3438,L50617,301.5,310.5,2297,15.8,191,No Failure
3438,3439,L50618,301.4,310.4,1471,37.5,193,No Failure
3439,3440,L50619,301.4,310.3,1492,41.4,195,No Failure
3440,3441,L50620,301.3,310.3,1460,41.5,197,No Failure
3441,3442,L50621,301.4,310.4,1559,39.4,199,No Failure
3442,3443,M18302,301.4,310.5,1495,52.5,201,No Failure
3443,3444,L50623,301.5,310.5,1535,39.0,204,No Failure
3444,3445,L50624,301.5,310.6,1381,50.7,206,No Failure
3445,3446,M18305,301.6,310.6,1599,36.1,208,No Failure
3446,3447,H32860,301.6,310.6,1400,49.5,211,No Failure
3447,3448,L50627,301.7,310.6,1624,34.5,216,No Failure
3448,3449,L50628,301.6,310.6,1478,36.6,218,No Failure
3449,3450,L50629,301.7,310.7,1605,33.3,220,No Failure
3450,3451,L50630,301.6,310.6,1506,43.4,222,No Failure
3451,3452,L50631,301.6,310.6,1455,43.9,0,No Failure
3452,3453,H32866,301.6,310.5,1602,32.3,2,Random Failures
3453,3454,L50633,301.5,310.4,1425,54.4,7,No Failure
3454,3455,L50634,301.5,310.4,1918,21.8,9,No Failure
3455,3456,H32869,301.4,310.3,1611,41.5,11,No Failure
3456,3457,H32870,301.4,310.4,1610,38.6,16,No Failure
3457,3458,M18317,301.5,310.4,2639,12.0,21,Power Failure
3458,3459,L50638,301.5,310.4,1329,46.6,24,No Failure
3459,3460,L50639,301.5,310.4,1270,54.2,26,No Failure
3460,3461,L50640,301.5,310.3,1415,41.6,28,No Failure
3461,3462,H32875,301.6,310.4,1330,49.5,30,No Failure
3462,3463,H32876,301.6,310.5,1786,27.1,35,No Failure
3463,3464,L50643,301.6,310.5,1809,25.5,40,No Failure
3464,3465,L50644,301.7,310.6,1303,59.7,42,No Failure
3465,3466,M18325,301.8,310.7,1383,45.7,44,No Failure
3466,3467,L50646,301.7,310.6,1447,56.9,47,No Failure
3467,3468,L50647,301.8,310.7,1461,44.2,49,No Failure
3468,3469,L50648,301.8,310.7,2092,18.6,51,No Failure
3469,3470,M18329,301.8,310.7,1429,47.9,53,No Failure
3470,3471,L50650,301.8,310.8,1736,26.5,56,No Failure
3471,3472,L50651,301.8,310.7,1441,49.3,58,No Failure
3472,3473,L50652,301.8,310.7,1523,43.3,60,No Failure
3473,3474,M18333,301.8,310.8,1691,33.4,62,No Failure
3474,3475,M18334,301.9,310.8,1557,35.3,65,No Failure
3475,3476,L50655,301.8,310.7,1644,33.4,68,No Failure
3476,3477,L50656,301.8,310.6,1522,43.8,70,No Failure
3477,3478,L50657,301.8,310.7,1547,41.7,72,No Failure
3478,3479,L50658,301.8,310.7,1597,30.8,74,No Failure
3479,3480,M18339,301.8,310.8,1619,31.0,76,No Failure
3480,3481,L50660,301.9,310.8,1400,58.2,79,No Failure
3481,3482,L50661,302.0,310.9,1663,31.5,81,No Failure
3482,3483,L50662,301.9,310.8,1540,37.6,83,No Failure
3483,3484,H32897,301.9,310.8,1455,42.7,85,No Failure
3484,3485,L50664,301.9,310.8,1519,39.0,90,No Failure
3485,3486,L50665,301.9,310.8,1427,47.7,92,No Failure
3486,3487,L50666,301.9,310.8,1650,29.8,94,No Failure
3487,3488,M18347,301.8,310.8,1508,38.8,96,No Failure
3488,3489,L50668,301.9,310.9,1379,54.8,99,No Failure
3489,3490,L50669,301.9,310.9,1542,36.7,101,No Failure
3490,3491,M18350,301.9,310.9,1763,28.4,103,No Failure
3491,3492,H32905,301.9,310.9,1590,34.3,106,No Failure
3492,3493,H32906,301.9,311.0,1336,63.6,111,No Failure
3493,3494,M18353,301.9,311.0,1638,35.4,116,No Failure
3494,3495,L50674,301.9,311.0,1356,45.7,119,No Failure
3495,3496,M18355,301.9,311.0,1384,47.4,121,No Failure
3496,3497,L50676,301.9,310.9,1309,48.0,124,No Failure
3497,3498,L50677,301.9,311.0,1642,33.1,126,No Failure
3498,3499,L50678,301.9,311.0,1289,54.9,128,No Failure
3499,3500,L50679,301.9,311.0,1353,43.8,130,No Failure
3500,3501,H32914,301.9,311.0,1871,26.0,132,No Failure
3501,3502,H32915,301.9,311.0,1291,63.6,137,No Failure
3502,3503,M18362,301.8,310.9,1346,44.6,142,No Failure
3503,3504,L50683,301.7,310.8,1493,47.6,145,No Failure
3504,3505,M18364,301.7,310.8,1524,41.3,147,No Failure
3505,3506,L50685,301.6,310.8,1726,26.7,150,No Failure
3506,3507,H32920,301.6,310.8,1435,47.2,152,No Failure
3507,3508,M18367,301.7,310.8,1502,34.4,157,No Failure
3508,3509,L50688,301.7,310.9,1608,33.0,160,No Failure
3509,3510,L50689,301.8,311.0,1771,27.2,162,No Failure
3510,3511,L50690,301.7,311.0,1474,42.6,164,No Failure
3511,3512,L50691,301.8,311.0,1322,53.0,166,No Failure
3512,3513,M18372,301.8,311.0,1393,49.5,168,No Failure
3513,3514,M18373,301.9,311.1,1417,52.5,171,No Failure
3514,3515,H32928,301.9,311.0,1430,49.8,174,No Failure
3515,3516,M18375,301.9,311.1,1605,40.0,179,No Failure
3516,3517,L50696,302.0,311.1,1402,47.8,182,No Failure
3517,3518,L50697,302.0,311.0,1550,35.2,184,No Failure
3518,3519,L50698,301.9,311.0,1376,44.9,186,No Failure
3519,3520,M18379,301.9,310.9,1569,32.5,188,No Failure
3520,3521,L50700,301.9,311.0,1669,32.2,191,No Failure
3521,3522,L50701,301.9,311.0,1541,38.9,193,No Failure
3522,3523,L50702,301.8,311.0,1651,32.5,195,No Failure
3523,3524,L50703,301.8,310.9,1521,39.3,197,No Failure
3524,3525,M18384,301.8,310.8,1365,48.2,199,No Failure
3525,3526,L50705,301.8,310.9,1609,31.7,202,No Failure
3526,3527,H32940,301.8,310.8,1470,37.6,204,No Failure
3527,3528,M18387,301.9,310.9,1573,38.9,209,No Failure
3528,3529,L50708,302.0,310.9,1378,53.1,212,Overstrain Failure
3529,3530,L50709,301.9,310.9,1567,39.0,214,Tool Wear Failure
3530,3531,M18390,301.9,310.9,1441,43.7,0,No Failure
3531,3532,M18391,301.9,310.9,1641,33.2,3,No Failure
3532,3533,L50712,301.9,310.9,1486,40.3,6,No Failure
3533,3534,L50713,302.0,311.0,1563,36.2,8,No Failure
3534,3535,M18394,302.0,311.1,1769,26.0,10,No Failure
3535,3536,H32949,301.9,311.0,1672,29.9,13,No Failure
3536,3537,L50716,302.0,311.0,1632,34.2,18,No Failure
3537,3538,M18397,302.0,311.0,1980,21.5,20,No Failure
3538,3539,L50718,302.0,311.1,1635,36.0,23,No Failure
3539,3540,L50719,302.0,311.0,1686,32.5,25,No Failure
3540,3541,L50720,301.9,310.9,1574,31.4,27,No Failure
3541,3542,L50721,301.8,310.8,1546,43.4,29,No Failure
3542,3543,L50722,301.8,310.9,1899,24.7,31,No Failure
3543,3544,L50723,301.8,310.9,1449,36.5,33,No Failure
3544,3545,M18404,301.9,310.9,1483,37.0,35,No Failure
3545,3546,L50725,301.8,310.8,1576,38.6,38,No Failure
3546,3547,M18406,301.9,310.9,1317,51.9,40,No Failure
3547,3548,M18407,301.9,311.0,1467,48.1,43,No Failure
3548,3549,L50728,301.9,310.9,1616,34.5,46,No Failure
3549,3550,M18409,301.8,310.9,1299,60.4,48,No Failure
3550,3551,M18410,301.9,311.0,1432,41.5,51,No Failure
3551,3552,L50731,301.9,310.9,1799,24.2,54,No Failure
3552,3553,M18412,301.8,310.9,1358,52.3,56,No Failure
3553,3554,M18413,301.8,310.8,1618,37.8,59,No Failure
3554,3555,L50734,301.9,310.8,1525,43.2,62,No Failure
3555,3556,L50735,301.8,310.7,1551,37.7,64,No Failure
3556,3557,L50736,301.9,310.8,1735,31.5,66,No Failure
3557,3558,M18417,301.8,310.7,1309,43.3,68,No Failure
3558,3559,L50738,301.7,310.6,1743,26.2,71,No Failure
3559,3560,M18419,301.7,310.7,1659,29.9,73,No Failure
3560,3561,L50740,301.8,310.7,1680,32.4,76,No Failure
3561,3562,L50741,301.7,310.6,1486,38.5,78,No Failure
3562,3563,L50742,301.7,310.6,1471,43.8,80,No Failure
3563,3564,M18423,301.8,310.7,1465,35.8,82,No Failure
3564,3565,M18424,301.7,310.6,1492,42.2,85,No Failure
3565,3566,M18425,301.8,310.7,1420,52.0,88,No Failure
3566,3567,L50746,301.8,310.6,1295,62.3,91,No Failure
3567,3568,L50747,301.8,310.5,1548,34.1,93,No Failure
3568,3569,L50748,301.8,310.6,1372,54.7,95,No Failure
3569,3570,M18429,301.8,310.6,1552,35.9,97,No Failure
3570,3571,H32984,301.8,310.6,1441,46.3,100,No Failure
3571,3572,M18431,301.7,310.6,1691,27.7,105,No Failure
3572,3573,L50752,301.8,310.6,1451,50.7,108,No Failure
3573,3574,L50753,301.8,310.6,1452,48.4,110,No Failure
3574,3575,L50754,301.7,310.6,1406,46.0,112,No Failure
3575,3576,L50755,301.7,310.5,1567,39.1,114,No Failure
3576,3577,L50756,301.6,310.4,1599,41.7,116,No Failure
3577,3578,M18437,301.6,310.4,1455,39.0,118,No Failure
3578,3579,M18438,301.7,310.5,1625,35.9,121,No Failure
3579,3580,L50759,301.8,310.6,2672,11.8,124,Power Failure
3580,3581,L50760,301.8,310.6,1650,31.9,126,No Failure
3581,3582,M18441,301.8,310.6,1459,40.2,128,No Failure
3582,3583,L50762,301.8,310.6,1395,50.5,131,No Failure
3583,3584,L50763,301.8,310.7,1751,29.3,133,No Failure
3584,3585,L50764,301.8,310.6,1192,68.9,135,No Failure
3585,3586,L50765,301.9,310.7,1947,25.0,137,No Failure
3586,3587,L50766,301.8,310.5,1593,34.9,139,No Failure
3587,3588,H33001,301.8,310.5,1478,38.6,141,No Failure
3588,3589,M18448,301.7,310.6,1505,44.5,146,No Failure
3589,3590,L50769,301.7,310.5,2465,13.7,149,No Failure
3590,3591,L50770,301.8,310.6,1403,46.8,151,No Failure
3591,3592,M18451,301.7,310.5,1458,41.4,153,No Failure
3592,3593,H33006,301.6,310.4,1369,45.4,156,No Failure
3593,3594,M18453,301.6,310.4,1377,44.9,161,No Failure
3594,3595,M18454,301.6,310.4,1452,45.7,164,No Failure
3595,3596,L50775,301.6,310.4,1517,41.1,167,No Failure
3596,3597,L50776,301.7,310.5,1354,50.0,169,No Failure
3597,3598,M18457,301.7,310.5,1724,33.0,171,No Failure
3598,3599,L50778,301.7,310.5,1399,53.2,174,No Failure
3599,3600,H33013,301.7,310.5,1388,50.5,176,No Failure
3600,3601,L50780,301.7,310.5,1523,34.7,181,No Failure
3601,3602,L50781,301.7,310.5,1377,43.1,183,No Failure
3602,3603,M18462,301.7,310.6,1417,45.2,185,No Failure
3603,3604,L50783,301.7,310.7,1542,40.0,188,No Failure
3604,3605,L50784,301.8,310.8,1557,33.3,190,No Failure
3605,3606,L50785,301.7,310.7,1641,31.9,192,No Failure
3606,3607,L50786,301.7,310.7,1318,55.0,194,No Failure
3607,3608,L50787,301.6,310.7,1638,33.8,196,No Failure
3608,3609,M18468,301.7,310.8,1954,21.6,198,No Failure
3609,3610,M18469,301.7,310.9,1644,32.5,201,No Failure
3610,3611,M18470,301.7,310.8,1594,32.4,204,No Failure
3611,3612,L50791,301.7,310.9,1405,46.4,207,Tool Wear Failure
3612,3613,L50792,301.7,310.8,1622,37.8,0,No Failure
3613,3614,L50793,301.7,310.9,1557,39.4,2,No Failure
3614,3615,L50794,301.8,311.0,1606,33.3,4,No Failure
3615,3616,M18475,301.8,311.1,1647,31.6,6,No Failure
3616,3617,M18476,301.8,311.1,1413,42.2,9,No Failure
3617,3618,L50797,301.8,311.0,1529,41.6,12,No Failure
3618,3619,L50798,301.9,311.1,1448,46.3,14,No Failure
3619,3620,L50799,301.9,311.2,1435,44.2,16,No Failure
3620,3621,H33034,301.9,311.2,1474,41.8,18,No Failure
3621,3622,L50801,301.9,311.2,1657,29.1,23,No Failure
3622,3623,L50802,302.0,311.3,1509,39.9,25,No Failure
3623,3624,M18483,302.0,311.3,1530,36.4,27,No Failure
3624,3625,M18484,302.0,311.4,1587,35.9,30,No Failure
3625,3626,M18485,302.1,311.4,1467,43.4,33,No Failure
3626,3627,M18486,302.2,311.5,1360,53.0,36,No Failure
3627,3628,L50807,302.2,311.5,1588,30.6,39,No Failure
3628,3629,L50808,302.2,311.4,1609,32.1,41,No Failure
3629,3630,L50809,302.1,311.3,1415,44.1,43,No Failure
3630,3631,L50810,302.0,311.2,1845,27.3,45,No Failure
3631,3632,M18491,302.1,311.4,1419,36.2,47,No Failure
3632,3633,L50812,302.1,311.3,1634,30.6,50,No Failure
3633,3634,M18493,302.2,311.3,1521,40.6,52,No Failure
3634,3635,L50814,302.2,311.4,1499,37.7,55,No Failure
3635,3636,M18495,302.1,311.2,1616,35.1,57,No Failure
3636,3637,L50816,302.2,311.4,1449,46.5,60,No Failure
3637,3638,M18497,302.2,311.4,1626,31.6,62,No Failure
3638,3639,M18498,302.3,311.5,1445,44.8,65,No Failure
3639,3640,L50819,302.4,311.6,1622,35.0,68,No Failure
3640,3641,H33054,302.4,311.6,1544,39.1,70,No Failure
3641,3642,L50821,302.3,311.6,1488,41.8,75,No Failure
3642,3643,L50822,302.3,311.6,1309,57.6,77,No Failure
3643,3644,L50823,302.3,311.6,1784,26.4,79,No Failure
3644,3645,L50824,302.2,311.5,1548,32.4,81,No Failure
3645,3646,L50825,302.2,311.5,1413,43.5,83,No Failure
3646,3647,M18506,302.2,311.5,1863,25.7,85,No Failure
3647,3648,L50827,302.2,311.5,1427,43.8,88,No Failure
3648,3649,M18508,302.2,311.5,1443,47.0,90,No Failure
3649,3650,L50829,302.2,311.5,1481,40.4,93,No Failure
3650,3651,L50830,302.1,311.4,1446,39.7,95,No Failure
3651,3652,L50831,302.1,311.5,1444,44.9,97,No Failure
3652,3653,M18512,302.1,311.5,1341,50.8,99,No Failure
3653,3654,L50833,302.1,311.4,1518,37.4,102,No Failure
3654,3655,L50834,302.1,311.4,1603,35.9,104,No Failure
3655,3656,L50835,302.1,311.4,1686,30.9,106,No Failure
3656,3657,M18516,302.1,311.5,1383,53.6,108,No Failure
3657,3658,L50837,302.1,311.5,1477,45.4,111,No Failure
3658,3659,M18518,302.2,311.5,1449,44.5,113,No Failure
3659,3660,M18519,302.2,311.5,1734,25.0,116,No Failure
3660,3661,L50840,302.3,311.6,1398,49.1,119,No Failure
3661,3662,M18521,302.3,311.7,1639,36.6,121,No Failure
3662,3663,M18522,302.3,311.7,1517,37.6,124,No Failure
3663,3664,M18523,302.3,311.7,1442,41.7,127,No Failure
3664,3665,M18524,302.3,311.7,1685,30.8,130,No Failure
3665,3666,M18525,302.4,311.8,1358,50.6,133,No Failure
3666,3667,M18526,302.3,311.6,1608,39.9,136,No Failure
3667,3668,L50847,302.3,311.6,1665,34.3,139,No Failure
3668,3669,L50848,302.3,311.7,1510,38.7,141,No Failure
3669,3670,L50849,302.4,311.8,1465,40.2,143,No Failure
3670,3671,L50850,302.3,311.7,1701,27.5,145,No Failure
3671,3672,M18531,302.3,311.7,1486,39.6,147,No Failure
3672,3673,L50852,302.3,311.6,1658,32.3,150,No Failure
3673,3674,H33087,302.3,311.7,1449,44.5,152,No Failure
3674,3675,L50854,302.2,311.5,1346,52.4,157,No Failure
3675,3676,M18535,302.1,311.5,1866,23.1,159,No Failure
3676,3677,M18536,302.2,311.5,1562,38.0,162,No Failure
3677,3678,M18537,302.3,311.7,1368,53.6,165,No Failure
3678,3679,L50858,302.2,311.5,1567,33.1,168,No Failure
3679,3680,L50859,302.2,311.5,1725,34.0,170,No Failure
3680,3681,L50860,302.2,311.5,1744,31.2,172,No Failure
3681,3682,M18541,302.1,311.3,1453,45.1,174,No Failure
3682,3683,L50862,302.1,311.2,1550,34.8,177,No Failure
3683,3684,M18543,302.0,311.2,1558,39.1,179,No Failure
3684,3685,L50864,302.0,311.2,1270,65.3,182,Overstrain Failure
3685,3686,M18545,301.9,311.1,1380,51.6,184,No Failure
3686,3687,L50866,302.0,311.1,1406,50.5,187,No Failure
3687,3688,M18547,302.0,311.2,1625,30.7,189,No Failure
3688,3689,L50868,302.0,311.2,1420,45.8,192,No Failure
3689,3690,L50869,302.1,311.4,1889,22.7,194,No Failure
3690,3691,L50870,302.1,311.3,1477,43.6,196,No Failure
3691,3692,L50871,302.1,311.2,1460,46.9,198,No Failure
3692,3693,L50872,302.1,311.3,1758,24.4,200,No Failure
3693,3694,L50873,302.1,311.3,1521,31.5,202,No Failure
3694,3695,M18554,302.1,311.3,1511,45.0,204,No Failure
3695,3696,L50875,302.2,311.3,1530,37.3,207,Tool Wear Failure
3696,3697,L50876,302.1,311.2,1454,46.8,0,No Failure
3697,3698,L50877,302.2,311.2,1928,23.1,2,No Failure
3698,3699,H33112,302.2,311.3,1758,26.4,4,No Failure
3699,3700,L50879,302.2,311.2,1649,33.2,9,No Failure
3700,3701,L50880,302.1,311.2,1447,50.3,11,No Failure
3701,3702,L50881,302.1,311.2,1417,48.0,13,No Failure
3702,3703,L50882,302.0,311.2,1434,44.9,15,No Failure
3703,3704,M18563,302.0,311.2,1418,49.5,17,No Failure
3704,3705,M18564,302.0,311.2,1400,49.5,20,No Failure
3705,3706,M18565,302.0,311.3,1725,27.7,23,No Failure
3706,3707,L50886,302.0,311.3,1567,41.1,26,No Failure
3707,3708,M18567,302.1,311.3,1497,38.4,28,No Failure
3708,3709,L50888,302.1,311.4,1549,44.6,31,No Failure
3709,3710,L50889,302.2,311.4,1754,26.9,33,No Failure
3710,3711,L50890,302.2,311.5,1489,38.3,35,No Failure
3711,3712,L50891,302.2,311.5,1543,38.5,37,No Failure
3712,3713,L50892,302.3,311.5,1543,33.1,39,No Failure
3713,3714,L50893,302.3,311.5,1565,35.6,41,No Failure
3714,3715,M18574,302.3,311.4,1855,23.9,43,No Failure
3715,3716,M18575,302.4,311.4,1475,45.2,46,No Failure
3716,3717,L50896,302.3,311.4,1609,32.3,49,No Failure
3717,3718,H33131,302.3,311.4,1443,44.1,51,No Failure
3718,3719,L50898,302.4,311.4,1450,44.1,56,No Failure
3719,3720,L50899,302.4,311.5,1590,39.9,58,No Failure
3720,3721,M18580,302.4,311.4,1508,41.2,60,No Failure
3721,3722,M18581,302.2,311.2,1544,43.6,63,No Failure
3722,3723,L50902,302.2,311.2,1451,41.8,66,No Failure
3723,3724,L50903,302.3,311.2,1758,24.4,68,No Failure
3724,3725,M18584,302.3,311.2,1507,47.7,70,No Failure
3725,3726,H33139,302.3,311.1,1543,37.5,73,No Failure
3726,3727,M18586,302.3,311.2,1505,36.7,78,No Failure
3727,3728,L50907,302.3,311.2,1786,24.3,81,No Failure
3728,3729,L50908,302.3,311.3,1457,44.5,83,No Failure
3729,3730,M18589,302.4,311.3,1312,61.5,85,No Failure
3730,3731,M18590,302.3,311.2,1405,47.7,88,No Failure
3731,3732,M18591,302.2,311.2,1377,43.0,91,No Failure
3732,3733,M18592,302.2,311.2,1347,49.8,94,No Failure
3733,3734,L50913,302.2,311.1,1470,39.6,97,No Failure
3734,3735,M18594,302.2,311.2,1873,24.0,99,No Failure
3735,3736,M18595,302.2,311.1,1434,58.6,102,No Failure
3736,3737,H33150,302.2,311.1,1628,30.6,105,No Failure
3737,3738,L50917,302.2,311.1,1351,48.6,110,No Failure
3738,3739,M18598,302.3,311.2,1454,43.8,112,No Failure
3739,3740,M18599,302.2,311.2,1663,29.6,115,No Failure
3740,3741,L50920,302.3,311.2,1401,49.7,118,No Failure
3741,3742,L50921,302.4,311.3,1503,38.2,120,No Failure
3742,3743,L50922,302.4,311.4,1564,35.0,122,No Failure
3743,3744,L50923,302.5,311.4,1759,24.6,124,No Failure
3744,3745,L50924,302.5,311.4,1409,53.1,126,No Failure
3745,3746,L50925,302.6,311.4,1738,25.8,128,No Failure
3746,3747,H33160,302.5,311.3,1393,47.5,130,No Failure
3747,3748,L50927,302.5,311.1,1499,38.8,135,No Failure
3748,3749,L50928,302.5,311.1,1493,39.0,137,No Failure
3749,3750,L50929,302.4,311.1,1652,33.9,139,No Failure
3750,3751,L50930,302.3,311.1,1589,29.9,141,No Failure
3751,3752,L50931,302.4,311.1,1520,42.2,143,No Failure
3752,3753,H33166,302.3,311.1,1455,40.3,145,No Failure
3753,3754,L50933,302.2,311.0,1463,46.8,150,No Failure
3754,3755,L50934,302.3,311.0,1442,43.7,152,No Failure
3755,3756,L50935,302.3,311.0,1329,51.5,154,No Failure
3756,3757,L50936,302.3,311.1,1546,33.1,156,No Failure
3757,3758,M18617,302.2,311.1,1516,33.7,158,No Failure
3758,3759,M18618,302.2,311.0,1476,47.4,161,No Failure
3759,3760,L50939,302.3,311.0,1412,47.0,164,No Failure
3760,3761,L50940,302.3,310.9,1377,46.8,166,Heat Dissipation Failure
3761,3762,M18621,302.4,311.0,1490,37.1,168,No Failure
3762,3763,M18622,302.3,311.0,1526,37.7,171,No Failure
3763,3764,L50943,302.3,311.0,1428,47.9,174,No Failure
3764,3765,L50944,302.4,311.0,1329,54.6,176,No Failure
3765,3766,M18625,302.4,311.1,1443,51.8,178,No Failure
3766,3767,L50946,302.3,311.1,1373,53.0,181,No Failure
3767,3768,L50947,302.3,311.1,1630,35.6,183,No Failure
3768,3769,L50948,302.2,311.0,1555,34.2,185,No Failure
3769,3770,M18629,302.2,311.0,1436,47.0,187,No Failure
3770,3771,L50950,302.3,311.0,1609,31.0,190,No Failure
3771,3772,M18631,302.3,311.0,1384,49.7,192,No Failure
3772,3773,L50952,302.4,311.1,1448,44.8,195,No Failure
3773,3774,M18633,302.4,311.1,1887,22.4,197,No Failure
3774,3775,M18634,302.4,311.1,1480,45.7,200,No Failure
3775,3776,H33189,302.5,311.1,1850,23.3,203,No Failure
3776,3777,L50956,302.5,311.1,1538,36.8,208,No Failure
3777,3778,M18637,302.4,311.1,1721,30.1,210,No Failure
3778,3779,M18638,302.4,311.1,1366,54.4,0,No Failure
3779,3780,L50959,302.3,311.0,1657,31.1,3,No Failure
3780,3781,L50960,302.4,311.1,1446,42.9,5,No Failure
3781,3782,L50961,302.3,310.8,1465,43.8,7,No Failure
3782,3783,L50962,302.2,310.8,1827,23.8,9,No Failure
3783,3784,H33197,302.2,310.8,1397,47.6,11,No Failure
3784,3785,L50964,302.2,310.8,1744,29.7,16,No Failure
3785,3786,L50965,302.3,310.9,1545,36.7,18,No Failure
3786,3787,L50966,302.3,310.9,1587,36.6,20,No Failure
3787,3788,L50967,302.3,310.8,1377,47.3,22,Heat Dissipation Failure
3788,3789,L50968,302.3,310.8,1511,48.1,24,No Failure
3789,3790,L50969,302.3,310.8,1650,32.4,26,No Failure
3790,3791,L50970,302.3,310.9,1412,48.9,28,No Failure
3791,3792,L50971,302.3,311.0,1528,43.1,30,No Failure
3792,3793,L50972,302.3,310.9,1459,35.0,32,No Failure
3793,3794,L50973,302.3,310.9,1379,49.3,34,Heat Dissipation Failure
3794,3795,M18654,302.2,310.8,1356,48.3,36,No Failure
3795,3796,M18655,302.1,310.8,1409,41.3,39,No Failure
3796,3797,M18656,302.1,310.8,1504,37.5,42,No Failure
3797,3798,L50977,302.1,310.8,1622,36.8,45,No Failure
3798,3799,L50978,302.1,310.8,1786,25.7,47,No Failure
3799,3800,L50979,302.2,310.9,1506,34.0,49,No Failure
3800,3801,M18660,302.1,310.9,1916,23.1,51,No Failure
3801,3802,M18661,302.2,310.9,1771,27.6,54,No Failure
3802,3803,M18662,302.2,310.9,1488,44.2,57,No Failure
3803,3804,L50983,302.2,310.9,1531,37.5,60,No Failure
3804,3805,L50984,302.3,310.9,1529,33.4,62,No Failure
3805,3806,M18665,302.4,311.0,1580,36.5,64,No Failure
3806,3807,M18666,302.3,310.9,1360,44.0,67,Heat Dissipation Failure
3807,3808,M18667,302.3,311.0,1546,35.5,70,No Failure
3808,3809,M18668,302.3,310.9,1762,24.5,73,No Failure
3809,3810,L50989,302.2,310.8,1350,56.6,76,No Failure
3810,3811,M18670,302.2,310.8,1562,38.1,78,No Failure
3811,3812,M18671,302.1,310.7,1608,30.3,81,No Failure
3812,3813,L50992,302.0,310.6,1392,50.0,84,No Failure
3813,3814,L50993,302.0,310.6,1467,44.9,86,No Failure
3814,3815,M18674,302.1,310.6,1326,59.1,88,Heat Dissipation Failure
3815,3816,L50995,302.2,310.7,1769,24.9,91,No Failure
3816,3817,L50996,302.1,310.6,1459,47.6,93,No Failure
3817,3818,M18677,302.1,310.6,1421,52.0,95,No Failure
3818,3819,L50998,302.1,310.7,1491,42.8,98,No Failure
3819,3820,L50999,302.2,310.7,1567,36.4,100,No Failure
3820,3821,L51000,302.3,310.8,1421,41.4,102,No Failure
3821,3822,L51001,302.3,310.9,1596,33.5,104,No Failure
3822,3823,M18682,302.4,311.0,1464,44.2,106,No Failure
3823,3824,M18683,302.3,310.9,1581,36.1,109,No Failure
3824,3825,L51004,302.3,310.9,1620,30.3,112,No Failure
3825,3826,H33239,302.2,310.7,1413,48.9,114,No Failure
3826,3827,H33240,302.3,310.8,1438,43.8,119,No Failure
3827,3828,M18687,302.4,310.9,1469,41.6,124,No Failure
3828,3829,M18688,302.3,310.8,1762,27.8,127,No Failure
3829,3830,H33243,302.3,310.9,1366,48.4,130,Heat Dissipation Failure
3830,3831,L51010,302.3,310.9,1891,22.7,135,No Failure
3831,3832,M18691,302.3,310.9,1742,29.7,137,No Failure
3832,3833,M18692,302.2,310.9,1465,43.5,140,No Failure
3833,3834,M18693,302.3,311.0,1541,36.6,143,No Failure
3834,3835,M18694,302.3,311.1,1295,57.1,146,No Failure
3835,3836,M18695,302.3,311.1,1435,43.1,149,No Failure
3836,3837,L51016,302.4,311.2,1466,43.9,152,No Failure
3837,3838,L51017,302.4,311.2,1450,47.9,154,No Failure
3838,3839,L51018,302.4,311.1,1880,24.5,156,No Failure
3839,3840,M18699,302.3,311.0,1578,33.5,158,No Failure
3840,3841,L51020,302.4,311.0,1610,33.1,161,No Failure
3841,3842,L51021,302.4,311.1,1565,42.8,163,No Failure
3842,3843,L51022,302.5,311.2,1545,40.1,165,No Failure
3843,3844,L51023,302.5,311.2,1227,60.1,167,No Failure
3844,3845,L51024,302.4,311.1,1484,45.9,169,No Failure
3845,3846,L51025,302.3,311.0,1591,32.7,171,No Failure
3846,3847,L51026,302.3,310.9,1403,47.2,173,No Failure
3847,3848,M18707,302.3,311.0,1450,45.7,175,No Failure
3848,3849,L51028,302.3,310.9,1720,28.1,178,No Failure
3849,3850,L51029,302.3,311.0,1561,37.2,180,No Failure
3850,3851,M18710,302.3,311.0,1421,41.3,182,No Failure
3851,3852,H33265,302.2,310.9,1415,48.4,185,No Failure
3852,3853,L51032,302.3,310.9,2034,19.7,190,No Failure
3853,3854,L51033,302.4,311.0,1486,40.4,192,No Failure
3854,3855,L51034,302.4,311.0,1338,67.6,194,Power Failure
3855,3856,H33269,302.4,311.1,1578,32.3,196,No Failure
3856,3857,M18716,302.4,311.2,1330,58.6,201,No Failure
3857,3858,H33271,302.4,311.2,1506,40.8,204,No Failure
3858,3859,L51038,302.5,311.4,1559,37.6,209,No Failure
3859,3860,L51039,302.6,311.5,1599,37.0,211,No Failure
3860,3861,L51040,302.6,311.5,1427,38.9,213,No Failure
3861,3862,M18721,302.5,311.5,1481,41.1,215,No Failure
3862,3863,H33276,302.5,311.5,1496,43.8,218,No Failure
3863,3864,L51043,302.5,311.4,1674,27.0,223,No Failure
3864,3865,M18724,302.5,311.4,1629,31.7,225,No Failure
3865,3866,H33279,302.6,311.5,1629,34.4,228,Tool Wear Failure
3866,3867,L51046,302.6,311.6,1311,53.2,0,No Failure
3867,3868,M18727,302.7,311.6,2709,9.7,2,Power Failure
3868,3869,M18728,302.7,311.7,1759,29.9,5,No Failure
3869,3870,L51049,302.7,311.7,1480,45.2,8,No Failure
3870,3871,L51050,302.7,311.8,1461,46.1,10,No Failure
3871,3872,M18731,302.7,311.8,1728,30.0,12,No Failure
3872,3873,L51052,302.7,311.9,1389,46.5,15,No Failure
3873,3874,L51053,302.6,311.8,1638,35.1,17,No Failure
3874,3875,L51054,302.6,311.7,1254,54.1,19,No Failure
3875,3876,L51055,302.6,311.8,1427,50.1,21,No Failure
3876,3877,L51056,302.6,311.8,1627,31.8,23,No Failure
3877,3878,H33291,302.6,311.7,1471,48.3,25,No Failure
3878,3879,L51058,302.6,311.7,1773,27.1,30,No Failure
3879,3880,M18739,302.6,311.7,1430,51.7,32,No Failure
3880,3881,L51060,302.5,311.6,1595,29.5,35,No Failure
3881,3882,L51061,302.5,311.5,1521,44.1,37,No Failure
3882,3883,L51062,302.5,311.6,1419,43.7,39,No Failure
3883,3884,M18743,302.4,311.4,1534,40.1,41,No Failure
3884,3885,H33298,302.5,311.5,1626,36.0,44,No Failure
3885,3886,L51065,302.5,311.5,1677,29.2,49,No Failure
3886,3887,L51066,302.4,311.3,1392,50.5,51,No Failure
3887,3888,L51067,302.4,311.2,1448,50.5,53,No Failure
3888,3889,L51068,302.3,311.2,1903,22.9,55,No Failure
3889,3890,L51069,302.4,311.2,1404,52.0,57,No Failure
3890,3891,L51070,302.3,311.2,1386,53.5,59,No Failure
3891,3892,L51071,302.2,311.1,1418,47.0,61,No Failure
3892,3893,M18752,302.3,311.1,1338,53.3,63,No Failure
3893,3894,L51073,302.3,311.2,1549,40.6,66,No Failure
3894,3895,M18754,302.3,311.2,1432,42.7,68,No Failure
3895,3896,M18755,302.3,311.2,1546,40.0,71,No Failure
3896,3897,M18756,302.2,311.2,1627,33.2,74,No Failure
3897,3898,M18757,302.2,311.1,1640,32.8,77,No Failure
3898,3899,M18758,302.1,311.1,1423,36.8,80,No Failure
3899,3900,M18759,302.1,311.0,1711,28.7,83,No Failure
3900,3901,M18760,302.1,311.1,1450,51.6,86,No Failure
3901,3902,H33315,302.2,311.1,1553,34.1,89,No Failure
3902,3903,L51082,302.2,311.1,1630,34.6,94,No Failure
3903,3904,H33317,302.2,311.1,1476,39.6,96,No Failure
3904,3905,H33318,302.2,311.1,1426,50.6,101,No Failure
3905,3906,M18765,302.2,311.2,1561,34.9,106,No Failure
3906,3907,L51086,302.3,311.2,1297,62.5,109,No Failure
3907,3908,M18767,302.3,311.2,1842,23.9,111,No Failure
3908,3909,L51088,302.3,311.2,1633,36.4,114,No Failure
3909,3910,H33323,302.3,311.3,1744,30.3,116,No Failure
3910,3911,L51090,302.4,311.4,1831,26.9,121,No Failure
3911,3912,M18771,302.3,311.3,1339,50.8,123,No Failure
3912,3913,L51092,302.4,311.4,1475,40.4,126,No Failure
3913,3914,M18773,302.4,311.4,1675,29.6,128,No Failure
3914,3915,L51094,302.5,311.5,1493,35.1,131,No Failure
3915,3916,L51095,302.5,311.5,1700,29.5,133,No Failure
3916,3917,L51096,302.6,311.6,1453,37.0,135,No Failure
3917,3918,L51097,302.6,311.7,1542,34.1,137,No Failure
3918,3919,M18778,302.5,311.5,1358,52.7,139,No Failure
3919,3920,H33333,302.5,311.5,1655,32.3,142,No Failure
3920,3921,L51100,302.6,311.5,1885,27.5,147,No Failure
3921,3922,L51101,302.7,311.5,1494,41.4,149,No Failure
3922,3923,M18782,302.6,311.4,1757,29.5,151,No Failure
3923,3924,M18783,302.6,311.4,1718,31.2,154,No Failure
3924,3925,M18784,302.5,311.4,1636,35.0,157,No Failure
3925,3926,L51105,302.6,311.6,1638,29.6,160,No Failure
3926,3927,L51106,302.6,311.5,1609,36.0,162,No Failure
3927,3928,H33341,302.7,311.5,1556,35.0,164,No Failure
3928,3929,L51108,302.6,311.5,1442,59.8,169,Power Failure
3929,3930,M18789,302.7,311.6,1501,38.8,171,No Failure
3930,3931,M18790,302.6,311.6,2041,19.2,174,No Failure
3931,3932,M18791,302.7,311.7,1784,25.1,177,No Failure
3932,3933,L51112,302.6,311.6,1953,22.4,180,No Failure
3933,3934,L51113,302.6,311.6,1576,34.7,182,No Failure
3934,3935,M18794,302.6,311.6,1518,39.0,184,No Failure
3935,3936,M18795,302.6,311.6,1227,68.2,187,Overstrain Failure
3936,3937,L51116,302.5,311.5,1985,18.8,190,No Failure
3937,3938,L51117,302.5,311.5,1802,26.4,192,No Failure
3938,3939,L51118,302.5,311.5,1603,32.4,194,No Failure
3939,3940,L51119,302.5,311.6,1400,54.0,196,No Failure
3940,3941,L51120,302.3,311.5,1395,54.2,198,No Failure
3941,3942,L51121,302.2,311.4,1987,19.9,200,No Failure
3942,3943,M18802,302.2,311.4,1398,47.2,202,No Failure
3943,3944,L51123,302.3,311.4,1333,66.7,205,Power Failure
3944,3945,L51124,302.2,311.2,1381,49.4,207,No Failure
3945,3946,L51125,302.2,311.3,1570,36.1,0,No Failure
3946,3947,M18806,302.2,311.3,1658,31.0,2,No Failure
3947,3948,H33361,302.2,311.3,1749,29.2,5,No Failure
3948,3949,M18808,302.2,311.3,1510,37.1,10,No Failure
3949,3950,L51129,302.3,311.5,1384,50.8,13,No Failure
3950,3951,L51130,302.3,311.4,1570,37.2,15,No Failure
3951,3952,M18811,302.3,311.4,1571,32.7,17,No Failure
3952,3953,L51132,302.3,311.4,1476,37.3,20,No Failure
3953,3954,M18813,302.3,311.4,1484,39.5,22,No Failure
3954,3955,M18814,302.3,311.4,1909,23.2,25,No Failure
3955,3956,L51135,302.3,311.5,1448,49.6,28,No Failure
3956,3957,M18816,302.3,311.4,1500,40.2,30,No Failure
3957,3958,L51137,302.2,311.4,1510,44.9,33,No Failure
3958,3959,L51138,302.2,311.3,1378,55.5,35,No Failure
3959,3960,M18819,302.2,311.4,1538,37.4,37,No Failure
3960,3961,L51140,302.2,311.4,1390,48.1,40,No Failure
3961,3962,M18821,302.2,311.4,1642,32.1,42,No Failure
3962,3963,L51142,302.4,311.5,1785,24.8,45,No Failure
3963,3964,H33377,302.3,311.5,1526,38.2,47,No Failure
3964,3965,M18824,302.3,311.6,1668,33.2,52,No Failure
3965,3966,L51145,302.3,311.5,1507,37.5,55,No Failure
3966,3967,L51146,302.3,311.5,1530,37.8,57,No Failure
3967,3968,M18827,302.3,311.4,1479,45.6,59,No Failure
3968,3969,M18828,302.3,311.4,1418,41.3,62,No Failure
3969,3970,L51149,302.3,311.4,1504,38.7,65,No Failure
3970,3971,M18830,302.3,311.4,1345,47.6,67,No Failure
3971,3972,H33385,302.2,311.4,1625,35.4,70,No Failure
3972,3973,L51152,302.3,311.4,1511,34.7,75,No Failure
3973,3974,L51153,302.3,311.4,1535,41.8,77,No Failure
3974,3975,L51154,302.4,311.5,1505,37.9,79,No Failure
3975,3976,H33389,302.4,311.5,1540,43.7,81,No Failure
3976,3977,H33390,302.3,311.4,1372,46.0,86,No Failure
3977,3978,M18837,302.2,311.3,1510,36.6,91,No Failure
3978,3979,L51158,302.2,311.3,1382,46.4,94,No Failure
3979,3980,L51159,302.3,311.3,1439,41.8,96,No Failure
3980,3981,M18840,302.2,311.3,1375,47.0,98,No Failure
3981,3982,M18841,302.2,311.3,1931,21.9,101,No Failure
3982,3983,L51162,302.2,311.3,1475,48.6,104,No Failure
3983,3984,L51163,302.2,311.3,1389,46.9,106,No Failure
3984,3985,L51164,302.3,311.3,1652,32.8,108,No Failure
3985,3986,L51165,302.3,311.2,1386,50.3,110,No Failure
3986,3987,M18846,302.2,311.3,1577,29.8,112,No Failure
3987,3988,M18847,302.3,311.3,1444,43.1,115,No Failure
3988,3989,L51168,302.2,311.3,1554,40.2,118,No Failure
3989,3990,L51169,302.2,311.3,1602,32.8,120,No Failure
3990,3991,H33404,302.2,311.2,1692,28.2,122,No Failure
3991,3992,L51171,302.3,311.3,1682,34.4,127,No Failure
3992,3993,L51172,302.3,311.3,1614,34.1,129,No Failure
3993,3994,L51173,302.3,311.3,1324,47.8,131,No Failure
3994,3995,L51174,302.3,311.4,1434,40.3,133,No Failure
3995,3996,L51175,302.3,311.3,1621,31.6,135,No Failure
3996,3997,M18856,302.3,311.3,1625,33.1,137,No Failure
3997,3998,L51177,302.2,311.1,1394,53.7,140,No Failure
3998,3999,L51178,302.1,311.0,1586,35.1,142,No Failure
3999,4000,L51179,302.0,311.0,1420,45.9,144,No Failure
4000,4001,L51180,302.1,311.2,1422,50.3,146,No Failure
4001,4002,H33415,302.1,311.2,1598,37.9,148,No Failure
4002,4003,L51182,302.1,311.2,1454,59.2,153,Power Failure
4003,4004,L51183,302.1,311.2,1519,39.3,155,No Failure
4004,4005,L51184,302.0,311.1,1373,55.7,157,No Failure
4005,4006,M18865,302.0,311.1,1406,48.8,159,No Failure
4006,4007,L51186,302.1,311.2,1492,45.0,162,No Failure
4007,4008,L51187,302.1,311.2,1369,50.8,164,No Failure
4008,4009,M18868,302.2,311.2,1471,41.9,166,No Failure
4009,4010,L51189,302.2,311.2,1630,36.0,169,No Failure
4010,4011,M18870,302.1,311.1,1605,37.6,171,No Failure
4011,4012,L51191,302.2,311.1,1447,52.1,174,No Failure
4012,4013,M18872,302.2,311.2,1360,52.8,176,No Failure
4013,4014,M18873,302.2,311.1,1728,34.0,179,No Failure
4014,4015,L51194,302.1,311.0,1740,30.8,182,No Failure
4015,4016,L51195,302.1,310.9,1477,41.4,184,No Failure
4016,4017,L51196,302.1,310.9,1658,30.3,186,No Failure
4017,4018,L51197,302.0,310.8,1902,23.4,188,No Failure
4018,4019,M18878,302.0,310.8,1783,23.1,190,No Failure
4019,4020,M18879,302.0,310.9,1558,45.3,193,No Failure
4020,4021,L51200,302.1,311.0,1351,49.5,196,No Failure
4021,4022,H33435,302.1,310.9,1452,42.5,198,No Failure
4022,4023,L51202,302.1,310.9,1666,30.7,203,No Failure
4023,4024,L51203,302.1,311.0,1364,50.0,205,No Failure
4024,4025,M18884,302.1,311.0,1351,60.3,207,Overstrain Failure
4025,4026,H33439,302.1,311.0,1729,26.1,210,No Failure
4026,4027,M18886,302.1,311.0,1574,34.1,215,No Failure
4027,4028,L51207,302.0,311.0,1566,37.8,218,No Failure
4028,4029,L51208,302.0,310.9,1455,43.2,220,No Failure
4029,4030,H33443,302.0,310.9,1679,29.0,222,No Failure
4030,4031,L51210,302.0,310.8,2143,17.3,227,No Failure
4031,4032,L51211,302.0,310.8,1447,42.7,229,No Failure
4032,4033,L51212,302.0,310.8,1383,50.3,231,Overstrain Failure
4033,4034,L51213,302.1,310.8,1772,27.1,233,No Failure
4034,4035,L51214,302.0,310.8,1615,29.0,235,Tool Wear Failure
4035,4036,L51215,302.0,310.8,1454,36.6,0,No Failure
4036,4037,L51216,302.0,310.8,1445,49.1,2,No Failure
4037,4038,M18897,302.0,310.8,1609,35.2,4,No Failure
4038,4039,L51218,302.0,310.9,1546,34.4,7,No Failure
4039,4040,L51219,301.9,310.8,1567,39.3,9,No Failure
4040,4041,L51220,302.0,310.8,1767,27.4,11,No Failure
4041,4042,L51221,302.0,310.9,1539,34.2,13,No Failure
4042,4043,L51222,302.0,310.9,1564,39.0,15,No Failure
4043,4044,M18903,302.0,310.8,1445,46.3,17,No Failure
4044,4045,M18904,301.9,310.9,1419,47.7,20,No Failure
4045,4046,M18905,301.8,310.9,1881,20.9,23,No Failure
4046,4047,M18906,301.9,310.9,1421,46.2,26,No Failure
4047,4048,L51227,301.9,311.0,1455,46.0,29,No Failure
4048,4049,L51228,301.9,311.0,2691,12.1,31,Power Failure
4049,4050,L51229,301.8,310.8,1505,41.2,33,No Failure
4050,4051,L51230,301.8,310.8,1456,46.6,35,No Failure
4051,4052,L51231,301.8,310.8,1383,46.4,37,No Failure
4052,4053,M18912,301.9,310.8,1563,39.2,39,No Failure
4053,4054,M18913,301.9,310.9,2305,16.1,42,No Failure
4054,4055,M18914,301.9,310.9,1456,43.6,45,No Failure
4055,4056,L51235,302.0,311.0,1865,22.7,48,No Failure
4056,4057,L51236,301.9,310.9,1597,36.9,50,No Failure
4057,4058,L51237,302.0,310.9,1495,38.6,52,No Failure
4058,4059,M18918,302.0,310.9,1456,47.2,54,No Failure
4059,4060,L51239,301.9,310.8,1465,44.3,57,No Failure
4060,4061,M18920,302.0,310.9,1352,55.5,59,No Failure
4061,4062,L51241,301.9,310.8,1906,21.7,62,No Failure
4062,4063,L51242,302.0,310.9,1446,44.0,64,No Failure
4063,4064,L51243,302.0,310.8,1948,19.7,66,No Failure
4064,4065,L51244,301.9,310.7,1480,47.1,68,No Failure
4065,4066,M18925,301.9,310.7,1511,37.6,70,No Failure
4066,4067,M18926,301.9,310.7,1472,47.0,73,No Failure
4067,4068,L51247,301.9,310.7,1429,51.0,76,No Failure
4068,4069,L51248,301.9,310.7,1405,48.8,78,No Failure
4069,4070,M18929,301.9,310.7,1405,47.9,80,No Failure
4070,4071,L51250,302.0,310.7,1348,58.1,83,No Failure
4071,4072,L51251,301.9,310.6,1331,68.6,85,Power Failure
4072,4073,L51252,301.9,310.6,1610,33.4,87,No Failure
4073,4074,M18933,301.9,310.6,1412,46.5,89,No Failure
4074,4075,L51254,302.0,310.7,1453,42.7,92,No Failure
4075,4076,L51255,302.0,310.6,1583,38.9,94,No Failure
4076,4077,M18936,302.0,310.6,1539,37.4,96,No Failure
4077,4078,L51257,302.0,310.5,1635,39.8,99,No Failure
4078,4079,H33492,302.1,310.7,1294,62.4,101,Heat Dissipation Failure
4079,4080,L51259,302.0,310.5,1978,22.0,106,No Failure
4080,4081,L51260,302.0,310.4,1357,58.0,108,Heat Dissipation Failure
4081,4082,L51261,302.0,310.4,1336,58.2,110,Heat Dissipation Failure
4082,4083,L51262,302.0,310.4,1568,39.2,112,No Failure
4083,4084,M18943,302.0,310.4,1567,36.4,114,No Failure
4084,4085,L51264,302.0,310.4,1611,35.6,117,No Failure
4085,4086,H33499,302.0,310.5,1841,23.6,119,No Failure
4086,4087,L51266,302.0,310.5,1567,36.1,124,No Failure
4087,4088,L51267,301.9,310.4,1376,54.9,126,Heat Dissipation Failure
4088,4089,L51268,301.9,310.5,1477,42.4,128,No Failure
4089,4090,M18949,301.9,310.5,1590,40.3,130,No Failure
4090,4091,L51270,302.0,310.5,2197,15.8,133,No Failure
4091,4092,M18951,302.0,310.4,1595,32.9,135,No Failure
4092,4093,H33506,302.0,310.5,1812,24.4,138,No Failure
4093,4094,M18953,302.0,310.5,1573,32.1,143,No Failure
4094,4095,L51274,302.0,310.5,1651,30.9,146,No Failure
4095,4096,H33509,302.0,310.5,1459,43.2,148,No Failure
4096,4097,L51276,301.9,310.4,1370,51.7,153,Heat Dissipation Failure
4097,4098,L51277,301.9,310.4,1518,34.1,155,No Failure
4098,4099,L51278,302.0,310.3,1648,29.6,157,No Failure
4099,4100,L51279,302.0,310.4,1464,47.2,159,No Failure
4100,4101,L51280,302.0,310.4,1895,23.2,161,No Failure
4101,4102,L51281,301.9,310.4,1884,23.4,163,No Failure
4102,4103,L51282,302.0,310.4,1450,46.6,165,No Failure
4103,4104,L51283,302.0,310.4,1448,43.4,167,No Failure
4104,4105,L51284,302.1,310.5,1389,49.6,169,No Failure
4105,4106,L51285,302.0,310.6,1583,35.2,171,No Failure
4106,4107,L51286,301.9,310.5,1425,51.1,173,No Failure
4107,4108,L51287,302.0,310.5,1809,27.1,175,No Failure
4108,4109,L51288,301.9,310.5,1892,21.8,177,No Failure
4109,4110,M18969,301.9,310.6,1475,47.8,179,No Failure
4110,4111,L51290,302.0,310.6,1361,46.7,182,No Failure
4111,4112,M18971,302.0,310.6,1563,41.0,184,No Failure
4112,4113,H33526,301.9,310.5,1472,39.7,187,No Failure
4113,4114,L51293,302.0,310.6,1325,55.3,192,No Failure
4114,4115,L51294,302.0,310.6,1358,53.1,194,No Failure
4115,4116,H33529,302.0,310.6,1346,54.7,196,No Failure
4116,4117,M18976,302.0,310.5,1381,58.4,201,No Failure
4117,4118,L51297,301.9,310.5,1340,55.7,204,Overstrain Failure
4118,4119,L51298,302.0,310.6,1366,47.7,206,No Failure
4119,4120,L51299,302.1,310.7,1325,45.1,208,Heat Dissipation Failure
4120,4121,M18980,302.1,310.7,1376,46.3,210,Heat Dissipation Failure
4121,4122,M18981,302.1,310.7,1364,47.8,213,Heat Dissipation Failure
4122,4123,L51302,302.2,310.6,1462,43.6,0,No Failure
4123,4124,M18983,302.1,310.6,1517,38.9,2,No Failure
4124,4125,L51304,302.1,310.6,1385,53.6,5,No Failure
4125,4126,L51305,302.1,310.6,1439,40.0,7,No Failure
4126,4127,M18986,302.0,310.6,1623,34.3,9,No Failure
4127,4128,H33541,302.0,310.6,1438,43.2,12,No Failure
4128,4129,L51308,301.9,310.4,1708,24.8,17,No Failure
4129,4130,M18989,301.8,310.3,1666,32.7,19,No Failure
4130,4131,L51310,301.9,310.4,1286,62.8,22,Heat Dissipation Failure
4131,4132,L51311,301.9,310.3,1485,46.3,24,No Failure
4132,4133,M18992,301.8,310.3,1409,52.5,26,No Failure
4133,4134,L51313,301.8,310.3,1765,27.3,29,No Failure
4134,4135,L51314,301.8,310.3,1688,28.8,31,No Failure
4135,4136,M18995,301.7,310.3,1787,26.7,33,No Failure
4136,4137,L51316,301.7,310.1,1487,48.0,36,No Failure
4137,4138,L51317,301.7,310.1,1384,50.5,38,No Failure
4138,4139,L51318,301.7,310.2,1311,57.4,40,Heat Dissipation Failure
4139,4140,H33553,301.7,310.2,1620,30.8,42,No Failure
4140,4141,L51320,301.7,310.2,1331,61.2,47,Heat Dissipation Failure
4141,4142,H33555,301.7,310.1,1462,38.3,49,No Failure
4142,4143,L51322,301.7,310.1,1424,50.2,54,No Failure
4143,4144,L51323,301.7,310.1,1500,39.6,56,No Failure
4144,4145,L51324,301.8,310.1,1738,28.0,58,No Failure
4145,4146,M19005,301.8,310.3,1465,46.5,60,No Failure
4146,4147,L51326,301.8,310.3,1482,41.4,63,No Failure
4147,4148,L51327,301.9,310.3,1398,44.0,65,No Failure
4148,4149,L51328,301.9,310.3,1972,21.3,67,No Failure
4149,4150,L51329,301.9,310.4,1603,37.6,69,No Failure
4150,4151,L51330,301.9,310.4,1610,34.8,71,No Failure
4151,4152,M19011,301.9,310.4,1373,48.0,73,Heat Dissipation Failure
4152,4153,M19012,302.0,310.5,1425,44.7,76,No Failure
4153,4154,M19013,302.0,310.4,1212,55.6,79,Heat Dissipation Failure
4154,4155,M19014,302.0,310.4,1828,26.3,82,No Failure
4155,4156,L51335,302.0,310.5,1370,44.4,85,Heat Dissipation Failure
4156,4157,M19016,302.0,310.5,1823,25.1,87,No Failure
4157,4158,L51337,302.0,310.5,1263,60.6,90,Heat Dissipation Failure
4158,4159,L51338,301.9,310.4,1889,21.5,92,No Failure
4159,4160,M19019,302.0,310.5,1639,32.9,94,No Failure
4160,4161,M19020,302.0,310.4,1608,33.1,97,No Failure
4161,4162,H33575,301.9,310.3,1653,32.4,100,No Failure
4162,4163,L51342,302.0,310.4,1591,29.8,105,No Failure
4163,4164,L51343,302.1,310.5,1696,30.9,107,No Failure
4164,4165,L51344,302.2,310.6,1346,47.5,109,Heat Dissipation Failure
4165,4166,M19025,302.2,310.5,1507,40.4,111,No Failure
4166,4167,H33580,302.3,310.6,1525,48.7,114,No Failure
4167,4168,M19027,302.3,310.7,1559,33.9,119,No Failure
4168,4169,L51348,302.2,310.6,1632,30.5,122,No Failure
4169,4170,L51349,302.1,310.5,1559,36.0,124,No Failure
4170,4171,M19030,302.2,310.6,1355,51.5,126,Heat Dissipation Failure
4171,4172,M19031,302.2,310.5,1832,23.7,129,No Failure
4172,4173,L51352,302.2,310.6,1386,50.0,132,No Failure
4173,4174,M19033,302.2,310.6,1346,49.2,134,Heat Dissipation Failure
4174,4175,L51354,302.3,310.7,1499,37.8,137,No Failure
4175,4176,L51355,302.3,310.7,1612,33.4,139,No Failure
4176,4177,M19036,302.3,310.7,1544,39.7,141,No Failure
4177,4178,L51357,302.5,310.9,1477,39.2,144,No Failure
4178,4179,L51358,302.5,310.9,1624,34.4,146,No Failure
4179,4180,L51359,302.4,310.9,1349,46.1,148,Heat Dissipation Failure
4180,4181,L51360,302.4,310.8,1686,28.8,150,No Failure
4181,4182,M19041,302.4,310.7,1521,40.4,152,No Failure
4182,4183,L51362,302.4,310.7,1362,54.8,155,Heat Dissipation Failure
4183,4184,L51363,302.3,310.7,1402,50.9,157,No Failure
4184,4185,L51364,302.2,310.6,1334,53.2,159,Heat Dissipation Failure
4185,4186,L51365,302.2,310.6,1348,48.4,161,Heat Dissipation Failure
4186,4187,M19046,302.2,310.6,1570,34.6,163,No Failure
4187,4188,M19047,302.2,310.7,1601,33.0,166,No Failure
4188,4189,M19048,302.3,310.8,1611,31.8,169,No Failure
4189,4190,L51369,302.4,310.9,1560,31.8,172,No Failure
4190,4191,H33604,302.4,310.9,1444,40.7,174,No Failure
4191,4192,L51371,302.4,311.0,1317,59.4,179,No Failure
4192,4193,M19052,302.5,311.0,1463,43.1,181,No Failure
4193,4194,L51373,302.4,311.1,1634,34.2,184,No Failure
4194,4195,L51374,302.4,311.0,1423,46.2,186,No Failure
4195,4196,L51375,302.5,311.0,1548,38.4,188,No Failure
4196,4197,M19056,302.5,311.0,1563,35.6,190,No Failure
4197,4198,L51377,302.4,311.0,1573,36.5,193,No Failure
4198,4199,M19058,302.4,311.1,1432,44.5,195,No Failure
4199,4200,M19059,302.5,311.1,1638,32.0,198,No Failure
4200,4201,L51380,302.5,311.1,1571,34.2,201,No Failure
4201,4202,L51381,302.4,311.0,2211,15.4,203,No Failure
4202,4203,L51382,302.4,311.0,1555,40.6,205,No Failure
4203,4204,M19063,302.3,310.9,1558,31.9,207,No Failure
4204,4205,M19064,302.3,310.9,1523,43.2,210,No Failure
4205,4206,L51385,302.3,310.8,1723,26.3,213,No Failure
4206,4207,M19066,302.3,310.8,1721,28.4,215,No Failure
4207,4208,M19067,302.3,310.9,1710,30.4,218,Tool Wear Failure
4208,4209,M19068,302.3,310.9,1627,32.3,0,No Failure
4209,4210,M19069,302.2,310.8,1422,47.0,3,No Failure
4210,4211,L51390,302.1,310.8,1565,35.3,6,No Failure
4211,4212,L51391,302.1,310.7,1314,52.8,8,Heat Dissipation Failure
4212,4213,M19072,302.0,310.6,1392,60.5,10,No Failure
4213,4214,L51393,302.1,310.7,1465,40.7,13,No Failure
4214,4215,L51394,301.9,310.6,1573,36.6,15,No Failure
4215,4216,M19075,302.0,310.7,2157,17.8,17,No Failure
4216,4217,L51396,301.9,310.7,1370,50.3,20,No Failure
4217,4218,L51397,301.9,310.6,1462,38.8,22,No Failure
4218,4219,M19078,302.0,310.6,1479,40.5,24,No Failure
4219,4220,L51399,301.9,310.7,1717,26.8,27,No Failure
4220,4221,M19080,301.9,310.6,1260,65.9,29,No Failure
4221,4222,L51401,301.9,310.6,1467,39.3,32,No Failure
4222,4223,M19082,302.0,310.6,1535,38.6,34,No Failure
4223,4224,L51403,302.0,310.7,1657,31.9,37,No Failure
4224,4225,L51404,302.0,310.7,1698,28.1,39,No Failure
4225,4226,L51405,302.1,310.7,1359,49.3,41,Heat Dissipation Failure
4226,4227,L51406,302.1,310.8,1596,37.1,43,No Failure
4227,4228,L51407,302.2,310.8,1383,46.9,45,No Failure
4228,4229,L51408,302.2,310.8,2203,16.6,47,No Failure
4229,4230,M19089,302.2,310.8,1408,46.8,49,No Failure
4230,4231,L51410,302.2,310.8,1673,32.9,52,No Failure
4231,4232,L51411,302.2,310.8,1340,47.8,54,No Failure
4232,4233,L51412,302.2,310.9,1452,42.3,56,No Failure
4233,4234,M19093,302.2,310.9,1302,53.4,58,No Failure
4234,4235,H33648,302.2,310.9,1522,35.9,61,No Failure
4235,4236,L51415,302.2,310.8,1438,41.4,66,No Failure
4236,4237,L51416,302.2,310.9,1604,40.5,68,No Failure
4237,4238,L51417,302.2,311.0,1832,23.2,70,No Failure
4238,4239,M19098,302.3,311.0,1521,34.8,72,No Failure
4239,4240,L51419,302.3,311.0,1446,37.6,75,No Failure
4240,4241,L51420,302.4,311.1,1905,20.9,77,No Failure
4241,4242,L51421,302.4,311.0,1475,47.9,79,No Failure
4242,4243,L51422,302.4,311.0,1462,48.5,81,No Failure
4243,4244,M19103,302.4,310.9,1435,42.3,83,No Failure
4244,4245,L51424,302.4,310.9,1469,39.6,86,No Failure
4245,4246,M19105,302.6,311.1,1520,43.0,88,No Failure
4246,4247,L51426,302.6,311.0,1537,35.5,91,No Failure
4247,4248,L51427,302.6,311.0,1369,60.0,93,Heat Dissipation Failure
4248,4249,L51428,302.6,311.0,1506,37.2,95,No Failure
4249,4250,L51429,302.5,310.9,1330,56.9,97,Heat Dissipation Failure
4250,4251,L51430,302.6,311.0,1660,38.0,99,No Failure
4251,4252,H33665,302.5,310.9,1356,55.5,101,Heat Dissipation Failure
4252,4253,H33666,302.6,311.0,1438,51.0,106,No Failure
4253,4254,M19113,302.6,311.0,1329,48.6,111,Heat Dissipation Failure
4254,4255,L51434,302.6,311.0,1284,68.0,114,Power Failure
4255,4256,M19115,302.5,311.0,1387,52.1,116,No Failure
4256,4257,M19116,302.6,311.0,1591,33.9,119,No Failure
4257,4258,M19117,302.6,311.0,1589,39.0,122,No Failure
4258,4259,M19118,302.7,311.1,1297,60.7,125,Heat Dissipation Failure
4259,4260,L51439,302.7,311.2,1545,35.1,128,No Failure
4260,4261,H33674,302.7,311.1,1418,43.4,130,No Failure
4261,4262,L51441,302.7,311.1,1730,28.1,135,No Failure
4262,4263,L51442,302.6,311.0,2001,20.7,137,No Failure
4263,4264,L51443,302.6,311.0,1620,36.2,139,No Failure
4264,4265,M19124,302.6,311.0,1542,39.7,141,No Failure
4265,4266,L51445,302.6,311.0,1424,38.0,144,No Failure
4266,4267,L51446,302.7,311.1,1440,39.5,146,No Failure
4267,4268,L51447,302.6,311.0,1520,42.8,148,No Failure
4268,4269,L51448,302.7,311.0,1694,29.8,150,No Failure
4269,4270,L51449,302.6,311.0,1610,39.2,152,No Failure
4270,4271,L51450,302.6,310.9,1331,52.0,154,Heat Dissipation Failure
4271,4272,L51451,302.6,310.8,1470,41.2,156,No Failure
4272,4273,L51452,302.5,310.8,1577,36.9,158,No Failure
4273,4274,L51453,302.6,310.8,1486,36.4,160,No Failure
4274,4275,L51454,302.4,310.6,1445,40.3,162,No Failure
4275,4276,M19135,302.4,310.5,1500,36.7,164,No Failure
4276,4277,M19136,302.2,310.4,1456,47.5,167,No Failure
4277,4278,L51457,302.2,310.4,1743,28.1,170,No Failure
4278,4279,L51458,302.0,310.1,1409,50.4,172,No Failure
4279,4280,L51459,302.0,310.1,1361,45.4,174,Heat Dissipation Failure
4280,4281,L51460,302.1,310.1,1753,28.9,176,No Failure
4281,4282,L51461,302.0,310.0,1832,22.9,178,No Failure
4282,4283,L51462,301.9,309.9,1374,48.5,180,Heat Dissipation Failure
4283,4284,M19143,301.8,309.9,1334,61.0,182,Heat Dissipation Failure
4284,4285,L51464,301.8,310.0,1493,40.3,185,No Failure
4285,4286,L51465,301.7,309.9,1317,49.0,187,Heat Dissipation Failure
4286,4287,M19146,301.7,309.9,1434,47.9,189,No Failure
4287,4288,M19147,301.7,309.9,1457,39.2,192,No Failure
4288,4289,M19148,301.7,310.0,1391,50.6,195,No Failure
4289,4290,M19149,301.8,310.0,1781,23.9,198,No Failure
4290,4291,L51470,301.8,310.0,1642,32.6,201,No Failure
4291,4292,L51471,301.8,310.0,2032,19.0,203,No Failure
4292,4293,M19152,301.8,310.1,2372,13.9,205,Power Failure
4293,4294,L51473,301.8,310.0,1393,44.9,208,No Failure
4294,4295,M19154,301.7,310.1,1743,27.3,210,No Failure
4295,4296,L51475,301.8,310.2,1457,40.4,213,No Failure
4296,4297,L51476,301.8,310.2,2825,5.8,215,Power Failure
4297,4298,M19157,301.8,310.2,1609,34.2,217,No Failure
4298,4299,M19158,301.8,310.2,1437,42.3,0,No Failure
4299,4300,L51479,301.7,310.1,1402,50.1,3,No Failure
4300,4301,M19160,301.7,310.1,1644,34.6,5,No Failure
4301,4302,L51481,301.7,310.2,1471,51.1,8,No Failure
4302,4303,L51482,301.7,310.1,2695,12.6,10,No Failure
4303,4304,L51483,301.7,310.2,1435,48.1,12,No Failure
4304,4305,L51484,301.6,310.1,1694,26.3,14,No Failure
4305,4306,L51485,301.6,310.1,1687,26.6,16,No Failure
4306,4307,L51486,301.6,310.0,1869,22.9,18,No Failure
4307,4308,L51487,301.4,309.9,1259,63.9,20,Heat Dissipation Failure
4308,4309,H33722,301.4,309.9,1460,47.2,22,No Failure
4309,4310,M19169,301.3,309.9,1501,39.5,27,No Failure
4310,4311,L51490,301.4,310.0,1776,25.6,30,No Failure
4311,4312,M19171,301.5,310.1,1468,40.8,32,No Failure
4312,4313,L51492,301.5,310.1,1430,46.5,35,No Failure
4313,4314,L51493,301.4,310.1,1502,46.6,37,No Failure
4314,4315,H33728,301.4,310.1,1623,32.3,39,No Failure
4315,4316,M19175,301.4,310.0,1651,29.8,44,No Failure
4316,4317,L51496,301.5,310.1,1639,33.4,47,No Failure
4317,4318,M19177,301.5,310.0,1417,44.6,49,No Failure
4318,4319,L51498,301.5,310.1,1541,42.2,52,No Failure
4319,4320,M19179,301.6,310.2,1411,45.1,54,No Failure
4320,4321,L51500,301.7,310.3,1397,44.6,57,No Failure
4321,4322,L51501,301.7,310.2,1686,28.9,59,No Failure
4322,4323,M19182,301.7,310.1,1431,44.0,61,No Failure
4323,4324,L51503,301.8,310.3,1341,50.5,64,Heat Dissipation Failure
4324,4325,L51504,301.7,310.2,1486,43.0,66,No Failure
4325,4326,L51505,301.6,310.2,1384,57.1,68,No Failure
4326,4327,L51506,301.6,310.1,1362,55.8,70,Heat Dissipation Failure
4327,4328,H33741,301.7,310.1,1660,29.3,72,No Failure
4328,4329,L51508,301.6,310.1,1326,48.2,77,Heat Dissipation Failure
4329,4330,L51509,301.6,310.0,1566,30.3,79,No Failure
4330,4331,L51510,301.5,309.8,1549,38.5,81,No Failure
4331,4332,M19191,301.6,309.9,1746,31.1,83,No Failure
4332,4333,M19192,301.7,309.9,1452,41.5,86,No Failure
4333,4334,L51513,301.6,309.8,1588,33.9,89,No Failure
4334,4335,L51514,301.6,309.8,1472,42.5,91,No Failure
4335,4336,L51515,301.7,309.9,1607,37.7,93,No Failure
4336,4337,H33750,301.6,309.9,1423,53.6,95,No Failure
4337,4338,L51517,301.6,309.9,1440,43.4,100,No Failure
4338,4339,L51518,301.6,309.9,1397,43.7,102,No Failure
4339,4340,L51519,301.7,309.9,1524,46.6,104,No Failure
4340,4341,M19200,301.7,309.9,1533,40.9,106,No Failure
4341,4342,L51521,301.7,309.8,1398,46.0,109,No Failure
4342,4343,M19202,301.7,309.8,1284,68.2,111,Power Failure
4343,4344,L51523,301.7,309.8,1491,39.3,114,No Failure
4344,4345,H33758,301.8,309.9,1418,51.3,116,No Failure
4345,4346,M19205,301.8,309.8,1546,39.8,121,No Failure
4346,4347,L51526,301.8,309.7,1598,30.4,124,No Failure
4347,4348,H33761,301.9,309.8,1724,27.5,126,No Failure
4348,4349,L51528,301.9,309.8,1507,44.7,131,No Failure
4349,4350,L51529,301.9,309.7,1595,31.4,133,No Failure
4350,4351,M19210,301.9,309.7,1568,37.5,135,No Failure
4351,4352,L51531,301.8,309.6,1432,43.7,138,No Failure
4352,4353,L51532,301.9,309.7,1424,42.8,140,No Failure
4353,4354,M19213,302.0,309.7,1386,62.7,142,Power Failure
4354,4355,L51534,302.0,309.8,1456,58.1,145,No Failure
4355,4356,H33769,302.0,309.8,1280,57.3,147,Heat Dissipation Failure
4356,4357,L51536,302.0,309.8,1649,31.0,152,No Failure
4357,4358,L51537,302.0,309.9,1407,52.8,154,No Failure
4358,4359,H33772,302.0,309.9,1606,34.5,156,No Failure
4359,4360,M19219,302.1,310.0,1531,38.0,161,No Failure
4360,4361,L51540,302.1,310.1,1543,35.8,164,No Failure
4361,4362,M19221,302.1,310.1,1379,48.2,166,Heat Dissipation Failure
4362,4363,L51542,302.1,310.1,1447,46.6,169,No Failure
4363,4364,H33777,302.1,310.1,1844,24.6,171,No Failure
4364,4365,H33778,302.1,310.1,1615,29.9,176,No Failure
4365,4366,L51545,302.0,310.0,1449,48.8,181,No Failure
4366,4367,L51546,302.0,309.9,1388,51.4,183,No Failure
4367,4368,H33781,302.0,309.9,1447,42.8,185,No Failure
4368,4369,L51548,302.0,310.0,1664,28.6,190,No Failure
4369,4370,H33783,302.0,309.9,1735,27.2,192,No Failure
4370,4371,L51550,302.0,309.9,1308,57.6,197,Heat Dissipation Failure
4371,4372,L51551,302.0,309.8,1480,40.0,199,No Failure
4372,4373,M19232,301.9,309.6,1439,41.7,201,No Failure
4373,4374,M19233,301.9,309.7,1533,35.9,204,No Failure
4374,4375,L51554,302.0,309.7,1551,34.8,207,No Failure
4375,4376,L51555,302.0,309.7,1414,36.3,209,No Failure
4376,4377,M19236,301.9,309.6,1551,34.6,211,No Failure
4377,4378,M19237,301.8,309.6,1436,49.0,214,No Failure
4378,4379,M19238,301.9,309.6,1385,45.8,217,No Failure
4379,4380,M19239,301.8,309.5,1732,30.1,220,No Failure
4380,4381,L51560,301.9,309.6,1410,49.0,223,No Failure
4381,4382,L51561,301.9,309.6,1446,43.2,225,No Failure
4382,4383,L51562,301.8,309.5,1525,39.6,227,No Failure
4383,4384,L51563,301.7,309.5,1298,65.5,229,Heat Dissipation Failure
4384,4385,L51564,301.8,309.6,1443,42.7,231,No Failure
4385,4386,L51565,301.8,309.7,1442,45.3,233,Tool Wear Failure
4386,4387,L51566,301.9,309.7,1719,31.9,0,No Failure
4387,4388,L51567,302.0,309.8,1532,39.4,2,No Failure
4388,4389,L51568,302.0,309.8,1701,27.2,4,No Failure
4389,4390,M19249,302.1,310.0,1355,45.1,6,Heat Dissipation Failure
4390,4391,M19250,302.2,310.1,1421,45.4,9,No Failure
4391,4392,M19251,302.2,310.1,1368,51.6,12,Heat Dissipation Failure
4392,4393,L51572,302.2,310.1,1458,45.1,15,No Failure
4393,4394,M19253,302.2,310.1,1572,34.6,17,No Failure
4394,4395,L51574,302.2,310.0,1483,48.7,20,No Failure
4395,4396,L51575,302.3,310.1,1513,40.4,22,No Failure
4396,4397,H33810,302.3,310.1,1383,42.9,24,No Failure
4397,4398,L51577,302.4,310.2,1539,37.7,29,No Failure
4398,4399,M19258,302.3,310.1,1563,37.8,31,No Failure
4399,4400,L51579,302.3,310.1,1653,29.7,34,No Failure
4400,4401,L51580,302.3,310.1,1353,50.9,36,Heat Dissipation Failure
4401,4402,H33815,302.2,310.0,1468,43.6,38,No Failure
4402,4403,H33816,302.3,310.2,1506,33.8,43,No Failure
4403,4404,L51583,302.3,310.1,1388,49.9,48,No Failure
4404,4405,M19264,302.4,310.2,1485,45.9,50,No Failure
4405,4406,L51585,302.4,310.2,1331,45.5,53,Heat Dissipation Failure
4406,4407,L51586,302.5,310.3,1326,58.5,55,Heat Dissipation Failure
4407,4408,L51587,302.3,310.2,1394,55.4,57,No Failure
4408,4409,L51588,302.4,310.1,2009,18.9,59,No Failure
4409,4410,M19269,302.4,310.1,1358,54.6,61,Heat Dissipation Failure
4410,4411,L51590,302.5,310.2,1586,32.2,64,No Failure
4411,4412,L51591,302.5,310.3,1688,31.6,66,No Failure
4412,4413,L51592,302.6,310.5,1450,43.2,68,No Failure
4413,4414,M19273,302.7,310.5,1398,47.3,70,No Failure
4414,4415,L51594,302.7,310.5,1520,39.3,73,No Failure
4415,4416,L51595,302.6,310.4,1514,42.7,75,No Failure
4416,4417,M19276,302.6,310.4,1532,36.1,77,No Failure
4417,4418,L51597,302.6,310.4,1365,66.8,80,Power Failure
4418,4419,L51598,302.6,310.3,1642,33.2,82,No Failure
4419,4420,M19279,302.6,310.2,2676,10.8,84,Power Failure
4420,4421,H33834,302.6,310.2,1873,21.3,87,No Failure
4421,4422,L51601,302.6,310.2,1325,62.4,92,Heat Dissipation Failure
4422,4423,M19282,302.6,310.2,2157,17.2,94,No Failure
4423,4424,M19283,302.6,310.2,1563,39.0,97,No Failure
4424,4425,M19284,302.6,310.2,1631,31.0,100,No Failure
4425,4426,L51605,302.5,310.2,1547,36.9,103,No Failure
4426,4427,L51606,302.6,310.3,1479,40.4,105,No Failure
4427,4428,M19287,302.4,310.1,1379,48.9,107,Heat Dissipation Failure
4428,4429,L51608,302.4,310.1,1906,21.2,110,No Failure
4429,4430,M19289,302.3,310.1,1731,33.4,112,No Failure
4430,4431,H33844,302.3,310.1,1688,30.4,115,No Failure
4431,4432,H33845,302.3,310.2,1443,54.6,120,No Failure
4432,4433,L51612,302.4,310.2,1445,46.4,125,No Failure
4433,4434,H33847,302.4,310.2,1435,44.9,127,No Failure
4434,4435,L51614,302.4,310.1,1556,32.9,132,No Failure
4435,4436,L51615,302.3,310.1,1321,52.7,134,Heat Dissipation Failure
4436,4437,M19296,302.4,310.1,1577,35.8,136,No Failure
4437,4438,L51617,302.4,310.2,1578,31.2,139,No Failure
4438,4439,L51618,302.4,310.1,1418,52.3,141,No Failure
4439,4440,M19299,302.4,310.2,1392,55.8,143,No Failure
4440,4441,L51620,302.5,310.3,1446,44.0,146,No Failure
4441,4442,L51621,302.5,310.2,1329,50.6,148,Heat Dissipation Failure
4442,4443,L51622,302.5,310.2,1563,34.8,150,No Failure
4443,4444,L51623,302.5,310.3,1405,57.4,152,No Failure
4444,4445,L51624,302.4,310.2,2224,16.0,154,No Failure
4445,4446,L51625,302.5,310.2,1716,29.9,156,No Failure
4446,4447,L51626,302.5,310.3,1584,35.5,158,No Failure
4447,4448,M19307,302.5,310.3,1488,41.8,160,No Failure
4448,4449,L51628,302.4,310.3,1374,51.2,163,Heat Dissipation Failure
4449,4450,M19309,302.4,310.3,1378,54.3,165,Heat Dissipation Failure
4450,4451,L51630,302.5,310.3,1551,37.3,168,No Failure
4451,4452,L51631,302.5,310.3,1549,40.9,170,No Failure
4452,4453,M19312,302.5,310.3,1447,39.2,172,No Failure
4453,4454,L51633,302.4,310.2,1400,53.7,175,No Failure
4454,4455,L51634,302.4,310.1,1401,48.8,177,No Failure
4455,4456,H33869,302.4,310.1,1597,28.9,179,No Failure
4456,4457,L51636,302.3,310.1,1487,46.0,184,No Failure
4457,4458,M19317,302.5,310.3,1710,27.3,186,No Failure
4458,4459,L51638,302.6,310.4,1478,47.7,189,No Failure
4459,4460,L51639,302.6,310.4,1743,26.3,191,No Failure
4460,4461,L51640,302.6,310.5,1596,32.8,193,No Failure
4461,4462,L51641,302.7,310.5,1642,30.8,195,No Failure
4462,4463,L51642,302.7,310.5,1263,67.8,197,Heat Dissipation Failure
4463,4464,L51643,302.8,310.6,2016,19.9,199,No Failure
4464,4465,L51644,302.8,310.6,1671,30.5,201,No Failure
4465,4466,L51645,302.8,310.6,1404,43.2,203,No Failure
4466,4467,L51646,302.8,310.6,1470,41.1,205,No Failure
4467,4468,L51647,302.8,310.6,1617,37.9,207,No Failure
4468,4469,L51648,302.7,310.5,1725,29.0,209,No Failure
4469,4470,L51649,302.7,310.5,1446,40.9,211,Tool Wear Failure
4470,4471,L51650,302.7,310.6,1564,34.3,0,No Failure
4471,4472,L51651,302.8,310.6,1670,29.1,2,No Failure
4472,4473,L51652,302.7,310.6,1501,48.7,4,No Failure
4473,4474,L51653,302.7,310.5,1551,35.9,6,No Failure
4474,4475,L51654,302.7,310.5,1563,35.0,8,No Failure
4475,4476,L51655,302.7,310.5,1351,41.8,10,Heat Dissipation Failure
4476,4477,L51656,302.6,310.4,1415,52.1,12,No Failure
4477,4478,L51657,302.6,310.3,1647,34.2,14,No Failure
4478,4479,L51658,302.5,310.2,1477,41.6,16,No Failure
4479,4480,L51659,302.6,310.2,1923,21.5,18,No Failure
4480,4481,H33894,302.7,310.4,1305,55.2,20,Heat Dissipation Failure
4481,4482,M19341,302.6,310.4,1544,35.1,25,No Failure
4482,4483,H33896,302.7,310.5,1568,36.9,28,No Failure
4483,4484,L51663,302.7,310.4,1489,42.7,33,No Failure
4484,4485,M19344,302.6,310.4,1451,43.1,35,No Failure
4485,4486,L51665,302.7,310.4,1542,35.7,38,No Failure
4486,4487,M19346,302.6,310.5,1965,20.2,40,No Failure
4487,4488,L51667,302.5,310.5,1436,36.5,43,No Failure
4488,4489,M19348,302.5,310.4,1509,37.6,45,No Failure
4489,4490,L51669,302.5,310.4,1487,40.2,48,No Failure
4490,4491,L51670,302.5,310.4,1967,20.3,50,No Failure
4491,4492,H33905,302.6,310.4,1409,53.3,52,No Failure
4492,4493,M19352,302.6,310.5,1420,56.4,57,No Failure
4493,4494,L51673,302.7,310.5,1511,37.7,60,No Failure
4494,4495,H33908,302.6,310.4,1649,30.1,62,No Failure
4495,4496,L51675,302.6,310.4,1359,57.2,67,Heat Dissipation Failure
4496,4497,M19356,302.5,310.4,1605,36.0,69,No Failure
4497,4498,L51677,302.5,310.3,1523,36.0,72,No Failure
4498,4499,H33912,302.6,310.4,1614,36.0,74,No Failure
4499,4500,H33913,302.6,310.3,1721,27.4,79,No Failure
4500,4501,L51680,302.6,310.4,1638,36.2,84,No Failure
4501,4502,L51681,302.5,310.2,1307,54.0,86,Heat Dissipation Failure
4502,4503,L51682,302.4,310.2,1642,28.3,88,No Failure
4503,4504,M19363,302.5,310.2,1751,30.5,90,No Failure
4504,4505,L51684,302.4,310.1,1645,31.6,93,No Failure
4505,4506,L51685,302.4,310.1,1426,46.8,95,No Failure
4506,4507,M19366,302.4,310.1,1520,36.6,97,No Failure
4507,4508,L51687,302.4,310.1,1709,31.8,100,No Failure
4508,4509,L51688,302.4,310.0,1426,46.6,102,No Failure
4509,4510,L51689,302.4,310.1,1429,43.7,104,No Failure
4510,4511,L51690,302.4,310.2,1346,62.4,106,Heat Dissipation Failure
4511,4512,L51691,302.5,310.2,1454,43.0,108,No Failure
4512,4513,M19372,302.5,310.3,1411,49.5,110,No Failure
4513,4514,L51693,302.4,310.3,1900,24.4,113,No Failure
4514,4515,L51694,302.4,310.3,1479,36.2,115,No Failure
4515,4516,L51695,302.5,310.4,1415,48.2,117,No Failure
4516,4517,L51696,302.5,310.3,1539,39.0,119,No Failure
4517,4518,L51697,302.4,310.3,1520,31.6,121,No Failure
4518,4519,L51698,302.4,310.3,1480,45.8,123,No Failure
4519,4520,L51699,302.4,310.4,1666,29.7,125,No Failure
4520,4521,L51700,302.4,310.4,1456,47.6,127,No Failure
4521,4522,L51701,302.4,310.4,1865,23.9,129,No Failure
4522,4523,M19382,302.5,310.5,1918,21.6,131,No Failure
4523,4524,L51703,302.5,310.4,1488,48.4,134,No Failure
4524,4525,M19384,302.5,310.5,1527,38.8,136,No Failure
4525,4526,M19385,302.4,310.4,1463,42.2,139,No Failure
4526,4527,L51706,302.4,310.4,1521,38.5,142,No Failure
4527,4528,M19387,302.4,310.5,1372,45.7,144,Heat Dissipation Failure
4528,4529,L51708,302.5,310.5,1507,39.5,147,No Failure
4529,4530,M19389,302.4,310.4,1586,34.3,149,No Failure
4530,4531,L51710,302.5,310.4,1487,42.0,152,No Failure
4531,4532,L51711,302.5,310.5,1520,41.2,154,No Failure
4532,4533,H33946,302.5,310.4,1422,41.9,156,No Failure
4533,4534,M19393,302.4,310.3,1375,52.5,161,Heat Dissipation Failure
4534,4535,L51714,302.4,310.2,1633,28.0,164,No Failure
4535,4536,L51715,302.4,310.2,1503,36.2,166,No Failure
4536,4537,L51716,302.4,310.2,1351,45.1,168,Heat Dissipation Failure
4537,4538,L51717,302.3,310.2,1548,35.3,170,No Failure
4538,4539,L51718,302.4,310.3,1923,23.3,172,No Failure
4539,4540,L51719,302.5,310.3,1592,32.6,174,No Failure
4540,4541,M19400,302.5,310.4,1580,35.6,176,No Failure
4541,4542,L51721,302.5,310.4,1427,46.8,179,No Failure
4542,4543,M19402,302.5,310.4,1581,32.7,181,No Failure
4543,4544,M19403,302.6,310.5,1542,39.9,184,No Failure
4544,4545,L51724,302.5,310.4,1349,55.1,187,Heat Dissipation Failure
4545,4546,L51725,302.5,310.5,1463,43.0,189,No Failure
4546,4547,M19406,302.5,310.4,1429,43.2,191,No Failure
4547,4548,M19407,302.5,310.4,1451,53.6,194,No Failure
4548,4549,L51728,302.6,310.5,1511,37.2,197,No Failure
4549,4550,L51729,302.6,310.6,1549,37.5,199,No Failure
4550,4551,M19410,302.5,310.5,1507,40.2,201,No Failure
4551,4552,M19411,302.6,310.5,1524,33.7,204,No Failure
4552,4553,M19412,302.7,310.5,1880,22.7,207,No Failure
4553,4554,L51733,302.6,310.5,1461,45.4,0,No Failure
4554,4555,L51734,302.6,310.5,1748,28.2,2,No Failure
4555,4556,L51735,302.7,310.6,1690,26.7,4,No Failure
4556,4557,M19416,302.7,310.6,1349,51.2,6,Heat Dissipation Failure
4557,4558,L51737,302.7,310.6,1686,26.3,9,No Failure
4558,4559,L51738,302.7,310.7,1369,47.5,11,Heat Dissipation Failure
4559,4560,L51739,302.7,310.7,1433,43.7,13,No Failure
4560,4561,L51740,302.7,310.7,1597,41.9,15,No Failure
4561,4562,L51741,302.9,310.8,1610,32.2,17,No Failure
4562,4563,L51742,302.7,310.7,1398,57.7,19,No Failure
4563,4564,L51743,302.7,310.7,1977,20.0,21,No Failure
4564,4565,L51744,302.8,310.8,1516,39.5,23,No Failure
4565,4566,H33979,302.7,310.8,1275,55.0,25,Heat Dissipation Failure
4566,4567,L51746,302.8,310.8,1402,50.5,30,No Failure
4567,4568,M19427,302.8,310.8,1451,44.7,32,No Failure
4568,4569,M19428,302.7,310.8,1555,36.1,35,No Failure
4569,4570,L51749,302.8,310.9,1636,35.0,38,No Failure
4570,4571,L51750,302.8,310.9,1312,52.2,40,Heat Dissipation Failure
4571,4572,L51751,302.8,310.9,1708,29.8,42,No Failure
4572,4573,M19432,302.9,311.0,1556,36.5,44,No Failure
4573,4574,H33987,302.8,311.0,1436,43.5,47,No Failure
4574,4575,M19434,302.9,311.0,1402,40.7,52,No Failure
4575,4576,M19435,302.9,311.0,1437,49.9,55,No Failure
4576,4577,M19436,302.9,311.1,1926,21.8,58,No Failure
4577,4578,L51757,303.0,311.2,1800,23.7,61,No Failure
4578,4579,L51758,303.0,311.2,1641,32.6,63,No Failure
4579,4580,L51759,303.0,311.2,1374,48.2,65,Heat Dissipation Failure
4580,4581,L51760,303.0,311.2,1494,37.0,67,No Failure
4581,4582,L51761,303.0,311.2,1601,32.9,69,No Failure
4582,4583,L51762,302.9,311.2,1634,36.9,71,No Failure
4583,4584,M19443,302.9,311.2,1467,37.7,73,No Failure
4584,4585,L51764,302.8,311.1,1550,32.3,76,No Failure
4585,4586,L51765,302.8,311.1,1563,32.2,78,No Failure
4586,4587,L51766,302.7,310.9,1395,48.3,80,No Failure
4587,4588,M19447,302.8,311.0,1507,33.4,82,No Failure
4588,4589,L51768,302.8,311.0,1564,38.5,85,No Failure
4589,4590,L51769,302.8,311.1,1721,30.0,87,No Failure
4590,4591,L51770,302.8,311.1,1456,36.1,89,No Failure
4591,4592,H34005,302.9,311.2,2102,17.8,91,No Failure
4592,4593,L51772,302.9,311.1,1555,33.9,96,No Failure
4593,4594,L51773,303.0,311.2,1409,41.9,98,No Failure
4594,4595,M19454,303.0,311.2,1387,41.4,100,No Failure
4595,4596,M19455,303.0,311.2,1460,43.9,103,No Failure
4596,4597,L51776,303.0,311.2,1361,47.6,106,Heat Dissipation Failure
4597,4598,M19457,303.0,311.1,1490,43.0,108,No Failure
4598,4599,L51778,303.1,311.2,1399,49.2,111,No Failure
4599,4600,L51779,303.1,311.1,1420,55.8,113,No Failure
4600,4601,L51780,303.0,311.0,1359,44.2,115,Heat Dissipation Failure
4601,4602,M19461,303.0,311.1,1372,54.3,117,Heat Dissipation Failure
4602,4603,M19462,303.0,311.0,1409,41.7,120,No Failure
4603,4604,H34017,302.9,311.0,1452,58.3,123,No Failure
4604,4605,L51784,302.9,311.0,1820,24.6,128,No Failure
4605,4606,H34019,302.9,311.0,1469,48.7,130,No Failure
4606,4607,L51786,302.9,311.1,1556,45.3,135,No Failure
4607,4608,L51787,303.0,311.1,1980,20.2,137,No Failure
4608,4609,M19468,303.0,311.2,1519,38.0,139,No Failure
4609,4610,L51789,303.0,311.2,1456,44.0,142,No Failure
4610,4611,L51790,303.1,311.2,1394,45.3,144,No Failure
4611,4612,L51791,303.0,311.3,1365,56.2,146,Heat Dissipation Failure
4612,4613,L51792,303.0,311.3,2194,16.5,148,No Failure
4613,4614,L51793,303.1,311.3,1403,55.6,150,No Failure
4614,4615,H34028,303.0,311.2,1503,37.0,152,No Failure
4615,4616,L51795,303.0,311.3,1793,29.3,157,No Failure
4616,4617,L51796,303.1,311.4,1829,24.5,159,No Failure
4617,4618,M19477,303.1,311.4,1831,23.3,161,No Failure
4618,4619,M19478,303.0,311.3,1335,53.6,164,Heat Dissipation Failure
4619,4620,H34033,303.1,311.3,2056,19.7,167,No Failure
4620,4621,L51800,303.1,311.3,1336,52.6,172,Heat Dissipation Failure
4621,4622,L51801,303.0,311.2,1341,51.0,174,Heat Dissipation Failure
4622,4623,M19482,303.0,311.1,1526,37.3,176,No Failure
4623,4624,L51803,303.0,311.1,1525,40.7,179,No Failure
4624,4625,M19484,303.0,311.1,1428,39.8,181,No Failure
4625,4626,L51805,303.0,311.2,1511,45.7,184,No Failure
4626,4627,L51806,303.0,311.2,1664,29.8,186,No Failure
4627,4628,M19487,303.0,311.2,1592,38.9,188,No Failure
4628,4629,M19488,303.0,311.1,1597,36.7,191,No Failure
4629,4630,L51809,303.0,311.2,1735,26.1,194,No Failure
4630,4631,L51810,302.9,311.2,1751,23.8,196,No Failure
4631,4632,L51811,303.0,311.2,1383,44.6,198,No Failure
4632,4633,M19492,302.9,311.2,1330,53.7,200,Heat Dissipation Failure
4633,4634,L51813,303.0,311.2,1382,50.5,203,No Failure
4634,4635,L51814,303.0,311.2,1755,30.4,205,No Failure
4635,4636,M19495,303.0,311.2,1614,35.7,207,No Failure
4636,4637,L51816,303.0,311.3,1466,43.0,210,No Failure
4637,4638,M19497,303.1,311.3,1847,24.7,212,No Failure
4638,4639,L51818,303.1,311.3,1474,34.8,215,No Failure
4639,4640,L51819,303.1,311.3,1657,31.8,217,No Failure
4640,4641,L51820,303.1,311.2,1435,40.1,219,No Failure
4641,4642,H34055,303.1,311.3,1494,42.7,221,No Failure
4642,4643,L51822,303.2,311.4,1238,54.6,226,Heat Dissipation Failure
4643,4644,L51823,303.2,311.4,1324,54.2,228,Heat Dissipation Failure
4644,4645,L51824,303.2,311.4,1514,41.2,230,No Failure
4645,4646,L51825,303.3,311.4,1732,25.6,232,No Failure
4646,4647,L51826,303.3,311.4,1497,46.0,234,Tool Wear Failure
4647,4648,L51827,303.3,311.4,1958,21.5,0,No Failure
4648,4649,L51828,303.3,311.4,1630,32.5,2,No Failure
4649,4650,M19509,303.3,311.4,1395,59.1,4,No Failure
4650,4651,L51830,303.3,311.4,1658,30.5,7,No Failure
4651,4652,L51831,303.2,311.4,1349,51.1,9,Heat Dissipation Failure
4652,4653,L51832,303.1,311.2,1452,52.9,11,No Failure
4653,4654,M19513,303.1,311.1,1594,35.5,13,No Failure
4654,4655,M19514,303.1,311.0,1510,47.6,16,No Failure
4655,4656,L51835,303.1,311.1,1854,22.6,19,No Failure
4656,4657,L51836,303.1,311.2,1626,32.3,21,No Failure
4657,4658,L51837,303.1,311.2,1628,35.2,23,No Failure
4658,4659,L51838,303.1,311.2,1679,34.8,25,No Failure
4659,4660,M19519,303.1,311.2,1489,44.5,27,No Failure
4660,4661,L51840,303.2,311.2,1439,43.9,30,No Failure
4661,4662,L51841,303.3,311.3,1350,48.1,32,Heat Dissipation Failure
4662,4663,H34076,303.3,311.2,1607,31.7,34,No Failure
4663,4664,L51843,303.3,311.3,1389,53.9,39,No Failure
4664,4665,M19524,303.3,311.3,1566,46.1,41,No Failure
4665,4666,M19525,303.4,311.4,1307,54.0,44,Heat Dissipation Failure
4666,4667,M19526,303.3,311.5,1569,36.6,47,No Failure
4667,4668,H34081,303.3,311.4,1651,30.6,50,No Failure
4668,4669,H34082,303.3,311.4,1692,27.9,55,No Failure
4669,4670,M19529,303.3,311.5,1373,47.3,60,Heat Dissipation Failure
4670,4671,L51850,303.2,311.4,1610,35.5,63,No Failure
4671,4672,L51851,303.3,311.4,1511,43.4,65,No Failure
4672,4673,L51852,303.3,311.5,1412,55.6,67,No Failure
4673,4674,L51853,303.4,311.5,1501,36.2,69,No Failure
4674,4675,L51854,303.4,311.5,1414,44.8,71,No Failure
4675,4676,H34089,303.5,311.5,1629,33.5,73,No Failure
4676,4677,L51856,303.4,311.5,1879,21.3,78,No Failure
4677,4678,H34091,303.5,311.6,1466,47.0,80,No Failure
4678,4679,H34092,303.6,311.7,1476,40.1,85,No Failure
4679,4680,L51859,303.6,311.8,1695,30.7,90,No Failure
4680,4681,L51860,303.6,311.7,1491,39.8,92,No Failure
4681,4682,M19541,303.6,311.8,1659,34.7,94,No Failure
4682,4683,L51862,303.6,311.8,1567,31.7,97,No Failure
4683,4684,L51863,303.6,311.8,1736,32.9,99,No Failure
4684,4685,M19544,303.6,311.8,1421,44.8,101,No Failure
4685,4686,M19545,303.6,311.8,1627,30.8,104,No Failure
4686,4687,M19546,303.5,311.6,1562,34.2,107,No Failure
4687,4688,L51867,303.5,311.6,2183,17.0,110,No Failure
4688,4689,L51868,303.5,311.6,1577,38.1,112,No Failure
4689,4690,M19549,303.4,311.5,1560,36.4,114,No Failure
4690,4691,M19550,303.4,311.5,1483,43.0,117,No Failure
4691,4692,L51871,303.5,311.5,1535,33.3,120,No Failure
4692,4693,M19552,303.4,311.4,1606,29.6,122,No Failure
4693,4694,M19553,303.4,311.5,1817,24.7,125,No Failure
4694,4695,L51874,303.4,311.5,1424,50.8,128,No Failure
4695,4696,L51875,303.3,311.6,1514,34.7,130,No Failure
4696,4697,L51876,303.4,311.6,1449,41.7,132,No Failure
4697,4698,M19557,303.5,311.6,1573,34.0,134,No Failure
4698,4699,L51878,303.4,311.6,1564,41.9,137,No Failure
4699,4700,L51879,303.5,311.6,1428,46.2,139,No Failure
4700,4701,L51880,303.5,311.7,1620,31.0,141,No Failure
4701,4702,H34115,303.5,311.7,1584,32.7,143,No Failure
4702,4703,L51882,303.6,311.8,1222,66.8,148,Heat Dissipation Failure
4703,4704,M19563,303.6,311.8,1432,42.5,150,No Failure
4704,4705,L51884,303.7,311.9,1561,33.3,153,No Failure
4705,4706,L51885,303.6,311.8,1614,33.2,155,No Failure
4706,4707,L51886,303.5,311.7,1959,22.3,157,No Failure
4707,4708,L51887,303.5,311.8,1944,23.5,159,No Failure
4708,4709,L51888,303.4,311.7,1793,25.8,161,No Failure
4709,4710,M19569,303.4,311.6,1446,50.0,163,No Failure
4710,4711,L51890,303.4,311.7,1673,32.2,166,No Failure
4711,4712,M19571,303.4,311.7,1515,44.2,168,No Failure
4712,4713,L51892,303.4,311.8,1564,35.9,171,No Failure
4713,4714,L51893,303.5,311.8,1451,45.2,173,No Failure
4714,4715,H34128,303.4,311.8,1693,28.3,175,No Failure
4715,4716,L51895,303.4,311.7,1476,42.3,180,No Failure
4716,4717,L51896,303.4,311.6,1712,30.1,182,No Failure
4717,4718,M19577,303.4,311.6,1425,45.4,184,No Failure
4718,4719,L51898,303.3,311.6,1337,56.8,187,Heat Dissipation Failure
4719,4720,M19579,303.4,311.7,1690,34.9,189,No Failure
4720,4721,M19580,303.4,311.7,1353,44.1,192,Heat Dissipation Failure
4721,4722,L51901,303.5,311.8,1927,21.9,195,No Failure
4722,4723,M19582,303.4,311.8,1391,42.7,197,No Failure
4723,4724,L51903,303.4,311.8,1366,50.9,200,Heat Dissipation Failure
4724,4725,L51904,303.4,311.9,1771,31.6,202,No Failure
4725,4726,M19585,303.4,311.8,1515,42.6,204,No Failure
4726,4727,M19586,303.4,311.8,2133,18.3,207,No Failure
4727,4728,M19587,303.4,311.8,1341,47.0,210,Heat Dissipation Failure
4728,4729,L51908,303.4,311.7,1406,47.1,213,No Failure
4729,4730,L51909,303.4,311.8,1306,61.0,215,Heat Dissipation Failure
4730,4731,L51910,303.3,311.7,1508,35.5,217,No Failure
4731,4732,L51911,303.3,311.6,1301,45.1,219,Heat Dissipation Failure
4732,4733,L51912,303.3,311.7,1539,38.5,221,No Failure
4733,4734,L51913,303.3,311.6,1484,44.6,223,No Failure
4734,4735,L51914,303.2,311.5,1507,39.2,225,No Failure
4735,4736,L51915,303.2,311.5,1544,42.5,227,No Failure
4736,4737,L51916,303.2,311.5,1513,37.9,0,No Failure
4737,4738,M19597,303.2,311.5,1336,58.2,2,Heat Dissipation Failure
4738,4739,M19598,303.2,311.4,2102,19.0,5,No Failure
4739,4740,L51919,303.2,311.4,1351,53.8,8,Heat Dissipation Failure
4740,4741,L51920,303.3,311.5,1601,35.2,10,No Failure
4741,4742,L51921,303.2,311.3,1393,52.9,12,No Failure
4742,4743,L51922,303.3,311.3,1592,33.7,14,No Failure
4743,4744,L51923,303.3,311.3,1409,51.8,16,No Failure
4744,4745,L51924,303.3,311.3,1393,47.4,18,No Failure
4745,4746,H34159,303.2,311.2,1475,43.1,20,No Failure
4746,4747,L51926,303.2,311.2,1427,45.6,25,No Failure
4747,4748,L51927,303.3,311.2,1763,27.3,27,No Failure
4748,4749,L51928,303.2,311.2,1363,46.7,29,Heat Dissipation Failure
4749,4750,L51929,303.2,311.2,1404,50.9,31,No Failure
4750,4751,M19610,303.2,311.2,1688,31.9,33,No Failure
4751,4752,L51931,303.3,311.4,1510,37.3,36,No Failure
4752,4753,H34166,303.3,311.3,1502,39.5,38,No Failure
4753,4754,H34167,303.2,311.4,1607,36.6,43,No Failure
4754,4755,M19614,303.3,311.5,1384,54.8,48,No Failure
4755,4756,L51935,303.4,311.7,1295,51.3,51,Heat Dissipation Failure
4756,4757,H34170,303.4,311.7,1991,19.0,53,No Failure
4757,4758,L51937,303.4,311.6,1497,42.8,58,No Failure
4758,4759,L51938,303.5,311.6,1465,48.7,60,No Failure
4759,4760,L51939,303.5,311.6,1361,46.5,62,Heat Dissipation Failure
4760,4761,L51940,303.6,311.7,1546,38.5,64,No Failure
4761,4762,H34175,303.7,311.9,1332,52.7,66,Heat Dissipation Failure
4762,4763,M19622,303.7,312.0,2663,11.4,71,Power Failure
4763,4764,L51943,303.7,312.1,1443,45.9,74,No Failure
4764,4765,M19624,303.7,312.0,1402,48.6,76,No Failure
4765,4766,L51945,303.7,312.0,1892,22.5,79,No Failure
4766,4767,M19626,303.6,312.0,1645,35.7,81,No Failure
4767,4768,L51947,303.6,311.9,1473,50.1,84,No Failure
4768,4769,L51948,303.6,312.0,1309,52.9,86,Heat Dissipation Failure
4769,4770,H34183,303.6,311.9,1544,37.1,88,No Failure
4770,4771,L51950,303.5,311.9,1344,49.3,93,Heat Dissipation Failure
4771,4772,M19631,303.6,311.9,1617,36.0,95,No Failure
4772,4773,M19632,303.6,312.0,1435,37.9,98,No Failure
4773,4774,L51953,303.6,312.0,1391,50.3,101,No Failure
4774,4775,L51954,303.6,312.0,1827,23.3,103,No Failure
4775,4776,L51955,303.5,312.0,1761,25.8,105,No Failure
4776,4777,L51956,303.5,312.1,1522,36.4,107,No Failure
4777,4778,M19637,303.5,312.2,1818,23.6,109,No Failure
4778,4779,H34192,303.6,312.2,1371,54.6,112,Heat Dissipation Failure
4779,4780,L51959,303.7,312.3,1511,38.9,117,No Failure
4780,4781,L51960,303.7,312.4,1404,46.6,119,No Failure
4781,4782,L51961,303.7,312.3,1384,45.9,121,No Failure
4782,4783,L51962,303.8,312.5,1368,52.6,123,No Failure
4783,4784,L51963,303.7,312.5,1641,36.0,125,No Failure
4784,4785,L51964,303.9,312.6,1642,32.3,127,No Failure
4785,4786,H34199,303.9,312.7,1401,50.0,129,No Failure
4786,4787,L51966,303.8,312.6,1577,41.3,134,No Failure
4787,4788,L51967,303.7,312.6,1396,44.1,136,No Failure
4788,4789,H34202,303.7,312.6,1514,35.5,138,No Failure
4789,4790,L51969,303.8,312.8,1646,35.8,143,No Failure
4790,4791,L51970,303.8,312.8,1443,40.7,145,No Failure
4791,4792,M19651,303.7,312.7,1469,48.5,147,No Failure
4792,4793,H34206,303.7,312.7,1564,40.2,150,No Failure
4793,4794,H34207,303.6,312.6,1498,40.2,155,No Failure
4794,4795,L51974,303.6,312.6,1699,27.9,160,No Failure
4795,4796,L51975,303.6,312.5,1431,49.0,162,No Failure
4796,4797,L51976,303.5,312.4,1390,47.3,164,No Failure
4797,4798,L51977,303.5,312.5,1380,46.1,166,No Failure
4798,4799,L51978,303.5,312.5,1457,46.4,168,No Failure
4799,4800,L51979,303.5,312.5,1418,42.2,170,No Failure
4800,4801,M19660,303.5,312.5,1353,51.0,172,No Failure
4801,4802,L51981,303.5,312.4,1574,32.7,175,No Failure
4802,4803,M19662,303.5,312.4,1318,54.2,177,No Failure
4803,4804,L51983,303.6,312.5,1710,31.4,180,No Failure
4804,4805,L51984,303.7,312.6,1621,38.8,182,No Failure
4805,4806,L51985,303.6,312.6,1606,33.6,184,No Failure
4806,4807,H34220,303.6,312.5,1375,54.0,186,No Failure
4807,4808,L51987,303.5,312.4,1503,36.5,191,No Failure
4808,4809,L51988,303.5,312.3,1404,48.6,193,No Failure
4809,4810,L51989,303.4,312.2,1656,32.7,195,No Failure
4810,4811,M19670,303.4,312.1,1499,39.4,197,No Failure
4811,4812,M19671,303.4,312.0,1748,28.4,200,No Failure
4812,4813,L51992,303.4,311.9,1531,37.9,203,No Failure
4813,4814,M19673,303.3,311.8,1536,40.6,205,No Failure
4814,4815,L51994,303.4,311.8,1401,53.0,208,Overstrain Failure
4815,4816,H34229,303.4,311.9,1534,33.2,210,No Failure
4816,4817,L51996,303.4,312.0,1521,35.9,215,Tool Wear Failure
4817,4818,L51997,303.5,312.1,1674,30.8,0,No Failure
4818,4819,M19678,303.6,312.1,1967,20.9,2,No Failure
4819,4820,L51999,303.6,312.2,1696,30.7,5,No Failure
4820,4821,M19680,303.6,312.1,1627,32.5,7,No Failure
4821,4822,L52001,303.5,311.9,1405,45.6,10,No Failure
4822,4823,L52002,303.5,311.9,1565,38.9,12,No Failure
4823,4824,L52003,303.5,311.9,1493,38.7,14,No Failure
4824,4825,L52004,303.4,311.8,1499,45.0,16,No Failure
4825,4826,L52005,303.3,311.8,1692,30.6,18,No Failure
4826,4827,L52006,303.4,311.8,2268,15.8,20,No Failure
4827,4828,L52007,303.4,311.8,1438,58.9,22,No Failure
4828,4829,L52008,303.5,311.9,1515,39.2,24,No Failure
4829,4830,L52009,303.4,311.9,1491,38.2,26,No Failure
4830,4831,L52010,303.5,312.0,1756,29.7,28,No Failure
4831,4832,L52011,303.5,312.0,1366,54.5,30,Heat Dissipation Failure
4832,4833,L52012,303.5,312.0,1436,45.1,32,No Failure
4833,4834,L52013,303.4,311.9,1377,41.6,34,Heat Dissipation Failure
4834,4835,M19694,303.4,311.9,1510,42.2,36,No Failure
4835,4836,M19695,303.4,311.9,1419,50.9,39,No Failure
4836,4837,L52016,303.3,311.8,1315,62.0,42,Heat Dissipation Failure
4837,4838,H34251,303.3,311.8,1806,27.7,44,No Failure
4838,4839,H34252,303.3,311.8,1649,29.4,49,No Failure
4839,4840,H34253,303.4,311.9,1402,50.0,54,No Failure
4840,4841,L52020,303.4,311.9,1298,63.9,59,Heat Dissipation Failure
4841,4842,M19701,303.3,311.8,1441,44.9,61,No Failure
4842,4843,M19702,303.3,311.8,1489,49.4,64,No Failure
4843,4844,L52023,303.3,311.8,1842,24.5,67,No Failure
4844,4845,M19704,303.4,311.8,1316,50.9,69,Heat Dissipation Failure
4845,4846,M19705,303.3,311.8,1583,33.3,72,No Failure
4846,4847,M19706,303.3,311.8,1548,33.5,75,No Failure
4847,4848,L52027,303.4,311.9,1434,44.6,78,No Failure
4848,4849,H34262,303.5,312.0,1397,52.9,80,No Failure
4849,4850,M19709,303.5,312.0,1475,42.9,85,No Failure
4850,4851,L52030,303.5,312.0,1441,56.8,88,No Failure
4851,4852,L52031,303.7,312.1,1363,51.8,90,Heat Dissipation Failure
4852,4853,L52032,303.7,312.2,1619,34.9,92,No Failure
4853,4854,L52033,303.7,312.2,1487,34.0,94,No Failure
4854,4855,L52034,303.7,312.2,1568,33.8,96,No Failure
4855,4856,L52035,303.7,312.3,1375,46.2,98,No Failure
4856,4857,M19716,303.6,312.3,1698,31.3,100,No Failure
4857,4858,L52037,303.7,312.3,1606,37.4,103,No Failure
4858,4859,L52038,303.7,312.3,1349,51.0,105,No Failure
4859,4860,L52039,303.7,312.4,1535,38.6,107,No Failure
4860,4861,M19720,303.6,312.4,1504,49.5,109,No Failure
4861,4862,L52041,303.5,312.3,1946,21.1,112,No Failure
4862,4863,L52042,303.5,312.1,1326,55.7,114,No Failure
4863,4864,M19723,303.6,312.3,1915,22.3,116,No Failure
4864,4865,L52044,303.6,312.3,1451,43.4,119,No Failure
4865,4866,M19725,303.5,312.3,1624,34.8,121,No Failure
4866,4867,L52046,303.6,312.4,1781,28.7,124,No Failure
4867,4868,L52047,303.6,312.5,1345,54.1,126,No Failure
4868,4869,L52048,303.6,312.4,1418,46.0,128,No Failure
4869,4870,L52049,303.7,312.4,1718,26.5,130,No Failure
4870,4871,M19730,303.7,312.4,1631,28.5,132,No Failure
4871,4872,L52051,303.7,312.4,1513,40.1,135,No Failure
4872,4873,L52052,303.7,312.4,1316,59.3,137,No Failure
4873,4874,M19733,303.7,312.4,1474,38.8,139,No Failure
4874,4875,L52054,303.8,312.5,1619,30.9,142,No Failure
4875,4876,L52055,303.7,312.4,1702,31.2,144,No Failure
4876,4877,M19736,303.7,312.4,1540,37.4,146,No Failure
4877,4878,M19737,303.7,312.4,1546,33.7,149,No Failure
4878,4879,L52058,303.7,312.4,1348,51.0,152,No Failure
4879,4880,H34293,303.7,312.5,1520,35.6,154,No Failure
4880,4881,M19740,303.8,312.6,1527,41.9,159,No Failure
4881,4882,M19741,303.8,312.6,1406,47.1,162,No Failure
4882,4883,L52062,303.7,312.5,1462,46.2,165,No Failure
4883,4884,M19743,303.8,312.6,1684,29.3,167,No Failure
4884,4885,H34298,303.8,312.5,1655,28.0,170,No Failure
4885,4886,H34299,303.8,312.5,1748,25.1,175,No Failure
4886,4887,L52066,303.8,312.5,1372,45.7,180,No Failure
4887,4888,L52067,303.7,312.5,1481,33.3,182,No Failure
4888,4889,L52068,303.7,312.4,1512,39.2,184,No Failure
4889,4890,L52069,303.7,312.5,1632,36.6,186,No Failure
4890,4891,L52070,303.7,312.4,1525,43.9,188,No Failure
4891,4892,M19751,303.7,312.3,1756,26.4,190,No Failure
4892,4893,L52072,303.7,312.3,1922,23.1,193,No Failure
4893,4894,M19753,303.8,312.5,1448,44.3,195,No Failure
4894,4895,H34308,303.8,312.5,1447,46.6,198,No Failure
4895,4896,M19755,303.8,312.4,1597,33.4,203,No Failure
4896,4897,M19756,303.7,312.4,1642,32.3,206,No Failure
4897,4898,H34311,303.8,312.5,1525,38.0,209,No Failure
4898,4899,H34312,303.6,312.4,1460,53.7,214,No Failure
4899,4900,L52079,303.6,312.3,2168,17.7,219,No Failure
4900,4901,L52080,303.6,312.4,1388,41.9,221,No Failure
4901,4902,M19761,303.6,312.3,1630,32.4,223,No Failure
4902,4903,L52082,303.6,312.3,1616,29.3,226,No Failure
4903,4904,L52083,303.6,312.4,2232,16.8,0,No Failure
4904,4905,H34318,303.6,312.4,1480,50.7,2,No Failure
4905,4906,L52085,303.6,312.4,1363,53.1,7,No Failure
4906,4907,H34320,303.6,312.4,1436,45.6,9,No Failure
4907,4908,M19767,303.6,312.5,1607,33.7,14,No Failure
4908,4909,M19768,303.6,312.5,1459,48.2,17,No Failure
4909,4910,L52089,303.5,312.4,1481,43.7,20,No Failure
4910,4911,M19770,303.5,312.4,1606,31.7,22,No Failure
4911,4912,L52091,303.5,312.3,1681,29.8,25,No Failure
4912,4913,L52092,303.5,312.2,1511,37.1,27,No Failure
4913,4914,M19773,303.5,312.3,1593,35.2,29,No Failure
4914,4915,M19774,303.5,312.3,1532,41.7,32,No Failure
4915,4916,H34329,303.5,312.3,1386,49.0,35,No Failure
4916,4917,H34330,303.4,312.3,1769,27.9,40,No Failure
4917,4918,M19777,303.4,312.2,1561,38.2,45,No Failure
4918,4919,L52098,303.3,312.2,1457,40.7,48,No Failure
4919,4920,L52099,303.3,312.2,1506,40.0,50,No Failure
4920,4921,L52100,303.4,312.2,1337,69.4,52,Power Failure
4921,4922,L52101,303.4,312.3,1287,54.8,54,No Failure
4922,4923,M19782,303.4,312.2,1615,35.7,56,No Failure
4923,4924,M19783,303.4,312.2,1972,23.5,59,No Failure
4924,4925,H34338,303.4,312.3,1522,42.1,62,No Failure
4925,4926,L52105,303.4,312.3,1680,30.6,67,No Failure
4926,4927,L52106,303.4,312.3,1502,36.0,69,No Failure
4927,4928,M19787,303.5,312.3,1543,33.3,71,No Failure
4928,4929,L52108,303.5,312.3,1584,35.2,74,No Failure
4929,4930,L52109,303.5,312.4,1340,44.5,76,No Failure
4930,4931,L52110,303.4,312.3,1663,33.9,78,No Failure
4931,4932,M19791,303.3,312.1,1693,30.0,80,No Failure
4932,4933,L52112,303.3,312.1,1418,44.7,83,No Failure
4933,4934,H34347,303.4,312.2,1554,36.8,85,No Failure
4934,4935,L52114,303.4,312.2,1580,35.8,90,No Failure
4935,4936,L52115,303.4,312.3,1479,42.8,92,No Failure
4936,4937,L52116,303.5,312.4,1284,70.6,94,Power Failure
4937,4938,L52117,303.4,312.3,1540,38.7,96,No Failure
4938,4939,M19798,303.5,312.4,1606,30.1,98,No Failure
4939,4940,L52119,303.6,312.5,1286,62.4,101,No Failure
4940,4941,L52120,303.6,312.6,1502,39.5,103,No Failure
4941,4942,M19801,303.6,312.7,1699,31.5,105,No Failure
4942,4943,L52122,303.5,312.6,1602,34.2,108,No Failure
4943,4944,H34357,303.6,312.6,1436,42.0,110,No Failure
4944,4945,M19804,303.6,312.7,1765,27.5,115,No Failure
4945,4946,L52125,303.6,312.7,1418,44.1,118,No Failure
4946,4947,M19806,303.7,312.7,1669,31.7,120,No Failure
4947,4948,L52127,303.7,312.7,1395,53.9,123,No Failure
4948,4949,M19808,303.8,312.7,1500,41.7,125,No Failure
4949,4950,M19809,303.8,312.7,1555,33.4,128,No Failure
4950,4951,M19810,303.8,312.7,1919,20.2,131,No Failure
4951,4952,L52131,303.8,312.7,1596,36.6,134,No Failure
4952,4953,M19812,303.8,312.7,1374,53.6,136,No Failure
4953,4954,L52133,303.7,312.5,1670,26.1,139,No Failure
4954,4955,L52134,303.7,312.6,1702,29.1,141,No Failure
4955,4956,M19815,303.8,312.5,1366,45.1,143,No Failure
4956,4957,M19816,303.8,312.5,2344,15.2,146,No Failure
4957,4958,M19817,303.8,312.6,1768,23.9,149,No Failure
4958,4959,L52138,303.8,312.5,1523,47.0,152,No Failure
4959,4960,L52139,303.8,312.6,1735,25.9,154,No Failure
4960,4961,L52140,303.9,312.7,1339,62.3,156,No Failure
4961,4962,L52141,303.9,312.7,1800,24.3,158,No Failure
4962,4963,M19822,304.0,312.7,1456,51.2,160,No Failure
4963,4964,L52143,303.9,312.7,1789,24.4,163,No Failure
4964,4965,L52144,303.9,312.7,1602,33.9,165,No Failure
4965,4966,M19825,303.8,312.7,1364,49.3,167,No Failure
4966,4967,L52146,303.8,312.6,1793,28.1,170,No Failure
4967,4968,L52147,303.9,312.6,1426,53.4,172,No Failure
4968,4969,M19828,303.9,312.7,1485,43.3,174,No Failure
4969,4970,L52149,303.9,312.7,1528,38.4,177,No Failure
4970,4971,L52150,303.8,312.6,1565,36.0,179,No Failure
4971,4972,L52151,303.8,312.7,1838,27.8,181,No Failure
4972,4973,H34386,303.8,312.6,1811,24.9,183,No Failure
4973,4974,L52153,303.8,312.7,1461,38.2,188,No Failure
4974,4975,L52154,303.8,312.7,1414,41.7,190,No Failure
4975,4976,L52155,303.7,312.7,1426,45.5,192,No Failure
4976,4977,L52156,303.7,312.7,1359,56.8,194,Overstrain Failure
4977,4978,L52157,303.7,312.7,1540,44.8,196,No Failure
4978,4979,L52158,303.6,312.7,1429,47.7,198,No Failure
4979,4980,M19839,303.7,312.7,1612,36.3,200,No Failure
4980,4981,M19840,303.7,312.8,1685,31.8,203,No Failure
4981,4982,M19841,303.7,312.8,1558,37.7,206,No Failure
4982,4983,L52162,303.7,313.0,1811,24.3,209,No Failure
4983,4984,L52163,303.8,313.1,1869,25.8,211,No Failure
4984,4985,L52164,303.8,313.1,1256,58.7,213,Overstrain Failure
4985,4986,M19845,303.8,313.0,1789,23.5,215,No Failure
4986,4987,L52166,303.7,312.9,1502,40.5,0,No Failure
4987,4988,M19847,303.7,313.0,1303,54.4,2,No Failure
4988,4989,L52168,303.8,313.1,2497,13.0,5,Power Failure
4989,4990,L52169,303.9,313.2,1499,37.4,7,No Failure
4990,4991,L52170,303.9,313.2,1393,46.5,9,No Failure
4991,4992,M19851,303.9,313.0,1475,41.0,11,No Failure
4992,4993,L52172,303.8,312.9,1573,34.6,14,No Failure
4993,4994,L52173,303.8,312.9,1819,23.7,16,No Failure
4994,4995,M19854,303.5,312.6,1642,29.4,18,No Failure
4995,4996,L52175,303.6,312.6,1540,39.8,21,No Failure
4996,4997,M19856,303.6,312.8,1400,43.2,23,No Failure
4997,4998,M19857,303.6,312.8,2659,11.4,26,Power Failure
4998,4999,M19858,303.6,312.8,1825,25.2,29,No Failure
4999,5000,M19859,303.7,312.9,1532,41.3,32,No Failure
5000,5001,L52180,303.7,312.8,1832,23.6,35,No Failure
5001,5002,M19861,303.6,312.7,2174,17.6,37,No Failure
5002,5003,L52182,303.7,312.8,1627,31.7,40,No Failure
5003,5004,L52183,303.7,312.8,1437,51.3,42,No Failure
5004,5005,L52184,303.7,312.8,1364,46.3,44,No Failure
5005,5006,M19865,303.7,312.9,1444,52.7,46,No Failure
5006,5007,M19866,303.7,312.8,1366,47.3,49,No Failure
5007,5008,L52187,303.8,312.9,1442,48.3,52,No Failure
5008,5009,H34422,303.7,312.8,1488,42.8,54,No Failure
5009,5010,L52189,303.7,312.8,1523,40.7,59,No Failure
5010,5011,L52190,303.7,312.8,1543,38.3,61,No Failure
5011,5012,M19871,303.7,312.8,1634,33.8,63,No Failure
5012,5013,M19872,303.8,312.9,1815,27.8,66,No Failure
5013,5014,M19873,303.8,312.9,1594,35.2,69,No Failure
5014,5015,L52194,303.8,313.0,1452,38.6,72,No Failure
5015,5016,L52195,303.9,313.0,1759,28.4,74,No Failure
5016,5017,L52196,303.9,313.0,1408,47.5,76,No Failure
5017,5018,L52197,303.9,313.0,1483,45.0,78,No Failure
5018,5019,M19878,303.9,313.0,1620,36.6,80,No Failure
5019,5020,M19879,304.0,313.1,1466,39.5,83,No Failure
5020,5021,L52200,304.1,313.1,1556,36.3,86,No Failure
5021,5022,L52201,304.0,313.0,1350,61.1,88,No Failure
5022,5023,L52202,304.0,313.1,1404,47.1,90,No Failure
5023,5024,M19883,304.0,313.0,1575,34.5,92,No Failure
5024,5025,L52204,303.9,313.1,1639,29.0,95,No Failure
5025,5026,M19885,303.9,313.1,1473,42.8,97,No Failure
5026,5027,L52206,303.9,313.2,1481,40.0,100,No Failure
5027,5028,L52207,304.0,313.3,1294,54.6,102,No Failure
5028,5029,M19888,303.9,313.2,1630,29.3,104,No Failure
5029,5030,M19889,303.9,313.2,1624,39.8,107,No Failure
5030,5031,M19890,303.9,313.1,1437,48.3,110,No Failure
5031,5032,M19891,303.8,313.0,1514,45.0,113,No Failure
5032,5033,M19892,304.0,313.1,1694,31.4,116,No Failure
5033,5034,L52213,304.0,313.1,1564,50.9,119,No Failure
5034,5035,M19894,303.9,313.1,1514,41.1,121,No Failure
5035,5036,M19895,304.0,313.2,1500,40.6,124,No Failure
5036,5037,L52216,304.0,313.2,1615,37.8,127,No Failure
5037,5038,M19897,304.1,313.2,1586,41.1,129,No Failure
5038,5039,L52218,304.1,313.3,1732,28.5,132,No Failure
5039,5040,H34453,304.1,313.3,1689,32.5,134,No Failure
5040,5041,H34454,304.1,313.2,1586,34.6,139,No Failure
5041,5042,L52221,304.0,313.2,1314,47.1,144,No Failure
5042,5043,L52222,304.1,313.2,1569,35.8,146,No Failure
5043,5044,L52223,304.1,313.2,1468,39.4,148,No Failure
5044,5045,L52224,304.1,313.2,1412,47.5,150,No Failure
5045,5046,M19905,304.1,313.2,1510,46.9,152,No Failure
5046,5047,M19906,304.1,313.2,1410,42.4,155,No Failure
5047,5048,M19907,304.1,313.3,1680,29.3,158,No Failure
5048,5049,H34462,304.0,313.2,1271,68.6,161,Power Failure
5049,5050,H34463,304.0,313.1,1472,45.5,166,No Failure
5050,5051,H34464,304.0,313.0,1701,30.4,171,No Failure
5051,5052,L52231,303.9,313.0,1480,39.9,176,No Failure
5052,5053,L52232,303.9,313.0,1433,48.4,178,No Failure
5053,5054,L52233,303.8,312.9,1514,34.3,180,No Failure
5054,5055,L52234,303.8,312.9,1619,35.7,182,No Failure
5055,5056,H34469,303.8,312.9,1378,45.6,184,No Failure
5056,5057,M19916,303.9,312.9,1430,53.5,189,No Failure
5057,5058,L52237,303.8,312.9,1367,49.9,192,No Failure
5058,5059,L52238,303.9,312.9,1526,42.5,194,No Failure
5059,5060,L52239,303.9,312.8,1419,47.9,196,No Failure
5060,5061,L52240,304.0,312.8,1542,42.7,198,No Failure
5061,5062,L52241,304.0,312.9,1363,62.5,200,Overstrain Failure
5062,5063,L52242,304.0,312.9,1313,53.9,202,No Failure
5063,5064,H34477,304.0,312.9,1495,46.6,0,No Failure
5064,5065,L52244,304.0,313.0,1407,42.1,5,No Failure
5065,5066,L52245,304.1,313.0,1566,37.2,7,No Failure
5066,5067,L52246,304.1,313.1,1550,30.9,9,No Failure
5067,5068,M19927,304.2,313.2,1396,50.5,11,No Failure
5068,5069,M19928,304.3,313.3,1540,39.0,14,No Failure
5069,5070,M19929,304.2,313.2,1380,48.7,17,No Failure
5070,5071,M19930,304.2,313.1,1608,31.1,20,No Failure
5071,5072,H34485,304.2,313.0,1442,40.9,23,No Failure
5072,5073,L52252,304.1,313.0,1408,45.3,28,No Failure
5073,5074,M19933,304.0,313.0,1454,46.8,30,No Failure
5074,5075,L52254,304.1,313.1,1666,34.6,33,No Failure
5075,5076,L52255,304.1,313.2,1366,46.6,35,No Failure
5076,5077,L52256,304.2,313.2,1464,44.9,37,No Failure
5077,5078,L52257,304.3,313.3,1775,24.9,39,No Failure
5078,5079,M19938,304.3,313.4,1482,43.8,41,No Failure
5079,5080,M19939,304.2,313.4,1411,54.8,44,No Failure
5080,5081,L52260,304.2,313.3,1410,51.6,47,No Failure
5081,5082,M19941,304.1,313.3,1494,39.0,49,No Failure
5082,5083,H34496,304.1,313.2,1590,43.4,52,No Failure
5083,5084,L52263,304.1,313.1,1327,54.1,57,No Failure
5084,5085,L52264,304.1,313.1,1969,20.8,59,No Failure
5085,5086,M19945,304.0,313.0,1377,56.0,61,No Failure
5086,5087,L52266,304.0,313.0,1541,45.9,64,No Failure
5087,5088,M19947,304.0,313.0,1685,28.2,66,No Failure
5088,5089,L52268,304.0,313.1,1465,41.0,69,No Failure
5089,5090,M19949,303.9,313.1,1483,47.2,71,No Failure
5090,5091,M19950,303.9,313.2,1570,40.7,74,No Failure
5091,5092,L52271,303.9,313.2,1345,48.2,77,No Failure
5092,5093,M19952,303.9,313.2,1608,40.6,79,No Failure
5093,5094,M19953,304.0,313.3,1415,52.8,82,No Failure
5094,5095,M19954,304.1,313.5,1470,45.8,85,No Failure
5095,5096,M19955,304.1,313.5,1428,39.9,88,No Failure
5096,5097,H34510,304.2,313.5,1627,32.2,91,No Failure
5097,5098,L52277,304.2,313.4,1457,49.4,96,No Failure
5098,5099,L52278,304.2,313.4,1475,40.2,98,No Failure
5099,5100,L52279,304.2,313.5,1438,50.1,100,No Failure
5100,5101,M19960,304.2,313.5,1437,47.2,102,No Failure
5101,5102,M19961,304.1,313.4,1518,42.4,105,No Failure
5102,5103,M19962,304.1,313.5,1587,33.6,108,No Failure
5103,5104,L52283,304.1,313.4,1399,43.7,111,No Failure
5104,5105,L52284,304.1,313.5,1469,44.6,113,No Failure
5105,5106,L52285,304.1,313.4,1374,56.6,115,No Failure
5106,5107,L52286,304.0,313.3,1519,36.7,117,No Failure
5107,5108,L52287,303.9,313.2,1540,44.4,119,No Failure
5108,5109,L52288,303.9,313.3,1394,51.6,121,No Failure
5109,5110,M19969,304.0,313.4,1389,45.8,123,No Failure
5110,5111,M19970,304.0,313.5,1732,26.2,126,No Failure
5111,5112,L52291,304.1,313.6,1556,37.4,129,No Failure
5112,5113,M19972,304.1,313.6,1441,43.7,131,No Failure
5113,5114,L52293,304.1,313.6,1382,46.7,134,No Failure
5114,5115,M19974,304.2,313.8,1481,44.9,136,No Failure
5115,5116,M19975,304.2,313.7,2113,18.4,139,No Failure
5116,5117,L52296,304.2,313.8,1401,53.9,142,No Failure
5117,5118,L52297,304.1,313.6,1611,31.4,144,No Failure
5118,5119,M19978,304.2,313.6,1512,33.4,146,No Failure
5119,5120,L52299,304.2,313.6,1411,46.0,149,No Failure
5120,5121,M19980,304.2,313.6,1424,43.7,151,No Failure
5121,5122,L52301,304.2,313.6,1469,40.0,154,No Failure
5122,5123,H34536,304.2,313.5,1684,29.8,156,No Failure
5123,5124,M19983,304.2,313.5,1532,41.3,161,No Failure
5124,5125,M19984,304.2,313.5,1557,37.3,164,No Failure
5125,5126,M19985,304.3,313.5,1416,48.1,167,No Failure
5126,5127,L52306,304.3,313.5,1802,25.4,170,No Failure
5127,5128,M19987,304.3,313.5,2245,15.1,172,No Failure
5128,5129,L52308,304.2,313.4,1434,42.5,175,No Failure
5129,5130,M19989,304.1,313.3,1725,28.3,177,No Failure
5130,5131,L52310,304.2,313.3,1668,35.7,180,No Failure
5131,5132,L52311,304.1,313.3,1452,43.9,182,No Failure
5132,5133,L52312,304.1,313.3,1415,50.0,184,No Failure
5133,5134,L52313,304.1,313.2,1824,25.8,186,No Failure
5134,5135,L52314,304.1,313.3,1438,45.5,188,No Failure
5135,5136,L52315,304.1,313.3,1883,24.5,190,No Failure
5136,5137,L52316,304.2,313.4,1735,28.9,192,No Failure
5137,5138,L52317,304.3,313.5,1464,36.7,194,No Failure
5138,5139,M19998,304.3,313.6,1489,40.3,196,No Failure
5139,5140,M19999,304.4,313.6,1510,38.9,199,No Failure
5140,5141,M20000,304.3,313.6,1585,32.1,202,No Failure
5141,5142,L52321,304.4,313.7,1509,35.0,205,Tool Wear Failure
5142,5143,L52322,304.4,313.6,1568,39.1,0,No Failure
5143,5144,M20003,304.3,313.5,1525,42.0,2,No Failure
5144,5145,L52324,304.4,313.7,1607,33.5,5,No Failure
5145,5146,L52325,304.5,313.7,1670,32.9,7,No Failure
5146,5147,L52326,304.4,313.6,1585,38.9,9,No Failure
5147,5148,L52327,304.4,313.6,1569,38.4,11,No Failure
5148,5149,L52328,304.4,313.6,1507,43.1,13,No Failure
5149,5150,L52329,304.3,313.5,1452,41.5,15,No Failure
5150,5151,L52330,304.3,313.5,1590,29.8,17,No Failure
5151,5152,L52331,304.3,313.6,1409,56.0,19,No Failure
5152,5153,L52332,304.3,313.5,2643,12.7,21,No Failure
5153,5154,L52333,304.2,313.4,1644,31.7,23,No Failure
5154,5155,L52334,304.2,313.4,1568,37.6,25,No Failure
5155,5156,H34569,304.2,313.3,1625,37.3,27,No Failure
5156,5157,L52336,304.2,313.4,1482,41.4,32,No Failure
5157,5158,H34571,304.1,313.3,1397,49.6,34,No Failure
5158,5159,L52338,304.1,313.3,1459,50.3,39,No Failure
5159,5160,L52339,304.2,313.4,1490,44.0,41,No Failure
5160,5161,L52340,304.1,313.2,1434,50.1,43,No Failure
5161,5162,M20021,304.1,313.2,2028,18.9,45,No Failure
5162,5163,L52342,304.2,313.3,1464,45.9,48,No Failure
5163,5164,M20023,304.2,313.4,1713,23.5,50,No Failure
5164,5165,M20024,304.3,313.4,1624,32.1,53,No Failure
5165,5166,L52345,304.2,313.4,1421,43.4,56,No Failure
5166,5167,H34580,304.2,313.5,1546,41.4,58,No Failure
5167,5168,L52347,304.2,313.4,1639,32.7,63,No Failure
5168,5169,H34582,304.1,313.4,1696,29.6,65,No Failure
5169,5170,L52349,304.1,313.3,1470,39.9,70,No Failure
5170,5171,M20030,304.1,313.3,1480,38.4,72,No Failure
5171,5172,M20031,304.2,313.4,1329,54.5,75,No Failure
5172,5173,L52352,304.2,313.4,1740,28.2,78,No Failure
5173,5174,M20033,304.2,313.5,1739,28.1,80,No Failure
5174,5175,M20034,304.2,313.5,1390,47.8,83,No Failure
5175,5176,L52355,304.2,313.4,1740,23.7,86,No Failure
5176,5177,M20036,304.0,313.3,1844,27.1,88,No Failure
5177,5178,H34591,304.0,313.1,1388,53.2,91,No Failure
5178,5179,H34592,304.0,313.2,1517,43.1,96,No Failure
5179,5180,M20039,304.0,313.1,1450,42.8,101,No Failure
5180,5181,L52360,304.0,313.2,1584,38.7,104,No Failure
5181,5182,L52361,304.0,313.1,1720,28.7,106,No Failure
5182,5183,L52362,303.9,313.1,1586,31.9,108,No Failure
5183,5184,M20043,303.9,313.0,1901,22.5,110,No Failure
5184,5185,L52364,304.0,313.0,1397,42.4,113,No Failure
5185,5186,L52365,304.0,313.0,2012,21.1,115,No Failure
5186,5187,L52366,304.0,313.0,2354,15.0,117,No Failure
5187,5188,L52367,304.0,313.1,1648,35.7,119,No Failure
5188,5189,L52368,304.0,313.2,1632,30.6,121,No Failure
5189,5190,M20049,304.1,313.2,1427,46.9,123,No Failure
5190,5191,L52370,304.1,313.2,1452,48.0,126,No Failure
5191,5192,L52371,304.0,313.2,1416,46.0,128,No Failure
5192,5193,L52372,303.9,313.1,1310,62.9,130,No Failure
5193,5194,H34607,304.0,313.1,1408,39.8,132,No Failure
5194,5195,M20054,303.9,313.1,1668,34.4,137,No Failure
5195,5196,L52375,303.9,313.0,1551,36.8,140,No Failure
5196,5197,H34610,303.9,313.0,1517,36.0,142,No Failure
5197,5198,H34611,303.8,312.9,1570,35.8,147,No Failure
5198,5199,L52378,303.8,312.8,1428,53.3,152,No Failure
5199,5200,L52379,303.8,312.8,1503,40.0,154,No Failure
5200,5201,L52380,303.8,312.8,1416,58.7,156,No Failure
5201,5202,M20061,303.7,312.7,1396,47.3,158,No Failure
5202,5203,L52382,303.7,312.7,1335,51.1,161,No Failure
5203,5204,M20063,303.7,312.6,1671,30.5,163,No Failure
5204,5205,L52384,303.7,312.7,1989,22.4,166,No Failure
5205,5206,L52385,303.7,312.7,1468,43.3,168,No Failure
5206,5207,H34620,303.7,312.6,1711,27.6,170,No Failure
5207,5208,M20067,303.8,312.7,1488,41.3,175,No Failure
5208,5209,L52388,303.8,312.7,1664,29.3,178,No Failure
5209,5210,M20069,303.8,312.7,1507,38.5,180,No Failure
5210,5211,L52390,303.7,312.6,1466,42.5,183,No Failure
5211,5212,L52391,303.7,312.5,1433,53.6,185,No Failure
5212,5213,L52392,303.7,312.5,1397,45.7,187,No Failure
5213,5214,M20073,303.7,312.6,1429,43.3,189,No Failure
5214,5215,L52394,303.7,312.7,1572,37.2,192,No Failure
5215,5216,M20075,303.7,312.7,1532,42.7,194,No Failure
5216,5217,M20076,303.7,312.7,1316,51.8,197,No Failure
5217,5218,M20077,303.8,312.8,1420,47.9,200,No Failure
5218,5219,L52398,303.8,312.9,1589,37.2,203,No Failure
5219,5220,L52399,303.8,313.0,1365,59.9,205,Overstrain Failure
5220,5221,L52400,303.8,313.0,1633,32.9,207,No Failure
5221,5222,L52401,303.9,313.0,1626,31.4,209,No Failure
5222,5223,L52402,303.9,313.1,1665,29.6,0,No Failure
5223,5224,M20083,303.9,313.2,1350,47.2,2,No Failure
5224,5225,L52404,303.9,313.2,1590,31.9,5,No Failure
5225,5226,M20085,304.0,313.2,1437,53.9,7,No Failure
5226,5227,L52406,303.9,313.0,1403,48.3,10,No Failure
5227,5228,L52407,303.9,313.1,1440,41.1,12,No Failure
5228,5229,M20088,303.9,313.1,1343,61.4,14,No Failure
5229,5230,H34643,303.9,313.1,1790,26.7,17,No Failure
5230,5231,M20090,303.8,313.1,2117,18.6,22,No Failure
5231,5232,L52411,303.8,313.1,1458,42.2,25,No Failure
5232,5233,L52412,303.6,312.9,1381,57.8,27,No Failure
5233,5234,L52413,303.6,312.9,1450,45.3,29,No Failure
5234,5235,L52414,303.7,312.9,1461,50.1,31,No Failure
5235,5236,M20095,303.7,312.9,1511,41.0,33,No Failure
5236,5237,L52416,303.8,313.1,1394,45.4,36,No Failure
5237,5238,L52417,303.8,313.0,1499,42.3,38,No Failure
5238,5239,L52418,303.7,313.0,1457,44.1,40,No Failure
5239,5240,L52419,303.7,313.0,1753,29.0,42,No Failure
5240,5241,L52420,303.7,313.0,1694,28.0,44,No Failure
5241,5242,L52421,303.7,313.1,1683,28.4,46,No Failure
5242,5243,L52422,303.7,313.1,1496,47.4,48,No Failure
5243,5244,L52423,303.7,313.1,1721,34.8,50,No Failure
5244,5245,L52424,303.6,313.0,1593,31.6,52,No Failure
5245,5246,L52425,303.6,313.0,1575,38.3,54,No Failure
5246,5247,L52426,303.5,313.0,1465,41.0,56,No Failure
5247,5248,L52427,303.6,313.1,1405,38.3,58,No Failure
5248,5249,M20108,303.5,313.0,1902,21.6,60,No Failure
5249,5250,M20109,303.4,312.9,1422,39.9,63,No Failure
5250,5251,L52430,303.5,312.9,1332,52.9,66,No Failure
5251,5252,M20111,303.4,312.9,1307,54.3,68,No Failure
5252,5253,L52432,303.5,313.0,1322,59.5,71,No Failure
5253,5254,L52433,303.5,313.0,1547,40.3,73,No Failure
5254,5255,L52434,303.5,313.1,1897,23.6,75,No Failure
5255,5256,M20115,303.5,313.0,1403,51.9,77,No Failure
5256,5257,L52436,303.5,313.0,1393,51.6,80,No Failure
5257,5258,L52437,303.5,313.0,1482,38.5,82,No Failure
5258,5259,M20118,303.5,312.9,1572,44.7,84,No Failure
5259,5260,L52439,303.5,312.9,1544,36.9,87,No Failure
5260,5261,M20120,303.5,313.0,1492,46.1,89,No Failure
5261,5262,L52441,303.4,312.8,1513,35.8,92,No Failure
5262,5263,L52442,303.4,312.8,1449,43.9,94,No Failure
5263,5264,L52443,303.5,312.8,1877,22.3,96,No Failure
5264,5265,L52444,303.4,312.8,1376,53.4,98,No Failure
5265,5266,M20125,303.5,312.9,1883,23.3,100,No Failure
5266,5267,M20126,303.4,312.8,1518,38.7,103,No Failure
5267,5268,M20127,303.5,312.9,1438,42.8,106,No Failure
5268,5269,L52448,303.4,312.9,1389,54.1,109,No Failure
5269,5270,L52449,303.5,312.9,1504,44.8,111,No Failure
5270,5271,L52450,303.5,312.9,1275,64.4,113,No Failure
5271,5272,L52451,303.6,313.0,1534,39.7,115,No Failure
5272,5273,M20132,303.6,313.0,1396,38.2,117,No Failure
5273,5274,L52453,303.6,313.1,1395,44.1,120,No Failure
5274,5275,L52454,303.6,313.0,1617,30.9,122,No Failure
5275,5276,L52455,303.7,313.1,1423,41.2,124,No Failure
5276,5277,L52456,303.5,313.0,1606,34.0,126,No Failure
5277,5278,L52457,303.5,312.9,1501,44.0,128,No Failure
5278,5279,M20138,303.5,312.9,1618,30.4,130,No Failure
5279,5280,L52459,303.6,313.0,1522,35.8,133,No Failure
5280,5281,L52460,303.6,312.9,1480,41.4,135,No Failure
5281,5282,M20141,303.7,313.0,1469,39.9,137,No Failure
5282,5283,H34696,303.8,313.2,1381,52.4,140,No Failure
5283,5284,L52463,303.8,313.2,1525,41.9,145,No Failure
5284,5285,M20144,303.8,313.2,1732,29.6,147,No Failure
5285,5286,L52465,303.8,313.1,1523,39.8,150,No Failure
5286,5287,L52466,303.8,313.1,1422,42.4,152,No Failure
5287,5288,H34701,303.8,313.2,1506,46.9,154,No Failure
5288,5289,L52468,303.8,313.2,1531,39.4,159,No Failure
5289,5290,M20149,303.9,313.3,1507,34.3,161,No Failure
5290,5291,L52470,303.9,313.3,1526,40.7,164,No Failure
5291,5292,L52471,303.8,313.3,1406,52.1,166,No Failure
5292,5293,M20152,303.9,313.3,1567,35.0,168,No Failure
5293,5294,M20153,303.9,313.4,1464,49.1,171,No Failure
5294,5295,L52474,303.9,313.4,1442,48.5,174,No Failure
5295,5296,L52475,303.8,313.2,1336,47.8,176,No Failure
5296,5297,H34710,303.8,313.2,1379,50.2,178,No Failure
5297,5298,L52477,303.7,313.1,1406,48.6,183,No Failure
5298,5299,M20158,303.7,313.1,2130,18.1,185,No Failure
5299,5300,L52479,303.7,313.1,1355,49.1,188,No Failure
5300,5301,M20160,303.8,313.2,1710,26.5,190,No Failure
5301,5302,L52481,303.8,313.1,1309,55.8,193,No Failure
5302,5303,L52482,303.9,313.1,1491,37.2,195,No Failure
5303,5304,L52483,303.9,313.2,1481,44.1,197,No Failure
5304,5305,L52484,303.9,313.1,1425,49.3,199,No Failure
5305,5306,H34719,303.9,313.2,1680,29.1,201,No Failure
5306,5307,H34720,304.0,313.2,1612,31.7,206,No Failure
5307,5308,L52487,304.0,313.3,1530,34.8,211,No Failure
5308,5309,L52488,304.0,313.2,1481,42.6,213,No Failure
5309,5310,M20169,303.9,313.2,1422,48.0,215,Tool Wear Failure
5310,5311,L52490,303.8,313.0,1427,43.0,0,No Failure
5311,5312,H34725,303.7,312.9,1460,49.8,2,No Failure
5312,5313,L52492,303.6,312.9,1873,23.5,7,No Failure
5313,5314,M20173,303.7,312.9,1566,32.6,9,No Failure
5314,5315,L52494,303.6,312.8,1701,30.8,12,No Failure
5315,5316,L52495,303.6,312.8,1710,27.2,14,No Failure
5316,5317,M20176,303.6,312.8,1689,33.1,16,No Failure
5317,5318,L52497,303.6,312.7,1637,32.9,19,No Failure
5318,5319,L52498,303.5,312.6,1496,39.0,21,No Failure
5319,5320,M20179,303.5,312.7,1402,47.0,23,No Failure
5320,5321,L52500,303.4,312.7,1363,45.5,26,No Failure
5321,5322,M20181,303.4,312.7,1576,49.9,28,No Failure
5322,5323,M20182,303.4,312.7,1357,55.3,31,No Failure
5323,5324,M20183,303.4,312.7,1399,48.4,34,No Failure
5324,5325,M20184,303.4,312.8,1526,30.8,37,No Failure
5325,5326,L52505,303.5,312.7,1694,27.3,40,No Failure
5326,5327,M20186,303.5,312.7,1420,49.1,42,No Failure
5327,5328,M20187,303.5,312.7,2116,16.7,45,No Failure
5328,5329,M20188,303.7,312.9,1406,41.9,48,No Failure
5329,5330,L52509,303.7,313.0,1456,45.5,51,No Failure
5330,5331,L52510,303.6,312.9,1588,31.9,53,No Failure
5331,5332,L52511,303.7,312.8,1448,44.5,55,No Failure
5332,5333,H34746,303.6,312.7,1403,46.2,57,No Failure
5333,5334,M20193,303.5,312.6,1405,51.6,62,No Failure
5334,5335,M20194,303.4,312.6,2706,9.8,65,Power Failure
5335,5336,M20195,303.3,312.4,1505,38.9,68,No Failure
5336,5337,L52516,303.2,312.4,1663,33.7,71,No Failure
5337,5338,M20197,303.3,312.6,1482,44.4,73,No Failure
5338,5339,M20198,303.3,312.5,1674,32.7,76,No Failure
5339,5340,M20199,303.4,312.7,1594,32.8,79,No Failure
5340,5341,L52520,303.5,312.7,1393,49.3,82,No Failure
5341,5342,H34755,303.5,312.8,1404,55.8,84,No Failure
5342,5343,M20202,303.5,312.8,1375,45.7,89,No Failure
5343,5344,L52523,303.5,312.8,1607,38.4,92,No Failure
5344,5345,L52524,303.4,312.8,1360,50.8,94,No Failure
5345,5346,L52525,303.5,312.8,1524,39.4,96,No Failure
5346,5347,L52526,303.4,312.7,1534,35.5,98,No Failure
5347,5348,L52527,303.3,312.7,1262,63.8,100,No Failure
5348,5349,L52528,303.3,312.6,1623,34.6,102,No Failure
5349,5350,M20209,303.3,312.7,1642,33.6,104,No Failure
5350,5351,M20210,303.4,312.8,1622,35.1,107,No Failure
5351,5352,M20211,303.5,312.9,1530,34.5,110,No Failure
5352,5353,M20212,303.4,312.8,1590,36.3,113,No Failure
5353,5354,L52533,303.4,312.7,1589,34.0,116,No Failure
5354,5355,L52534,303.4,312.6,1462,37.5,118,No Failure
5355,5356,H34769,303.3,312.5,1328,49.8,120,No Failure
5356,5357,H34770,303.3,312.6,1692,29.0,125,No Failure
5357,5358,L52537,303.3,312.5,1968,20.6,130,No Failure
5358,5359,H34772,303.3,312.6,1827,24.2,132,No Failure
5359,5360,M20219,303.3,312.6,1397,47.1,137,No Failure
5360,5361,L52540,303.3,312.6,1463,44.0,140,No Failure
5361,5362,L52541,303.3,312.7,1643,30.7,142,No Failure
5362,5363,L52542,303.2,312.6,1281,57.0,144,No Failure
5363,5364,L52543,303.2,312.5,1518,39.9,146,No Failure
5364,5365,L52544,303.2,312.6,1601,35.3,148,No Failure
5365,5366,L52545,303.1,312.6,1548,36.4,150,No Failure
5366,5367,H34780,303.1,312.6,1404,40.6,152,No Failure
5367,5368,M20227,303.1,312.5,1766,26.7,157,No Failure
5368,5369,M20228,303.1,312.5,1667,30.0,160,No Failure
5369,5370,H34783,303.0,312.5,1507,37.9,163,No Failure
5370,5371,H34784,303.0,312.4,1627,37.1,168,No Failure
5371,5372,L52551,302.9,312.3,1435,47.7,173,No Failure
5372,5373,H34786,302.9,312.3,1509,46.8,175,No Failure
5373,5374,M20233,302.9,312.3,1809,25.0,180,No Failure
5374,5375,L52554,302.9,312.3,1515,40.8,183,No Failure
5375,5376,L52555,302.9,312.3,1530,34.9,185,No Failure
5376,5377,H34790,302.8,312.3,1336,57.5,187,No Failure
5377,5378,L52557,302.9,312.4,2030,19.1,192,No Failure
5378,5379,L52558,302.9,312.4,1550,36.9,194,No Failure
5379,5380,L52559,302.9,312.4,1446,41.7,196,No Failure
5380,5381,L52560,302.8,312.3,1494,37.5,198,No Failure
5381,5382,L52561,302.8,312.4,1651,27.0,200,No Failure
5382,5383,L52562,302.9,312.4,1698,33.8,202,No Failure
5383,5384,L52563,302.8,312.3,1504,40.3,204,No Failure
5384,5385,M20244,302.9,312.4,1421,46.0,206,No Failure
5385,5386,H34799,302.9,312.3,1754,26.9,209,No Failure
5386,5387,L52566,302.9,312.2,1469,42.0,214,No Failure
5387,5388,L52567,302.8,312.2,1433,50.0,216,No Failure
5388,5389,M20248,302.8,312.3,1432,49.0,218,No Failure
5389,5390,L52569,302.8,312.3,1366,49.1,221,No Failure
5390,5391,H34804,302.8,312.3,1483,47.2,223,No Failure
5391,5392,L52571,302.7,312.2,1572,34.4,228,No Failure
5392,5393,L52572,302.8,312.2,1481,40.2,230,No Failure
5393,5394,L52573,302.8,312.3,1473,42.6,232,No Failure
5394,5395,M20254,302.8,312.3,1262,70.5,234,Power Failure
5395,5396,L52575,302.8,312.4,1529,36.8,237,No Failure
5396,5397,L52576,302.8,312.4,1523,39.7,239,No Failure
5397,5398,M20257,302.8,312.3,1416,42.7,241,No Failure
5398,5399,L52578,302.9,312.4,1923,23.9,244,No Failure
5399,5400,H34813,302.8,312.4,1411,53.8,246,Overstrain Failure
5400,5401,L52580,302.7,312.4,1477,46.3,251,Overstrain Failure
5401,5402,M20261,302.6,312.3,1454,54.8,253,Tool Wear Failure
5402,5403,L52582,302.7,312.3,1421,48.5,0,No Failure
5403,5404,L52583,302.7,312.3,1858,25.4,2,No Failure
5404,5405,H34818,302.8,312.5,1422,46.1,4,No Failure
5405,5406,L52585,302.7,312.4,1444,48.7,9,No Failure
5406,5407,L52586,302.7,312.4,1360,47.8,11,No Failure
5407,5408,L52587,302.7,312.4,1954,24.8,13,No Failure
5408,5409,L52588,302.6,312.4,1628,33.0,15,No Failure
5409,5410,L52589,302.7,312.4,1433,44.2,17,No Failure
5410,5411,M20270,302.7,312.5,1417,51.5,19,No Failure
5411,5412,L52591,302.8,312.6,1462,39.4,22,No Failure
5412,5413,L52592,302.9,312.6,1328,59.9,24,No Failure
5413,5414,H34827,302.7,312.5,1527,36.4,26,No Failure
5414,5415,L52594,302.6,312.3,1534,34.3,31,No Failure
5415,5416,M20275,302.6,312.4,1410,50.3,33,No Failure
5416,5417,L52596,302.6,312.3,1660,30.3,36,No Failure
5417,5418,L52597,302.6,312.4,1386,45.8,38,No Failure
5418,5419,L52598,302.6,312.4,1398,41.6,40,No Failure
5419,5420,L52599,302.6,312.3,1321,53.4,42,No Failure
5420,5421,L52600,302.6,312.3,1512,34.2,44,No Failure
5421,5422,M20281,302.6,312.3,1566,36.6,46,No Failure
5422,5423,M20282,302.7,312.4,1422,44.5,49,No Failure
5423,5424,L52603,302.6,312.3,1647,31.8,52,No Failure
5424,5425,L52604,302.6,312.2,1377,45.5,54,No Failure
5425,5426,L52605,302.5,312.2,1775,27.9,56,No Failure
5426,5427,L52606,302.6,312.3,1554,42.0,58,No Failure
5427,5428,L52607,302.7,312.4,1423,51.9,60,No Failure
5428,5429,L52608,302.7,312.4,1453,47.3,62,No Failure
5429,5430,L52609,302.8,312.4,1590,34.4,64,No Failure
5430,5431,L52610,302.8,312.5,1694,28.4,66,No Failure
5431,5432,L52611,302.8,312.5,1462,43.4,68,No Failure
5432,5433,L52612,302.8,312.4,1392,46.2,70,No Failure
5433,5434,L52613,302.9,312.5,1550,45.5,72,No Failure
5434,5435,L52614,302.9,312.5,1629,30.4,74,No Failure
5435,5436,M20295,303.0,312.5,1524,42.1,76,No Failure
5436,5437,M20296,302.9,312.5,1679,30.9,79,No Failure
5437,5438,M20297,302.9,312.6,1394,46.4,82,No Failure
5438,5439,L52618,302.9,312.5,1683,32.1,85,No Failure
5439,5440,L52619,303.0,312.5,1626,30.5,87,No Failure
5440,5441,H34854,303.0,312.5,1698,30.0,89,No Failure
5441,5442,M20301,303.0,312.6,1392,42.9,94,No Failure
5442,5443,L52622,303.1,312.7,1353,51.8,97,No Failure
5443,5444,M20303,303.0,312.7,1426,46.8,99,No Failure
5444,5445,L52624,303.0,312.7,2024,19.9,102,No Failure
5445,5446,M20305,303.0,312.8,1648,32.1,104,No Failure
5446,5447,L52626,303.1,312.9,1511,40.1,107,No Failure
5447,5448,L52627,303.1,312.8,1465,44.1,109,No Failure
5448,5449,L52628,303.0,312.7,1551,41.8,111,No Failure
5449,5450,L52629,303.1,312.8,2329,15.1,113,No Failure
5450,5451,H34864,303.1,312.8,1435,41.9,115,No Failure
5451,5452,L52631,303.0,312.7,1361,48.8,120,No Failure
5452,5453,M20312,303.0,312.7,1553,35.8,122,No Failure
5453,5454,L52633,303.0,312.6,1451,42.1,125,No Failure
5454,5455,L52634,303.0,312.5,1461,40.2,127,No Failure
5455,5456,M20315,303.1,312.6,1895,23.5,129,No Failure
5456,5457,M20316,303.1,312.6,1567,32.9,132,No Failure
5457,5458,M20317,303.0,312.5,1602,33.7,135,No Failure
5458,5459,L52638,303.1,312.6,1514,42.1,138,No Failure
5459,5460,L52639,303.1,312.5,1453,49.1,140,No Failure
5460,5461,M20320,303.0,312.4,1526,36.1,142,No Failure
5461,5462,M20321,302.9,312.3,1339,52.1,145,No Failure
5462,5463,L52642,302.9,312.3,1889,22.8,148,No Failure
5463,5464,L52643,302.9,312.4,1561,34.8,150,No Failure
5464,5465,M20324,302.9,312.4,1659,33.1,152,No Failure
5465,5466,L52645,302.9,312.4,1424,49.5,155,No Failure
5466,5467,M20326,302.9,312.3,1426,44.7,157,No Failure
5467,5468,L52647,302.9,312.4,1383,51.4,160,No Failure
5468,5469,L52648,302.8,312.3,1764,29.9,162,No Failure
5469,5470,M20329,302.7,312.2,1439,42.5,164,No Failure
5470,5471,M20330,302.7,312.2,1585,35.5,167,No Failure
5471,5472,L52651,302.7,312.3,1346,61.2,170,Random Failures
5472,5473,L52652,302.8,312.3,1386,57.8,172,No Failure
5473,5474,L52653,302.7,312.2,1369,51.8,174,No Failure
5474,5475,M20334,302.7,312.1,1378,46.9,176,No Failure
5475,5476,L52655,302.7,312.2,1336,46.8,179,No Failure
5476,5477,M20336,302.6,312.1,1445,42.0,181,No Failure
5477,5478,L52657,302.7,312.1,1763,26.5,184,No Failure
5478,5479,L52658,302.7,312.2,1611,34.1,186,No Failure
5479,5480,M20339,302.7,312.1,1564,32.1,188,No Failure
5480,5481,H34894,302.7,312.1,1478,36.0,191,No Failure
5481,5482,L52661,302.6,312.0,1781,28.5,196,No Failure
5482,5483,L52662,302.6,312.1,1782,26.8,198,No Failure
5483,5484,M20343,302.6,312.1,2000,21.9,200,No Failure
5484,5485,M20344,302.5,312.0,1826,25.3,203,No Failure
5485,5486,L52665,302.6,312.1,1344,51.0,206,No Failure
5486,5487,L52666,302.6,312.2,1520,43.0,208,No Failure
5487,5488,M20347,302.6,312.1,1611,39.9,210,No Failure
5488,5489,L52668,302.7,312.2,1450,52.1,213,Overstrain Failure
5489,5490,L52669,302.6,312.1,1499,35.0,215,Random Failures
5490,5491,L52670,302.6,312.1,1288,68.5,0,Power Failure
5491,5492,M20351,302.7,312.2,1350,58.6,2,No Failure
5492,5493,M20352,302.9,312.4,1334,50.9,5,No Failure
5493,5494,L52673,302.8,312.4,1376,57.1,8,No Failure
5494,5495,L52674,302.8,312.4,1368,49.5,10,No Failure
5495,5496,H34909,302.9,312.5,1357,55.0,12,Random Failures
5496,5497,M20356,302.9,312.5,1924,24.0,17,No Failure
5497,5498,M20357,302.9,312.5,1551,40.0,20,No Failure
5498,5499,M20358,302.9,312.5,1903,21.2,23,No Failure
5499,5500,H34913,302.9,312.3,1417,48.7,26,No Failure
5500,5501,L52680,302.7,312.1,1601,35.2,31,No Failure
5501,5502,L52681,302.7,312.1,1543,37.5,33,No Failure
5502,5503,L52682,302.6,312.1,1439,52.3,35,No Failure
5503,5504,H34917,302.6,312.0,1657,29.3,37,No Failure
5504,5505,L52684,302.8,312.2,1458,51.0,42,No Failure
5505,5506,L52685,302.8,312.2,1746,27.4,44,No Failure
5506,5507,L52686,302.9,312.2,1677,30.5,46,No Failure
5507,5508,L52687,302.8,312.1,1520,39.9,48,No Failure
5508,5509,L52688,302.9,312.2,1367,55.1,50,No Failure
5509,5510,L52689,302.8,312.2,1509,36.5,52,Random Failures
5510,5511,L52690,302.8,312.1,1418,51.4,54,No Failure
5511,5512,L52691,302.8,312.1,1958,20.3,56,No Failure
5512,5513,L52692,302.8,312.2,1682,30.9,58,No Failure
5513,5514,M20373,302.8,312.2,1452,50.3,60,No Failure
5514,5515,L52694,302.7,312.0,1828,24.0,63,No Failure
5515,5516,H34929,302.7,312.0,1484,41.5,65,No Failure
5516,5517,L52696,302.6,312.0,1674,32.2,70,No Failure
5517,5518,L52697,302.6,311.9,1448,49.5,72,No Failure
5518,5519,M20378,302.5,311.8,2023,19.1,74,No Failure
5519,5520,L52699,302.5,311.9,1452,47.4,77,No Failure
5520,5521,M20380,302.6,312.0,1496,45.0,79,No Failure
5521,5522,L52701,302.6,311.9,1397,46.9,82,No Failure
5522,5523,L52702,302.6,311.9,1453,39.1,84,No Failure
5523,5524,M20383,302.5,311.9,1524,34.8,86,No Failure
5524,5525,L52704,302.6,311.9,1633,30.9,89,No Failure
5525,5526,M20385,302.6,312.0,1363,45.7,91,No Failure
5526,5527,L52706,302.5,311.9,1520,44.9,94,No Failure
5527,5528,M20387,302.5,311.9,1532,38.8,96,No Failure
5528,5529,L52708,302.4,311.8,1384,50.9,99,No Failure
5529,5530,M20389,302.4,311.8,1539,39.9,101,No Failure
5530,5531,M20390,302.3,311.8,1355,50.1,104,No Failure
5531,5532,M20391,302.3,311.7,1504,37.3,107,No Failure
5532,5533,L52712,302.4,311.8,1476,46.6,110,No Failure
5533,5534,L52713,302.4,311.7,1721,26.9,112,No Failure
5534,5535,M20394,302.3,311.7,1494,37.1,114,No Failure
5535,5536,L52715,302.3,311.7,1465,43.5,117,No Failure
5536,5537,M20396,302.3,311.8,1363,54.0,119,No Failure
5537,5538,L52717,302.4,311.8,1648,30.0,122,No Failure
5538,5539,M20398,302.3,311.8,1879,23.0,124,No Failure
5539,5540,H34953,302.3,311.7,1482,39.0,127,No Failure
5540,5541,L52720,302.4,311.8,1493,38.4,132,No Failure
5541,5542,L52721,302.4,311.8,1433,42.2,134,No Failure
5542,5543,L52722,302.3,311.7,1400,41.6,136,No Failure
5543,5544,L52723,302.4,311.8,1255,59.0,138,No Failure
5544,5545,L52724,302.2,311.7,1471,45.6,140,No Failure
5545,5546,H34959,302.2,311.6,1357,44.2,142,No Failure
5546,5547,L52726,302.3,311.7,1453,41.2,147,No Failure
5547,5548,M20407,302.3,311.7,1540,28.9,149,No Failure
5548,5549,L52728,302.3,311.8,1605,35.2,152,No Failure
5549,5550,H34963,302.3,311.9,1374,52.4,154,No Failure
5550,5551,M20410,302.3,311.9,1508,42.3,159,No Failure
5551,5552,H34965,302.4,311.9,1366,47.3,162,No Failure
5552,5553,H34966,302.5,312.0,1579,35.7,167,No Failure
5553,5554,L52733,302.5,311.9,1306,59.7,172,Random Failures
5554,5555,M20414,302.5,312.0,1521,40.2,174,No Failure
5555,5556,L52735,302.5,312.0,1411,44.2,177,No Failure
5556,5557,H34970,302.5,312.0,1357,42.0,179,No Failure
5557,5558,M20417,302.5,312.0,1436,43.5,184,No Failure
5558,5559,L52738,302.5,311.9,1553,40.1,187,No Failure
5559,5560,M20419,302.5,312.0,1451,43.2,189,No Failure
5560,5561,L52740,302.4,311.9,1541,37.9,192,No Failure
5561,5562,M20421,302.3,311.7,1341,46.3,194,No Failure
5562,5563,L52742,302.3,311.7,1648,32.1,197,No Failure
5563,5564,M20423,302.3,311.7,1640,31.5,199,No Failure
5564,5565,L52744,302.4,311.8,1416,46.1,202,No Failure
5565,5566,L52745,302.4,311.9,1671,29.9,204,No Failure
5566,5567,L52746,302.4,312.0,1457,45.5,206,No Failure
5567,5568,M20427,302.5,312.0,1445,54.8,0,No Failure
5568,5569,L52748,302.5,312.1,1534,38.6,3,No Failure
5569,5570,L52749,302.4,312.0,1508,36.9,5,No Failure
5570,5571,M20430,302.4,312.1,1492,47.7,7,No Failure
5571,5572,L52751,302.4,312.0,1562,37.9,10,No Failure
5572,5573,L52752,302.4,312.0,1545,36.4,12,No Failure
5573,5574,L52753,302.5,312.2,1738,25.3,14,No Failure
5574,5575,L52754,302.4,312.0,1305,49.1,16,No Failure
5575,5576,H34989,302.4,312.0,1477,39.7,18,No Failure
5576,5577,H34990,302.4,312.0,1457,43.4,23,No Failure
5577,5578,L52757,302.4,312.1,1455,40.4,28,No Failure
5578,5579,L52758,302.5,312.2,1574,38.7,30,No Failure
5579,5580,L52759,302.6,312.2,1695,27.1,32,No Failure
5580,5581,M20440,302.6,312.2,1458,38.8,34,No Failure
5581,5582,M20441,302.5,312.1,1454,47.6,37,No Failure
5582,5583,L52762,302.5,312.0,2052,18.9,40,No Failure
5583,5584,L52763,302.5,312.0,1673,29.9,42,No Failure
5584,5585,L52764,302.4,311.9,1578,29.9,44,No Failure
5585,5586,M20445,302.5,312.0,1642,29.1,46,No Failure
5586,5587,M20446,302.4,311.8,1557,31.5,49,No Failure
5587,5588,L52767,302.5,311.9,1481,42.9,52,No Failure
5588,5589,M20448,302.5,311.8,1566,37.6,54,No Failure
5589,5590,M20449,302.5,311.9,1298,57.5,57,No Failure
5590,5591,M20450,302.5,311.9,1340,59.4,60,No Failure
5591,5592,L52771,302.5,312.0,1574,33.8,63,No Failure
5592,5593,L52772,302.5,311.9,1437,46.7,65,No Failure
5593,5594,L52773,302.6,311.9,1354,48.0,67,No Failure
5594,5595,L52774,302.6,311.9,1598,35.5,69,No Failure
5595,5596,M20455,302.7,312.0,1944,21.4,71,No Failure
5596,5597,M20456,302.7,312.0,1538,36.7,74,No Failure
5597,5598,L52777,302.7,312.0,1501,37.0,77,No Failure
5598,5599,L52778,302.8,312.1,1441,52.1,79,No Failure
5599,5600,M20459,302.7,312.0,1652,31.0,81,No Failure
5600,5601,L52780,302.8,312.1,1487,36.6,84,No Failure
5601,5602,L52781,302.9,312.2,1605,33.9,86,No Failure
5602,5603,L52782,302.9,312.1,1334,54.7,88,No Failure
5603,5604,L52783,302.9,312.2,1340,57.8,90,No Failure
5604,5605,L52784,302.9,312.2,1513,37.8,92,No Failure
5605,5606,L52785,302.9,312.2,1510,41.4,94,No Failure
5606,5607,L52786,302.9,312.2,1729,23.6,96,No Failure
5607,5608,M20467,302.9,312.2,1745,25.5,98,No Failure
5608,5609,M20468,303.1,312.3,1623,31.6,101,No Failure
5609,5610,M20469,303.1,312.4,1378,50.1,104,No Failure
5610,5611,L52790,303.1,312.4,1407,41.2,107,No Failure
5611,5612,M20471,303.0,312.3,1674,29.5,109,No Failure
5612,5613,L52792,303.0,312.3,1486,42.4,112,No Failure
5613,5614,M20473,303.0,312.3,1483,38.8,114,No Failure
5614,5615,H35028,303.0,312.2,1624,28.8,117,No Failure
5615,5616,M20475,303.0,312.2,1257,71.3,122,Power Failure
5616,5617,L52796,303.0,312.3,1480,41.4,125,No Failure
5617,5618,L52797,303.1,312.4,1404,61.5,127,Power Failure
5618,5619,M20478,303.0,312.4,1645,29.6,129,No Failure
5619,5620,L52799,303.0,312.3,1932,21.9,132,No Failure
5620,5621,L52800,303.0,312.3,1533,38.5,134,No Failure
5621,5622,M20481,302.9,312.2,1292,54.4,136,No Failure
5622,5623,L52802,302.9,312.2,1571,40.6,139,No Failure
5623,5624,L52803,302.9,312.3,1578,36.3,141,No Failure
5624,5625,M20484,302.8,312.2,1469,36.9,143,No Failure
5625,5626,L52805,302.7,312.1,1728,24.4,146,No Failure
5626,5627,H35040,302.7,312.1,1603,32.5,148,No Failure
5627,5628,L52807,302.7,312.1,1597,39.8,153,No Failure
5628,5629,L52808,302.7,312.1,1688,32.0,155,No Failure
5629,5630,L52809,302.7,312.2,1405,51.4,157,No Failure
5630,5631,M20490,302.8,312.2,1615,32.9,159,No Failure
5631,5632,L52811,302.8,312.2,1515,36.8,162,No Failure
5632,5633,L52812,302.7,312.2,1376,52.8,164,No Failure
5633,5634,L52813,302.7,312.2,1447,47.5,166,No Failure
5634,5635,M20494,302.6,312.2,1353,56.5,168,No Failure
5635,5636,L52815,302.6,312.1,1502,47.3,171,No Failure
5636,5637,L52816,302.6,312.0,1447,45.5,173,No Failure
5637,5638,M20497,302.5,312.0,1487,46.1,175,No Failure
5638,5639,L52818,302.6,312.1,1519,38.1,178,No Failure
5639,5640,L52819,302.6,312.1,1668,28.7,180,Random Failures
5640,5641,L52820,302.6,312.1,1420,51.6,182,No Failure
5641,5642,L52821,302.6,312.1,1473,37.3,184,No Failure
5642,5643,L52822,302.5,312.0,1495,38.8,186,No Failure
5643,5644,L52823,302.5,312.0,1574,42.0,188,No Failure
5644,5645,L52824,302.5,312.0,1383,51.3,190,No Failure
5645,5646,M20505,302.5,312.0,1591,29.4,192,No Failure
5646,5647,M20506,302.4,311.8,1644,37.2,195,No Failure
5647,5648,H35061,302.5,311.8,2370,14.7,198,No Failure
5648,5649,L52828,302.5,311.9,1401,44.9,203,No Failure
5649,5650,M20509,302.5,311.9,1414,51.6,205,No Failure
5650,5651,L52830,302.5,312.0,1456,46.3,208,No Failure
5651,5652,M20511,302.5,312.0,1447,45.7,210,No Failure
5652,5653,L52832,302.4,311.8,1727,26.5,213,No Failure
5653,5654,L52833,302.4,311.7,1495,36.8,215,No Failure
5654,5655,L52834,302.3,311.6,1544,34.3,0,No Failure
5655,5656,L52835,302.3,311.5,1387,47.3,2,No Failure
5656,5657,M20516,302.3,311.5,1316,47.2,4,No Failure
5657,5658,L52837,302.3,311.5,1794,26.1,7,No Failure
5658,5659,M20518,302.2,311.4,1372,55.1,9,No Failure
5659,5660,M20519,302.3,311.5,1674,30.0,12,No Failure
5660,5661,L52840,302.2,311.4,1477,41.7,15,No Failure
5661,5662,L52841,302.2,311.4,1397,53.0,17,No Failure
5662,5663,L52842,302.2,311.5,1616,34.0,19,No Failure
5663,5664,M20523,302.3,311.5,1530,42.3,21,No Failure
5664,5665,M20524,302.2,311.4,1539,35.1,24,No Failure
5665,5666,L52845,302.3,311.4,1845,21.9,27,No Failure
5666,5667,L52846,302.2,311.4,1430,43.1,29,No Failure
5667,5668,L52847,302.2,311.4,2080,19.2,31,No Failure
5668,5669,M20528,302.2,311.4,1432,45.3,33,No Failure
5669,5670,M20529,302.2,311.5,1479,39.5,36,No Failure
5670,5671,L52850,302.2,311.5,1424,45.2,39,No Failure
5671,5672,H35085,302.2,311.6,1534,37.2,41,No Failure
5672,5673,H35086,302.1,311.6,1701,26.2,46,No Failure
5673,5674,L52853,302.2,311.6,1462,50.0,51,No Failure
5674,5675,M20534,302.2,311.7,1393,42.5,53,No Failure
5675,5676,M20535,302.3,311.7,1453,42.5,56,No Failure
5676,5677,L52856,302.3,311.8,1565,37.8,59,No Failure
5677,5678,L52857,302.3,311.8,1281,51.7,61,No Failure
5678,5679,M20538,302.2,311.7,1584,36.2,63,No Failure
5679,5680,M20539,302.2,311.7,1466,49.0,66,No Failure
5680,5681,M20540,302.2,311.6,1386,50.5,69,No Failure
5681,5682,L52861,302.2,311.6,1383,44.3,72,No Failure
5682,5683,H35096,302.3,311.6,1441,53.9,74,No Failure
5683,5684,M20543,302.2,311.6,1592,37.7,79,No Failure
5684,5685,H35098,302.2,311.6,1594,36.8,82,No Failure
5685,5686,L52865,302.2,311.5,1482,45.6,87,No Failure
5686,5687,L52866,302.2,311.6,1658,31.4,89,No Failure
5687,5688,L52867,302.3,311.7,2170,18.2,91,No Failure
5688,5689,M20548,302.3,311.7,1423,44.6,93,No Failure
5689,5690,L52869,302.4,311.8,1543,31.1,96,No Failure
5690,5691,L52870,302.3,311.8,1435,44.8,98,No Failure
5691,5692,L52871,302.4,311.8,1320,56.4,100,No Failure
5692,5693,M20552,302.4,311.9,1313,55.7,102,No Failure
5693,5694,M20553,302.4,311.8,1453,42.1,105,No Failure
5694,5695,L52874,302.4,311.8,1508,45.7,108,No Failure
5695,5696,L52875,302.4,311.8,1451,42.0,110,No Failure
5696,5697,H35110,302.5,311.9,1595,34.6,112,No Failure
5697,5698,L52877,302.5,311.9,1354,49.4,117,No Failure
5698,5699,L52878,302.5,311.9,1265,59.8,119,No Failure
5699,5700,L52879,302.4,311.9,1867,25.9,121,No Failure
5700,5701,L52880,302.5,311.9,1497,41.6,123,No Failure
5701,5702,M20561,302.5,311.9,1347,54.3,125,No Failure
5702,5703,L52882,302.3,311.7,1544,43.2,128,No Failure
5703,5704,H35117,302.3,311.7,1456,45.4,130,No Failure
5704,5705,L52884,302.5,311.8,1335,52.7,135,No Failure
5705,5706,L52885,302.4,311.9,1452,43.1,137,No Failure
5706,5707,L52886,302.4,311.9,1290,70.0,139,Power Failure
5707,5708,L52887,302.4,311.8,1448,43.4,141,No Failure
5708,5709,L52888,302.3,311.7,1611,38.6,143,No Failure
5709,5710,L52889,302.2,311.7,1556,38.6,145,No Failure
5710,5711,H35124,302.2,311.7,1413,46.5,147,No Failure
5711,5712,L52891,302.2,311.6,1545,35.9,152,No Failure
5712,5713,L52892,302.2,311.7,1330,54.6,154,No Failure
5713,5714,L52893,302.2,311.9,1596,38.0,156,No Failure
5714,5715,L52894,302.2,311.8,1618,36.0,158,No Failure
5715,5716,H35129,302.2,311.9,1597,35.8,160,No Failure
5716,5717,L52896,302.3,312.0,1354,52.2,165,No Failure
5717,5718,L52897,302.3,312.0,1746,28.1,167,No Failure
5718,5719,L52898,302.4,312.0,1621,32.5,169,No Failure
5719,5720,L52899,302.3,312.0,1398,43.3,171,No Failure
5720,5721,L52900,302.3,311.9,1434,51.9,173,No Failure
5721,5722,M20581,302.3,311.8,1443,43.4,175,No Failure
5722,5723,L52902,302.2,311.7,1488,44.6,178,No Failure
5723,5724,M20583,302.3,311.8,1475,48.0,180,No Failure
5724,5725,L52904,302.3,311.8,1433,50.3,183,No Failure
5725,5726,M20585,302.3,311.8,1557,34.1,185,No Failure
5726,5727,M20586,302.4,311.9,1398,50.1,188,No Failure
5727,5728,M20587,302.3,311.8,1559,34.4,191,No Failure
5728,5729,M20588,302.4,311.9,1422,46.4,194,No Failure
5729,5730,M20589,302.3,311.8,1463,35.7,197,No Failure
5730,5731,L52910,302.3,311.7,1793,25.3,200,No Failure
5731,5732,L52911,302.2,311.6,1872,20.4,202,No Failure
5732,5733,L52912,302.2,311.7,1412,44.5,204,No Failure
5733,5734,L52913,302.3,311.8,1487,43.2,206,No Failure
5734,5735,L52914,302.3,311.8,1369,56.2,208,Overstrain Failure
5735,5736,L52915,302.4,311.8,1673,30.1,210,No Failure
5736,5737,M20596,302.4,311.9,1439,36.6,212,No Failure
5737,5738,L52917,302.3,311.8,1574,42.8,215,No Failure
5738,5739,L52918,302.3,311.7,1281,48.8,0,No Failure
5739,5740,M20599,302.2,311.7,1653,31.4,2,No Failure
5740,5741,M20600,302.3,311.7,1535,38.3,5,No Failure
5741,5742,M20601,302.3,311.7,1483,40.5,8,No Failure
5742,5743,L52922,302.3,311.7,1414,47.0,11,No Failure
5743,5744,M20603,302.2,311.6,1379,42.9,13,No Failure
5744,5745,H35158,302.2,311.5,1482,42.6,16,No Failure
5745,5746,L52925,302.1,311.5,1987,20.1,21,No Failure
5746,5747,M20606,302.1,311.5,1635,31.6,23,No Failure
5747,5748,L52927,302.1,311.5,1533,39.4,26,No Failure
5748,5749,M20608,302.2,311.7,1576,34.0,28,No Failure
5749,5750,H35163,302.2,311.8,1330,62.4,31,No Failure
5750,5751,L52930,302.2,311.8,1981,21.8,36,No Failure
5751,5752,H35165,302.3,311.8,1475,42.8,38,No Failure
5752,5753,H35166,302.3,311.8,1804,25.0,43,No Failure
5753,5754,L52933,302.2,311.6,1416,54.1,48,No Failure
5754,5755,L52934,302.1,311.5,1727,27.7,50,No Failure
5755,5756,L52935,302.1,311.4,1391,49.2,52,No Failure
5756,5757,M20616,302.0,311.5,1366,52.3,54,No Failure
5757,5758,L52937,301.9,311.3,1366,55.6,57,No Failure
5758,5759,L52938,301.9,311.3,1501,40.8,59,No Failure
5759,5760,L52939,301.8,311.3,1551,35.8,61,No Failure
5760,5761,M20620,301.9,311.3,1522,35.6,63,No Failure
5761,5762,L52941,301.9,311.2,1369,49.8,66,No Failure
5762,5763,L52942,301.8,311.2,1334,52.3,68,No Failure
5763,5764,H35177,301.8,311.2,1451,39.4,70,No Failure
5764,5765,L52944,301.7,311.2,1589,37.9,75,No Failure
5765,5766,L52945,301.7,311.3,1708,30.5,77,No Failure
5766,5767,M20626,301.7,311.2,1413,42.6,79,No Failure
5767,5768,M20627,301.6,311.2,1415,46.5,82,No Failure
5768,5769,L52948,301.7,311.3,1421,45.9,85,No Failure
5769,5770,L52949,301.7,311.3,1348,51.0,87,No Failure
5770,5771,L52950,301.6,311.2,1408,42.9,89,No Failure
5771,5772,L52951,301.6,311.2,1525,43.7,91,No Failure
5772,5773,L52952,301.6,311.3,1706,29.9,93,No Failure
5773,5774,H35187,301.6,311.2,1395,46.8,95,No Failure
5774,5775,L52954,301.5,311.1,1602,34.3,100,No Failure
5775,5776,L52955,301.6,311.1,1907,21.5,102,No Failure
5776,5777,L52956,301.6,311.1,1325,49.2,104,No Failure
5777,5778,L52957,301.6,311.1,1408,44.4,106,No Failure
5778,5779,M20638,301.7,311.1,1489,41.4,108,No Failure
5779,5780,L52959,301.6,311.1,1680,29.2,111,No Failure
5780,5781,L52960,301.7,311.2,1517,42.4,113,No Failure
5781,5782,M20641,301.7,311.1,1618,36.7,115,No Failure
5782,5783,L52962,301.7,311.1,1455,39.8,118,No Failure
5783,5784,H35197,301.8,311.1,1543,36.4,120,No Failure
5784,5785,M20644,301.8,311.1,1399,41.8,125,No Failure
5785,5786,L52965,301.7,311.1,1469,37.2,128,No Failure
5786,5787,L52966,301.7,311.2,1521,36.7,130,No Failure
5787,5788,L52967,301.7,311.3,1584,38.8,132,No Failure
5788,5789,L52968,301.8,311.5,1443,43.3,134,No Failure
5789,5790,M20649,301.8,311.5,1416,49.0,136,No Failure
5790,5791,M20650,301.7,311.2,1563,34.5,139,No Failure
5791,5792,M20651,301.8,311.3,1542,40.1,142,No Failure
5792,5793,M20652,301.8,311.3,1624,31.6,145,No Failure
5793,5794,L52973,301.8,311.3,1471,44.2,148,No Failure
5794,5795,M20654,301.9,311.5,1492,40.8,150,No Failure
5795,5796,M20655,301.9,311.4,1465,39.9,153,No Failure
5796,5797,L52976,301.7,311.1,1399,55.1,156,No Failure
5797,5798,L52977,301.6,311.0,1431,42.6,158,No Failure
5798,5799,L52978,301.5,310.9,1600,39.0,160,No Failure
5799,5800,L52979,301.5,310.8,1593,34.5,162,No Failure
5800,5801,L52980,301.5,310.9,1469,44.7,164,No Failure
5801,5802,L52981,301.5,310.8,1413,44.6,166,No Failure
5802,5803,L52982,301.4,310.8,1490,38.0,168,No Failure
5803,5804,L52983,301.5,310.9,1671,31.1,170,No Failure
5804,5805,L52984,301.5,310.9,1365,46.5,172,No Failure
5805,5806,M20665,301.4,310.9,1557,39.3,174,No Failure
5806,5807,L52986,301.4,310.9,1440,45.4,177,No Failure
5807,5808,M20667,301.4,310.9,1489,38.9,179,No Failure
5808,5809,L52988,301.4,311.0,1733,25.7,182,No Failure
5809,5810,H35223,301.3,311.0,1580,36.6,184,No Failure
5810,5811,L52990,301.3,311.0,1856,21.9,189,No Failure
5811,5812,L52991,301.3,311.1,1454,40.3,191,No Failure
5812,5813,L52992,301.4,311.1,1495,36.3,193,No Failure
5813,5814,L52993,301.2,311.0,1761,29.1,195,No Failure
5814,5815,M20674,301.3,311.0,1402,47.5,197,No Failure
5815,5816,L52995,301.2,311.0,1670,33.0,200,No Failure
5816,5817,L52996,301.3,311.0,1582,35.6,202,No Failure
5817,5818,L52997,301.3,311.0,1542,35.1,204,No Failure
5818,5819,L52998,301.3,311.0,1539,36.9,206,No Failure
5819,5820,L52999,301.3,311.0,1418,41.9,208,No Failure
5820,5821,L53000,301.3,311.1,1723,27.6,210,No Failure
5821,5822,L53001,301.3,311.1,1303,49.2,212,No Failure
5822,5823,M20682,301.3,311.0,1463,50.2,214,No Failure
5823,5824,L53003,301.2,311.0,1544,39.3,217,No Failure
5824,5825,L53004,301.2,311.0,1596,37.2,219,No Failure
5825,5826,L53005,301.3,311.1,1413,42.0,221,No Failure
5826,5827,M20686,301.3,311.1,1492,41.2,223,No Failure
5827,5828,L53007,301.3,311.1,1624,40.9,0,No Failure
5828,5829,L53008,301.3,311.1,1504,39.1,2,No Failure
5829,5830,M20689,301.2,311.1,1574,34.3,4,No Failure
5830,5831,M20690,301.3,311.2,1438,42.4,7,No Failure
5831,5832,L53011,301.3,311.3,1474,50.7,10,No Failure
5832,5833,L53012,301.3,311.2,1675,32.1,12,No Failure
5833,5834,L53013,301.3,311.2,1457,44.5,14,No Failure
5834,5835,L53014,301.3,311.3,1434,49.8,16,No Failure
5835,5836,L53015,301.3,311.2,1668,30.1,18,No Failure
5836,5837,L53016,301.2,311.1,1550,39.7,20,No Failure
5837,5838,M20697,301.3,311.1,1834,25.4,22,No Failure
5838,5839,M20698,301.4,311.2,1476,36.5,25,No Failure
5839,5840,M20699,301.4,311.2,1541,36.3,28,No Failure
5840,5841,M20700,301.3,311.1,1581,30.9,31,No Failure
5841,5842,M20701,301.3,311.1,1678,30.7,34,No Failure
5842,5843,L53022,301.4,311.2,1355,50.6,37,No Failure
5843,5844,L53023,301.5,311.2,1700,28.8,39,No Failure
5844,5845,L53024,301.4,311.1,1462,37.1,41,No Failure
5845,5846,M20705,301.4,311.2,1727,26.5,43,No Failure
5846,5847,L53026,301.4,311.3,1674,33.3,46,No Failure
5847,5848,L53027,301.4,311.3,1397,42.3,48,No Failure
5848,5849,L53028,301.4,311.3,2323,15.9,50,No Failure
5849,5850,M20709,301.4,311.2,1434,47.6,52,No Failure
5850,5851,L53030,301.3,311.1,1560,35.3,55,No Failure
5851,5852,L53031,301.2,311.0,1573,32.8,57,No Failure
5852,5853,H35266,301.2,310.9,1798,22.3,59,No Failure
5853,5854,L53033,301.2,311.0,1567,35.1,64,No Failure
5854,5855,L53034,301.2,310.9,1416,53.3,66,No Failure
5855,5856,M20715,301.2,310.9,1424,45.2,68,No Failure
5856,5857,H35270,301.2,310.9,1598,35.9,71,No Failure
5857,5858,L53037,301.3,310.9,1760,23.9,76,No Failure
5858,5859,L53038,301.3,311.0,1348,44.5,78,No Failure
5859,5860,L53039,301.3,311.0,1542,33.6,80,No Failure
5860,5861,L53040,301.3,310.9,1566,33.1,82,No Failure
5861,5862,L53041,301.3,311.0,1554,47.7,84,No Failure
5862,5863,L53042,301.4,311.0,1470,40.6,86,No Failure
5863,5864,M20723,301.4,311.1,1758,25.4,88,No Failure
5864,5865,M20724,301.4,311.0,1486,36.5,91,No Failure
5865,5866,M20725,301.5,311.1,1402,40.0,94,No Failure
5866,5867,L53046,301.5,311.1,1459,45.1,97,No Failure
5867,5868,L53047,301.5,311.0,1494,45.3,99,No Failure
5868,5869,L53048,301.5,311.1,1731,27.9,101,No Failure
5869,5870,L53049,301.5,311.1,2076,18.7,103,No Failure
5870,5871,L53050,301.5,311.1,2055,16.8,105,No Failure
5871,5872,L53051,301.5,311.1,1469,49.5,107,No Failure
5872,5873,M20732,301.5,311.0,1504,42.6,109,No Failure
5873,5874,M20733,301.5,311.1,1396,43.5,112,No Failure
5874,5875,M20734,301.5,311.1,1660,33.8,115,No Failure
5875,5876,M20735,301.5,311.0,1577,39.7,118,No Failure
5876,5877,L53056,301.5,311.1,1426,52.1,121,No Failure
5877,5878,L53057,301.5,311.1,1458,41.4,123,No Failure
5878,5879,L53058,301.4,311.0,1533,45.8,125,No Failure
5879,5880,L53059,301.4,311.0,1701,28.4,127,No Failure
5880,5881,L53060,301.5,311.1,1434,49.6,129,No Failure
5881,5882,L53061,301.4,311.1,1952,22.7,131,No Failure
5882,5883,L53062,301.4,311.1,1469,36.9,133,No Failure
5883,5884,L53063,301.4,311.1,1800,26.0,135,No Failure
5884,5885,M20744,301.3,311.1,1438,43.0,137,No Failure
5885,5886,L53065,301.3,311.1,1647,28.2,140,No Failure
5886,5887,L53066,301.4,311.1,1494,41.9,142,No Failure
5887,5888,H35301,301.4,311.1,1445,41.4,144,No Failure
5888,5889,M20748,301.5,311.1,1507,38.6,149,No Failure
5889,5890,M20749,301.4,311.0,1234,55.8,152,No Failure
5890,5891,L53070,301.4,311.0,1634,32.6,155,No Failure
5891,5892,L53071,301.4,311.0,1334,53.3,157,No Failure
5892,5893,L53072,301.4,311.1,1472,44.5,159,No Failure
5893,5894,M20753,301.3,311.0,1410,52.7,161,No Failure
5894,5895,L53074,301.2,310.9,1597,37.9,164,No Failure
5895,5896,M20755,301.2,310.9,1460,46.7,166,No Failure
5896,5897,L53076,301.1,310.8,1274,55.7,169,No Failure
5897,5898,M20757,301.0,310.7,1517,40.2,171,No Failure
5898,5899,L53078,301.0,310.7,1300,57.2,174,No Failure
5899,5900,H35313,300.9,310.6,1686,27.7,176,No Failure
5900,5901,M20760,300.9,310.7,1485,41.0,181,No Failure
5901,5902,L53081,301.0,310.7,1464,45.8,184,No Failure
5902,5903,L53082,300.9,310.6,1598,35.4,186,No Failure
5903,5904,L53083,300.9,310.5,1894,21.9,188,No Failure
5904,5905,M20764,300.8,310.5,1330,59.0,190,No Failure
5905,5906,H35319,300.8,310.5,1582,31.1,193,No Failure
5906,5907,L53086,300.7,310.3,1533,35.6,198,No Failure
5907,5908,H35321,300.8,310.4,1419,46.4,200,No Failure
5908,5909,M20768,300.8,310.3,1526,36.3,205,No Failure
5909,5910,H35323,300.7,310.2,1364,65.3,208,Power Failure
5910,5911,M20770,300.8,310.3,1458,43.4,0,No Failure
5911,5912,M20771,300.8,310.4,1288,64.0,3,No Failure
5912,5913,M20772,300.7,310.3,1659,29.8,6,No Failure
5913,5914,H35327,300.7,310.2,1479,52.3,9,No Failure
5914,5915,L53094,300.7,310.3,1592,36.0,14,No Failure
5915,5916,M20775,300.6,310.2,1532,38.7,16,No Failure
5916,5917,L53096,300.6,310.2,1555,41.9,19,No Failure
5917,5918,L53097,300.6,310.2,1341,52.6,21,No Failure
5918,5919,L53098,300.6,310.1,1541,42.0,23,No Failure
5919,5920,L53099,300.6,310.3,1414,50.6,25,No Failure
5920,5921,L53100,300.5,310.2,1764,25.9,27,No Failure
5921,5922,L53101,300.5,310.3,1336,57.1,29,No Failure
5922,5923,L53102,300.5,310.3,1435,43.3,31,No Failure
5923,5924,M20783,300.4,310.3,1537,35.0,33,No Failure
5924,5925,L53104,300.3,310.2,1369,48.8,36,No Failure
5925,5926,M20785,300.2,310.1,1619,31.3,38,No Failure
5926,5927,L53106,300.2,310.1,1440,51.1,41,No Failure
5927,5928,L53107,300.2,310.1,1649,30.5,43,No Failure
5928,5929,M20788,300.2,310.1,1550,38.7,45,No Failure
5929,5930,L53109,300.3,310.2,1471,45.2,48,No Failure
5930,5931,L53110,300.3,310.3,1483,51.6,50,No Failure
5931,5932,L53111,300.3,310.4,1336,54.4,52,No Failure
5932,5933,L53112,300.5,310.5,1515,36.6,54,No Failure
5933,5934,L53113,300.5,310.5,1373,47.4,56,No Failure
5934,5935,H35348,300.6,310.5,1454,51.2,58,No Failure
5935,5936,L53115,300.5,310.5,1646,34.5,63,No Failure
5936,5937,M20796,300.5,310.4,1548,37.3,65,No Failure
5937,5938,M20797,300.6,310.5,1462,41.3,68,No Failure
5938,5939,L53118,300.5,310.4,1702,33.1,71,No Failure
5939,5940,L53119,300.5,310.5,1409,60.9,73,No Failure
5940,5941,M20800,300.6,310.6,1427,52.8,75,No Failure
5941,5942,L53121,300.6,310.7,1438,48.5,78,No Failure
5942,5943,L53122,300.7,310.7,1450,43.4,80,No Failure
5943,5944,L53123,300.7,310.7,1541,41.3,82,No Failure
5944,5945,M20804,300.7,310.6,1484,38.0,84,No Failure
5945,5946,M20805,300.8,310.8,1415,44.5,87,No Failure
5946,5947,L53126,300.7,310.8,1496,46.4,90,No Failure
5947,5948,M20807,300.7,310.8,1465,45.2,92,No Failure
5948,5949,L53128,300.7,310.8,2113,18.5,95,No Failure
5949,5950,M20809,300.7,310.8,1506,44.0,97,No Failure
5950,5951,L53130,300.7,310.8,1689,28.9,100,No Failure
5951,5952,L53131,300.7,310.9,1650,29.4,102,No Failure
5952,5953,L53132,300.7,310.8,1563,33.8,104,No Failure
5953,5954,M20813,300.7,310.9,1486,38.9,106,No Failure
5954,5955,L53134,300.8,310.9,1732,25.7,109,No Failure
5955,5956,L53135,300.7,310.8,1653,31.6,111,No Failure
5956,5957,L53136,300.7,310.9,1535,37.1,113,No Failure
5957,5958,L53137,300.7,310.9,1637,37.2,115,No Failure
5958,5959,L53138,300.6,310.8,1533,38.5,117,No Failure
5959,5960,L53139,300.6,310.8,1378,51.2,119,No Failure
5960,5961,L53140,300.5,310.7,1606,33.5,121,No Failure
5961,5962,L53141,300.3,310.7,1539,32.3,123,No Failure
5962,5963,L53142,300.5,310.8,1728,26.3,125,No Failure
5963,5964,H35377,300.4,310.7,1656,36.3,127,No Failure
5964,5965,H35378,300.5,310.8,1631,30.5,132,No Failure
5965,5966,H35379,300.5,310.9,1447,46.5,137,No Failure
5966,5967,L53146,300.4,310.8,1396,49.3,142,No Failure
5967,5968,L53147,300.4,310.8,1390,52.5,144,No Failure
5968,5969,L53148,300.4,310.8,1348,56.0,146,No Failure
5969,5970,M20829,300.4,310.8,1491,35.9,148,No Failure
5970,5971,L53150,300.4,310.8,1520,37.6,151,No Failure
5971,5972,L53151,300.5,310.8,1509,33.0,153,No Failure
5972,5973,L53152,300.5,310.8,1445,46.6,155,No Failure
5973,5974,L53153,300.5,310.8,1354,51.8,157,No Failure
5974,5975,L53154,300.5,310.7,1488,39.4,159,No Failure
5975,5976,H35389,300.5,310.7,1654,28.6,161,No Failure
5976,5977,H35390,300.5,310.6,1378,51.5,166,No Failure
5977,5978,L53157,300.6,310.7,1750,30.6,171,No Failure
5978,5979,L53158,300.5,310.6,1448,46.3,173,No Failure
5979,5980,H35393,300.6,310.7,1501,45.3,175,No Failure
5980,5981,M20840,300.6,310.7,1654,32.0,180,No Failure
5981,5982,M20841,300.7,310.7,1347,46.5,183,No Failure
5982,5983,L53162,300.7,310.8,1486,37.1,186,No Failure
5983,5984,H35397,300.8,310.8,1466,45.2,188,No Failure
5984,5985,H35398,300.7,310.8,1346,52.0,193,No Failure
5985,5986,L53165,300.7,310.7,1314,42.4,198,No Failure
5986,5987,L53166,300.6,310.7,1440,52.5,200,No Failure
5987,5988,L53167,300.7,310.8,1608,39.5,202,No Failure
5988,5989,H35402,300.7,310.8,1296,58.2,204,No Failure
5989,5990,L53169,300.7,310.7,1507,46.1,209,No Failure
5990,5991,M20850,300.7,310.7,1343,51.6,211,No Failure
5991,5992,L53171,300.7,310.7,1416,40.4,214,No Failure
5992,5993,L53172,300.7,310.6,1288,47.2,216,No Failure
5993,5994,M20853,300.7,310.6,1407,42.4,218,No Failure
5994,5995,L53174,300.6,310.4,1608,39.2,221,No Failure
5995,5996,L53175,300.6,310.3,1920,22.3,223,No Failure
5996,5997,M20856,300.5,310.2,1386,48.2,225,No Failure
5997,5998,M20857,300.5,310.2,1571,34.6,228,No Failure
5998,5999,M20858,300.4,310.2,1613,36.9,231,No Failure
5999,6000,M20859,300.4,310.2,1671,30.5,234,Tool Wear Failure
6000,6001,H35414,300.4,310.2,1431,43.2,0,No Failure
6001,6002,M20861,300.4,310.2,1380,47.3,5,No Failure
6002,6003,L53182,300.5,310.3,1683,31.5,8,No Failure
6003,6004,L53183,300.4,310.2,1529,36.2,10,No Failure
6004,6005,L53184,300.5,310.4,1761,26.5,12,No Failure
6005,6006,L53185,300.6,310.5,1570,38.3,14,No Failure
6006,6007,M20866,300.6,310.5,2156,18.0,16,No Failure
6007,6008,M20867,300.7,310.6,1349,54.5,19,No Failure
6008,6009,L53188,300.7,310.7,1431,39.3,22,No Failure
6009,6010,L53189,300.6,310.6,1931,22.0,24,No Failure
6010,6011,H35424,300.7,310.7,1428,43.4,26,No Failure
6011,6012,L53191,300.8,310.8,1564,36.2,31,No Failure
6012,6013,H35426,300.8,310.9,1425,44.0,33,No Failure
6013,6014,L53193,300.7,310.8,1597,30.5,38,No Failure
6014,6015,H35428,300.8,310.8,1618,32.8,40,No Failure
6015,6016,M20875,300.8,310.8,1520,38.0,45,No Failure
6016,6017,L53196,300.7,310.7,1425,45.3,48,No Failure
6017,6018,L53197,300.8,310.9,1398,38.2,50,No Failure
6018,6019,M20878,300.8,310.9,1557,31.6,52,No Failure
6019,6020,L53199,300.7,310.8,1519,43.9,55,No Failure
6020,6021,L53200,300.7,310.8,1619,34.9,57,No Failure
6021,6022,L53201,300.7,310.8,1814,21.4,59,No Failure
6022,6023,L53202,300.7,310.9,1521,39.4,61,No Failure
6023,6024,M20883,300.7,310.9,1369,51.2,63,No Failure
6024,6025,L53204,300.7,310.9,1356,65.3,66,Power Failure
6025,6026,L53205,300.7,311.0,1336,53.3,68,No Failure
6026,6027,L53206,300.7,311.0,1403,48.3,70,No Failure
6027,6028,M20887,300.7,311.0,1413,44.3,72,No Failure
6028,6029,L53208,300.6,310.9,1472,47.6,75,No Failure
6029,6030,M20889,300.7,310.8,1452,47.9,77,No Failure
6030,6031,L53210,300.6,310.7,1397,53.7,80,No Failure
6031,6032,L53211,300.6,310.7,1455,40.6,82,No Failure
6032,6033,L53212,300.7,310.8,1754,27.7,84,No Failure
6033,6034,L53213,300.6,310.9,1471,37.9,86,No Failure
6034,6035,M20894,300.6,310.8,1389,48.1,88,No Failure
6035,6036,M20895,300.6,310.9,1702,30.3,91,No Failure
6036,6037,M20896,300.6,311.0,1401,54.6,94,No Failure
6037,6038,L53217,300.7,311.1,1426,46.2,97,No Failure
6038,6039,L53218,300.7,311.0,1496,38.3,99,No Failure
6039,6040,L53219,300.6,310.9,1433,42.6,101,No Failure
6040,6041,M20900,300.7,311.1,1438,46.6,103,No Failure
6041,6042,M20901,300.7,311.0,1418,49.3,106,No Failure
6042,6043,M20902,300.8,311.0,1580,36.6,109,No Failure
6043,6044,M20903,300.7,310.9,1468,41.8,112,No Failure
6044,6045,M20904,300.8,310.9,1522,41.7,115,No Failure
6045,6046,L53225,300.8,310.9,1311,55.8,118,No Failure
6046,6047,L53226,300.9,311.0,1316,56.5,120,No Failure
6047,6048,H35461,300.9,311.0,1853,23.6,122,No Failure
6048,6049,M20908,300.9,311.0,1556,38.8,127,No Failure
6049,6050,M20909,300.9,311.0,1567,34.3,130,No Failure
6050,6051,M20910,300.9,311.1,1546,37.7,133,No Failure
6051,6052,L53231,300.9,311.0,1382,51.2,136,No Failure
6052,6053,L53232,300.9,311.0,2003,20.2,138,No Failure
6053,6054,L53233,300.8,310.9,1748,29.9,140,No Failure
6054,6055,H35468,300.7,310.8,1518,40.1,142,No Failure
6055,6056,L53235,300.7,310.8,1475,42.0,147,No Failure
6056,6057,L53236,300.8,310.8,1634,29.2,149,No Failure
6057,6058,L53237,300.8,310.8,1689,32.9,151,No Failure
6058,6059,M20918,300.9,310.9,1636,35.3,153,No Failure
6059,6060,L53239,300.9,311.0,2235,15.8,156,No Failure
6060,6061,L53240,301.0,311.1,1615,35.6,158,No Failure
6061,6062,H35475,301.1,311.1,1618,29.5,160,No Failure
6062,6063,M20922,301.1,311.2,1407,53.0,165,No Failure
6063,6064,L53243,301.1,311.1,1450,43.3,168,No Failure
6064,6065,L53244,301.1,311.1,1889,23.8,170,No Failure
6065,6066,L53245,301.0,310.9,1568,38.2,172,No Failure
6066,6067,L53246,301.0,311.0,1804,25.8,174,No Failure
6067,6068,L53247,301.0,311.0,1582,37.5,176,No Failure
6068,6069,M20928,301.0,310.9,2047,17.9,178,No Failure
6069,6070,L53249,300.9,310.9,1601,34.0,181,No Failure
6070,6071,L53250,300.9,310.9,1615,32.0,183,No Failure
6071,6072,M20931,300.9,310.8,1452,43.6,185,No Failure
6072,6073,M20932,300.9,310.8,1695,30.2,188,No Failure
6073,6074,M20933,300.9,310.8,1790,26.2,191,No Failure
6074,6075,M20934,301.0,310.8,1533,39.3,194,No Failure
6075,6076,L53255,301.0,310.9,1813,28.5,197,No Failure
6076,6077,L53256,301.0,310.9,1492,36.7,199,No Failure
6077,6078,L53257,300.9,310.7,1479,43.3,201,No Failure
6078,6079,L53258,300.8,310.7,1339,59.1,203,Overstrain Failure
6079,6080,M20939,300.8,310.7,1371,44.7,205,No Failure
6080,6081,L53260,300.9,310.7,1468,36.2,208,No Failure
6081,6082,L53261,300.9,310.7,1517,41.7,210,No Failure
6082,6083,L53262,300.9,310.7,1352,46.4,212,No Failure
6083,6084,L53263,300.9,310.7,1389,50.0,214,No Failure
6084,6085,M20944,300.8,310.6,1505,36.2,0,No Failure
6085,6086,L53265,300.9,310.6,1538,36.7,3,No Failure
6086,6087,L53266,300.9,310.8,1482,37.0,5,No Failure
6087,6088,M20947,300.9,310.8,1599,33.0,7,No Failure
6088,6089,L53268,300.9,310.8,1476,39.0,10,No Failure
6089,6090,L53269,300.9,310.7,1509,37.5,12,No Failure
6090,6091,L53270,300.9,310.8,1708,29.1,14,No Failure
6091,6092,L53271,300.9,310.7,1412,57.5,16,Random Failures
6092,6093,L53272,300.9,310.7,1658,28.5,18,No Failure
6093,6094,L53273,301.0,310.8,1375,57.2,20,No Failure
6094,6095,M20954,300.9,310.8,1402,48.1,22,No Failure
6095,6096,M20955,300.9,310.7,1452,47.3,25,No Failure
6096,6097,M20956,300.8,310.7,1483,40.8,28,No Failure
6097,6098,H35511,300.9,310.8,1477,38.4,31,No Failure
6098,6099,M20958,300.8,310.7,1924,22.4,36,No Failure
6099,6100,H35513,300.9,310.7,1609,28.7,39,No Failure
6100,6101,M20960,300.8,310.7,1886,21.1,44,No Failure
6101,6102,L53281,300.7,310.6,1616,29.6,47,No Failure
6102,6103,L53282,300.7,310.7,1442,43.2,49,No Failure
6103,6104,L53283,300.8,310.8,1407,45.1,51,No Failure
6104,6105,M20964,300.8,310.8,1461,41.3,53,No Failure
6105,6106,M20965,300.8,310.9,1522,46.2,56,No Failure
6106,6107,L53286,300.9,311.0,1432,48.1,59,No Failure
6107,6108,L53287,300.9,311.0,1438,49.0,61,No Failure
6108,6109,M20968,300.8,310.9,1678,28.1,63,No Failure
6109,6110,M20969,300.8,310.9,1514,38.7,66,No Failure
6110,6111,L53290,300.7,310.8,1534,41.3,69,No Failure
6111,6112,M20971,300.7,310.8,1486,41.2,71,No Failure
6112,6113,L53292,300.7,310.8,1925,22.0,74,No Failure
6113,6114,M20973,300.7,310.8,1724,30.0,76,No Failure
6114,6115,M20974,300.8,310.8,1549,35.5,79,No Failure
6115,6116,L53295,300.8,310.9,1457,47.7,82,No Failure
6116,6117,L53296,300.8,310.9,1453,43.9,84,No Failure
6117,6118,L53297,300.8,311.0,1578,44.4,86,No Failure
6118,6119,M20978,300.9,311.1,1325,61.4,88,No Failure
6119,6120,L53299,300.9,311.1,1471,39.3,91,No Failure
6120,6121,M20980,300.9,311.2,1472,40.0,93,No Failure
6121,6122,L53301,300.9,311.1,1457,37.4,96,No Failure
6122,6123,L53302,301.0,311.0,1402,55.3,98,No Failure
6123,6124,L53303,300.9,310.9,1477,41.5,100,No Failure
6124,6125,M20984,300.9,310.9,1727,30.1,102,No Failure
6125,6126,L53305,300.9,310.9,1995,20.2,105,No Failure
6126,6127,L53306,300.9,310.9,1370,52.5,107,No Failure
6127,6128,L53307,300.9,310.9,1228,66.4,109,No Failure
6128,6129,L53308,300.9,311.0,1499,38.0,111,No Failure
6129,6130,M20989,301.0,311.0,1508,46.9,113,No Failure
6130,6131,L53310,301.0,310.9,1473,44.2,116,No Failure
6131,6132,H35545,301.0,311.0,1640,37.6,118,No Failure
6132,6133,L53312,301.1,311.1,1429,42.5,123,No Failure
6133,6134,L53313,301.1,311.1,1470,40.9,125,No Failure
6134,6135,L53314,301.0,311.0,1581,37.0,127,No Failure
6135,6136,L53315,301.0,310.9,1740,28.9,129,No Failure
6136,6137,H35550,300.9,310.8,1390,40.6,131,No Failure
6137,6138,M20997,300.9,310.8,1988,19.7,136,No Failure
6138,6139,M20998,300.8,310.7,1452,43.0,139,No Failure
6139,6140,L53319,300.8,310.7,1586,33.4,142,No Failure
6140,6141,L53320,300.8,310.7,1589,34.3,144,No Failure
6141,6142,L53321,300.8,310.8,1486,45.7,146,No Failure
6142,6143,L53322,300.9,310.9,1755,27.9,148,No Failure
6143,6144,M21003,301.0,310.9,1575,34.6,150,No Failure
6144,6145,M21004,301.1,311.1,1615,37.7,153,No Failure
6145,6146,M21005,301.1,311.1,1436,41.8,156,No Failure
6146,6147,M21006,301.1,311.1,1470,40.6,159,No Failure
6147,6148,M21007,301.1,311.1,2089,19.8,162,No Failure
6148,6149,L53328,301.1,311.2,1564,37.0,165,No Failure
6149,6150,M21009,301.0,311.1,1420,47.4,167,No Failure
6150,6151,L53330,301.1,311.1,1711,29.1,170,No Failure
6151,6152,L53331,301.1,311.2,1555,35.3,172,No Failure
6152,6153,M21012,301.1,311.1,1592,35.7,174,No Failure
6153,6154,L53333,301.0,311.1,1236,64.4,177,Overstrain Failure
6154,6155,M21014,301.0,310.9,1765,24.2,179,No Failure
6155,6156,L53335,301.0,311.0,1634,31.2,182,No Failure
6156,6157,L53336,301.1,311.1,1508,41.5,184,No Failure
6157,6158,L53337,301.1,311.2,1774,29.6,186,No Failure
6158,6159,L53338,301.1,311.0,1677,29.1,188,No Failure
6159,6160,L53339,301.0,311.0,1399,58.0,190,Overstrain Failure
6160,6161,L53340,301.0,310.9,1570,34.0,192,No Failure
6161,6162,L53341,301.0,310.9,1479,44.3,194,No Failure
6162,6163,L53342,301.0,310.8,1558,34.9,196,No Failure
6163,6164,L53343,300.8,310.7,1358,48.1,198,No Failure
6164,6165,H35578,300.9,310.7,1656,30.7,200,No Failure
6165,6166,L53345,300.9,310.7,1523,35.8,205,No Failure
6166,6167,H35580,300.9,310.7,1403,40.6,207,No Failure
6167,6168,M21027,300.9,310.7,1362,51.6,212,No Failure
6168,6169,M21028,300.7,310.6,1778,27.1,215,No Failure
6169,6170,L53349,300.7,310.5,1448,38.2,218,No Failure
6170,6171,H35584,300.8,310.5,1559,40.1,220,No Failure
6171,6172,L53351,300.8,310.6,1416,42.2,225,No Failure
6172,6173,L53352,300.8,310.6,1577,37.9,227,Tool Wear Failure
6173,6174,L53353,300.8,310.7,1633,27.8,0,No Failure
6174,6175,L53354,300.9,310.7,1573,31.2,2,No Failure
6175,6176,L53355,300.9,310.8,1517,44.3,4,No Failure
6176,6177,L53356,301.0,310.9,1515,37.3,6,No Failure
6177,6178,L53357,301.0,310.8,1527,45.3,8,No Failure
6178,6179,L53358,301.1,310.9,1282,67.9,10,Power Failure
6179,6180,M21039,301.1,310.9,1396,45.1,12,No Failure
6180,6181,L53360,301.0,310.9,1492,44.6,15,No Failure
6181,6182,L53361,301.0,310.8,1975,19.7,17,No Failure
6182,6183,L53362,301.0,310.8,1475,35.3,19,No Failure
6183,6184,H35597,301.0,310.9,1495,37.3,21,No Failure
6184,6185,L53364,301.0,311.0,1553,35.8,26,No Failure
6185,6186,L53365,301.1,311.0,1918,21.7,28,No Failure
6186,6187,M21046,301.1,311.0,1413,46.6,30,No Failure
6187,6188,L53367,301.0,311.0,1437,56.0,33,No Failure
6188,6189,L53368,301.0,310.9,1450,45.9,35,No Failure
6189,6190,M21049,301.0,310.9,1910,21.9,37,No Failure
6190,6191,L53370,300.9,310.9,1749,26.4,40,No Failure
6191,6192,H35605,301.0,310.9,1916,22.0,42,No Failure
6192,6193,L53372,301.0,310.9,1428,45.3,47,No Failure
6193,6194,L53373,301.0,310.9,1578,38.4,49,No Failure
6194,6195,L53374,300.9,310.8,1571,39.9,51,No Failure
6195,6196,L53375,300.9,310.8,1729,30.2,53,No Failure
6196,6197,L53376,300.9,310.8,1701,30.4,55,No Failure
6197,6198,L53377,300.9,310.8,1493,45.8,57,No Failure
6198,6199,M21058,301.0,310.9,1554,32.7,59,No Failure
6199,6200,L53379,300.9,310.9,1497,43.2,62,No Failure
6200,6201,L53380,301.0,310.9,1679,29.8,64,No Failure
6201,6202,M21061,301.0,310.9,1510,44.5,66,No Failure
6202,6203,L53382,301.0,310.9,1296,54.9,69,No Failure
6203,6204,L53383,301.0,310.9,1404,41.8,71,No Failure
6204,6205,M21064,300.9,310.8,1519,34.9,73,No Failure
6205,6206,M21065,300.9,310.7,1696,27.3,76,No Failure
6206,6207,M21066,300.8,310.6,1669,28.4,79,No Failure
6207,6208,L53387,300.7,310.6,1447,40.7,82,No Failure
6208,6209,M21068,300.7,310.6,1418,46.3,84,No Failure
6209,6210,L53389,300.7,310.6,1407,40.5,87,No Failure
6210,6211,L53390,300.8,310.5,1434,44.5,89,No Failure
6211,6212,L53391,300.8,310.6,1360,48.8,91,No Failure
6212,6213,L53392,300.8,310.6,1402,53.7,93,No Failure
6213,6214,L53393,300.9,310.6,1552,34.9,95,No Failure
6214,6215,L53394,300.9,310.7,1392,44.2,97,No Failure
6215,6216,L53395,301.1,310.8,1521,41.0,99,No Failure
6216,6217,L53396,301.1,310.8,1724,27.5,101,No Failure
6217,6218,M21077,301.0,310.7,1455,46.1,103,No Failure
6218,6219,H35632,301.0,310.6,1366,50.6,106,No Failure
6219,6220,H35633,301.1,310.6,1407,43.9,111,No Failure
6220,6221,L53400,301.1,310.8,1470,49.3,116,No Failure
6221,6222,M21081,301.2,310.9,1359,50.8,118,No Failure
6222,6223,H35636,301.1,310.8,1792,25.8,121,No Failure
6223,6224,M21083,301.1,310.9,1552,37.9,126,No Failure
6224,6225,L53404,301.2,311.0,1612,32.9,129,No Failure
6225,6226,M21085,301.2,311.0,1424,41.4,131,No Failure
6226,6227,H35640,301.3,311.0,1341,59.3,134,No Failure
6227,6228,L53407,301.2,310.8,1479,38.2,139,No Failure
6228,6229,L53408,301.2,310.9,1413,50.1,141,No Failure
6229,6230,L53409,301.3,310.9,2165,17.4,143,No Failure
6230,6231,M21090,301.3,311.0,1641,33.0,145,No Failure
6231,6232,M21091,301.3,311.0,1495,40.8,148,No Failure
6232,6233,L53412,301.3,311.0,1576,30.4,151,No Failure
6233,6234,L53413,301.2,310.9,1467,37.1,153,No Failure
6234,6235,L53414,301.2,310.8,1479,41.2,155,No Failure
6235,6236,L53415,301.3,310.9,1596,33.9,157,No Failure
6236,6237,M21096,301.3,310.9,1512,36.9,159,No Failure
6237,6238,L53417,301.4,310.9,1414,38.8,162,No Failure
6238,6239,L53418,301.3,310.8,1390,57.4,164,No Failure
6239,6240,L53419,301.2,310.7,1644,31.6,166,No Failure
6240,6241,M21100,301.2,310.7,1394,42.8,168,No Failure
6241,6242,L53421,301.1,310.5,1324,52.4,171,No Failure
6242,6243,L53422,301.0,310.4,1476,43.6,173,No Failure
6243,6244,L53423,301.0,310.4,2204,16.6,175,No Failure
6244,6245,M21104,301.0,310.4,1665,30.9,177,No Failure
6245,6246,L53425,300.9,310.4,1445,41.7,180,No Failure
6246,6247,H35660,300.8,310.3,1457,46.8,182,No Failure
6247,6248,L53427,300.8,310.2,1492,46.3,187,No Failure
6248,6249,L53428,300.8,310.1,1405,61.2,189,Power Failure
6249,6250,L53429,300.7,310.1,1542,35.5,191,No Failure
6250,6251,L53430,300.8,310.2,1520,37.7,193,No Failure
6251,6252,M21111,300.8,310.2,1598,36.5,195,No Failure
6252,6253,L53432,300.8,310.3,1538,36.1,198,No Failure
6253,6254,L53433,300.9,310.4,1615,30.9,200,No Failure
6254,6255,L53434,301.0,310.5,1408,47.0,202,No Failure
6255,6256,L53435,301.0,310.5,1379,57.3,204,Overstrain Failure
6256,6257,L53436,301.0,310.6,1493,37.8,206,Tool Wear Failure
6257,6258,L53437,301.1,310.7,1376,49.1,0,No Failure
6258,6259,M21118,301.1,310.7,1583,40.7,2,No Failure
6259,6260,M21119,301.2,310.8,1396,47.4,5,No Failure
6260,6261,L53440,301.1,310.7,1436,45.3,8,No Failure
6261,6262,L53441,301.1,310.6,1417,47.6,10,No Failure
6262,6263,L53442,301.0,310.6,1641,33.4,12,No Failure
6263,6264,M21123,301.0,310.6,1698,27.3,14,No Failure
6264,6265,L53444,300.9,310.4,1541,39.1,17,No Failure
6265,6266,L53445,300.8,310.3,1383,46.6,19,No Failure
6266,6267,L53446,300.8,310.4,1368,46.8,21,No Failure
6267,6268,L53447,300.8,310.4,1570,35.2,23,No Failure
6268,6269,L53448,300.9,310.5,1616,33.5,25,No Failure
6269,6270,M21129,300.9,310.5,1444,43.2,27,No Failure
6270,6271,L53450,300.9,310.4,2021,18.8,30,No Failure
6271,6272,M21131,300.9,310.5,1702,29.3,32,No Failure
6272,6273,M21132,301.1,310.6,1429,52.7,35,No Failure
6273,6274,L53453,301.2,310.8,1711,28.9,38,No Failure
6274,6275,M21134,301.2,310.7,1543,32.9,40,No Failure
6275,6276,L53455,301.3,310.8,1628,32.2,43,No Failure
6276,6277,L53456,301.2,310.8,1233,64.6,45,No Failure
6277,6278,L53457,301.2,310.8,1461,40.6,47,No Failure
6278,6279,L53458,301.2,310.7,1568,38.3,49,No Failure
6279,6280,L53459,301.3,310.8,1432,54.4,51,No Failure
6280,6281,M21140,301.2,310.7,1527,41.1,53,No Failure
6281,6282,M21141,301.3,310.8,1455,41.2,56,No Failure
6282,6283,M21142,301.3,310.8,1418,45.4,59,No Failure
6283,6284,L53463,301.3,310.8,1719,29.5,62,No Failure
6284,6285,M21144,301.2,310.8,1734,31.3,64,No Failure
6285,6286,M21145,301.2,310.7,1426,46.1,67,No Failure
6286,6287,L53466,301.1,310.6,1611,35.2,70,No Failure
6287,6288,M21147,301.1,310.6,1479,41.1,72,No Failure
6288,6289,L53468,301.0,310.5,1317,50.9,75,No Failure
6289,6290,L53469,301.0,310.5,1248,61.4,77,No Failure
6290,6291,L53470,301.0,310.5,1932,21.7,79,No Failure
6291,6292,M21151,301.1,310.5,1547,35.8,81,No Failure
6292,6293,L53472,301.0,310.4,1614,31.6,84,No Failure
6293,6294,H35707,301.0,310.4,1512,44.9,86,No Failure
6294,6295,L53474,301.1,310.5,1529,38.7,91,No Failure
6295,6296,H35709,301.1,310.6,1782,24.9,93,No Failure
6296,6297,L53476,301.0,310.5,1429,39.4,98,No Failure
6297,6298,M21157,301.1,310.5,1309,60.7,100,No Failure
6298,6299,L53478,301.1,310.5,1428,44.1,103,No Failure
6299,6300,L53479,301.2,310.6,1385,49.2,105,No Failure
6300,6301,L53480,301.2,310.7,1517,39.4,107,No Failure
6301,6302,M21161,301.2,310.6,1576,39.6,109,No Failure
6302,6303,L53482,301.2,310.6,1437,51.2,112,No Failure
6303,6304,H35717,301.2,310.6,1457,50.5,114,No Failure
6304,6305,L53484,301.1,310.5,1532,37.5,119,No Failure
6305,6306,M21165,301.1,310.5,1603,32.6,121,No Failure
6306,6307,L53486,301.0,310.4,1563,34.4,124,No Failure
6307,6308,L53487,301.0,310.3,1617,34.5,126,No Failure
6308,6309,M21168,300.8,310.1,1686,26.9,128,No Failure
6309,6310,L53489,300.9,310.2,1382,50.4,131,No Failure
6310,6311,L53490,300.9,310.1,2090,17.8,133,No Failure
6311,6312,L53491,300.9,310.3,1446,44.5,135,No Failure
6312,6313,M21172,300.9,310.2,1533,38.1,137,No Failure
6313,6314,L53493,300.9,310.3,1440,47.6,140,No Failure
6314,6315,M21174,301.0,310.4,1793,25.0,142,No Failure
6315,6316,M21175,301.0,310.4,1517,46.1,145,No Failure
6316,6317,L53496,300.9,310.4,1544,36.0,148,No Failure
6317,6318,L53497,300.9,310.3,1321,48.8,150,No Failure
6318,6319,M21178,300.9,310.3,1416,50.9,152,No Failure
6319,6320,L53499,300.8,310.2,1514,40.0,155,No Failure
6320,6321,M21180,300.8,310.2,1304,52.5,157,No Failure
6321,6322,L53501,300.7,310.2,1286,64.9,160,No Failure
6322,6323,M21182,300.7,310.1,1483,40.2,162,No Failure
6323,6324,L53503,300.7,310.1,1351,46.9,165,No Failure
6324,6325,M21184,300.7,310.1,1367,52.6,167,No Failure
6325,6326,L53505,300.7,310.1,1721,32.3,170,No Failure
6326,6327,L53506,300.6,310.0,1455,40.4,172,No Failure
6327,6328,L53507,300.6,310.0,1425,49.5,174,No Failure
6328,6329,L53508,300.7,310.0,1672,29.7,176,No Failure
6329,6330,M21189,300.7,310.0,1641,34.6,178,No Failure
6330,6331,M21190,300.5,310.0,1580,37.0,181,No Failure
6331,6332,H35745,300.5,310.0,1495,47.4,184,No Failure
6332,6333,M21192,300.5,309.9,1994,19.8,189,No Failure
6333,6334,M21193,300.4,309.9,1415,31.8,192,No Failure
6334,6335,M21194,300.4,309.8,1725,30.4,195,No Failure
6335,6336,M21195,300.4,309.8,1430,43.4,198,No Failure
6336,6337,L53516,300.4,309.8,1395,48.1,201,No Failure
6337,6338,M21197,300.4,309.8,1435,43.6,203,No Failure
6338,6339,L53518,300.4,309.9,1681,28.6,206,No Failure
6339,6340,L53519,300.5,310.0,1451,48.6,208,No Failure
6340,6341,H35754,300.5,309.9,1397,45.9,210,Tool Wear Failure
6341,6342,M21201,300.4,309.8,1421,47.2,0,No Failure
6342,6343,M21202,300.3,309.8,1444,42.0,3,No Failure
6343,6344,L53523,300.2,309.8,1827,23.0,6,No Failure
6344,6345,H35758,300.2,309.8,1374,47.7,8,No Failure
6345,6346,L53525,300.2,309.8,1650,29.6,13,No Failure
6346,6347,L53526,300.2,309.7,1275,60.7,15,No Failure
6347,6348,L53527,300.2,309.7,1421,44.6,17,No Failure
6348,6349,L53528,300.2,309.8,1557,33.8,19,No Failure
6349,6350,L53529,300.1,309.8,1506,35.2,21,No Failure
6350,6351,L53530,300.1,309.7,1362,49.1,23,No Failure
6351,6352,L53531,300.0,309.7,1542,47.1,25,No Failure
6352,6353,L53532,300.0,309.6,1496,38.8,27,No Failure
6353,6354,M21213,300.0,309.6,1491,42.0,29,No Failure
6354,6355,L53534,300.1,309.6,1565,34.8,32,No Failure
6355,6356,L53535,300.1,309.7,1481,37.9,34,No Failure
6356,6357,M21216,300.1,309.7,1420,48.4,36,No Failure
6357,6358,L53537,300.2,309.8,1398,54.8,39,No Failure
6358,6359,M21218,300.2,309.8,1466,45.7,41,No Failure
6359,6360,L53539,300.1,309.8,1430,56.7,44,No Failure
6360,6361,L53540,300.1,309.7,1441,40.1,46,No Failure
6361,6362,M21221,300.1,309.7,1348,57.3,48,No Failure
6362,6363,L53542,300.0,309.6,1738,28.7,51,No Failure
6363,6364,M21223,300.0,309.6,1618,36.2,53,No Failure
6364,6365,M21224,299.9,309.6,1489,41.7,56,No Failure
6365,6366,M21225,299.9,309.5,1412,57.9,59,No Failure
6366,6367,M21226,299.9,309.5,2065,18.1,62,No Failure
6367,6368,L53547,300.0,309.6,1571,33.1,65,No Failure
6368,6369,M21228,300.0,309.6,1423,48.7,67,No Failure
6369,6370,H35783,300.0,309.5,1781,24.9,70,No Failure
6370,6371,L53550,300.1,309.6,1321,46.9,75,No Failure
6371,6372,L53551,300.1,309.6,1546,36.7,77,No Failure
6372,6373,M21232,300.0,309.5,1879,22.4,79,No Failure
6373,6374,H35787,300.0,309.5,1735,28.9,82,No Failure
6374,6375,L53554,300.0,309.5,1506,38.8,87,No Failure
6375,6376,H35789,300.0,309.6,1629,32.3,89,No Failure
6376,6377,L53556,300.0,309.6,1694,28.7,94,No Failure
6377,6378,L53557,300.1,309.6,1541,37.0,96,No Failure
6378,6379,L53558,300.0,309.6,1514,44.6,98,No Failure
6379,6380,L53559,300.1,309.7,1485,45.9,100,No Failure
6380,6381,L53560,300.2,309.8,1430,55.0,102,No Failure
6381,6382,L53561,300.2,309.7,1771,27.1,104,No Failure
6382,6383,L53562,300.2,309.8,1481,41.9,106,No Failure
6383,6384,H35797,300.2,309.7,1483,43.8,108,No Failure
6384,6385,H35798,300.1,309.6,1463,45.1,113,No Failure
6385,6386,L53565,300.1,309.7,1410,48.3,118,No Failure
6386,6387,L53566,300.2,309.7,1656,34.3,120,No Failure
6387,6388,M21247,300.2,309.8,1487,39.2,122,No Failure
6388,6389,H35802,300.3,309.9,1509,46.6,125,No Failure
6389,6390,H35803,300.3,309.9,1677,30.1,130,No Failure
6390,6391,L53570,300.3,309.8,1450,55.0,135,No Failure
6391,6392,M21251,300.2,309.7,1413,43.0,137,No Failure
6392,6393,L53572,300.1,309.7,1680,33.8,140,No Failure
6393,6394,L53573,300.2,309.7,1678,30.5,142,No Failure
6394,6395,M21254,300.2,309.7,1408,44.0,144,No Failure
6395,6396,M21255,300.1,309.6,1376,52.1,147,No Failure
6396,6397,L53576,300.0,309.6,1526,46.4,150,No Failure
6397,6398,M21257,300.0,309.6,1587,32.6,152,No Failure
6398,6399,L53578,300.1,309.7,1351,58.2,155,No Failure
6399,6400,M21259,300.1,309.6,1501,38.0,157,No Failure
6400,6401,L53580,300.1,309.7,1601,35.8,160,No Failure
6401,6402,M21261,300.0,309.6,1573,39.7,162,No Failure
6402,6403,M21262,300.1,309.6,1584,36.7,165,No Failure
6403,6404,L53583,300.1,309.6,1649,33.6,168,No Failure
6404,6405,M21264,300.2,309.7,1183,61.4,170,No Failure
6405,6406,L53585,300.1,309.7,2151,17.5,173,No Failure
6406,6407,L53586,300.2,309.8,1526,45.6,175,No Failure
6407,6408,M21267,300.3,309.9,1611,29.0,177,No Failure
6408,6409,L53588,300.3,309.9,1601,31.7,180,No Failure
6409,6410,L53589,300.3,310.0,1560,40.8,182,No Failure
6410,6411,L53590,300.4,310.1,1544,41.9,184,No Failure
6411,6412,M21271,300.4,310.0,1560,42.3,186,No Failure
6412,6413,L53592,300.4,310.0,1423,44.2,189,No Failure
6413,6414,L53593,300.4,310.1,1614,33.5,191,No Failure
6414,6415,M21274,300.4,310.1,1457,35.1,193,No Failure
6415,6416,L53595,300.4,310.1,1503,42.2,196,No Failure
6416,6417,H35830,300.4,310.1,1484,38.0,198,No Failure
6417,6418,L53597,300.3,309.9,1540,39.9,203,No Failure
6418,6419,H35832,300.3,309.9,1405,52.1,205,No Failure
6419,6420,H35833,300.3,309.9,1394,46.7,210,Tool Wear Failure
6420,6421,L53600,300.3,309.9,1518,36.4,0,No Failure
6421,6422,L53601,300.3,309.9,1527,41.4,2,No Failure
6422,6423,L53602,300.3,309.9,1377,55.3,4,No Failure
6423,6424,M21283,300.3,310.0,1537,37.5,6,No Failure
6424,6425,M21284,300.3,310.0,1409,43.2,9,No Failure
6425,6426,L53605,300.3,309.9,1393,56.1,12,No Failure
6426,6427,L53606,300.2,309.7,1448,36.8,14,No Failure
6427,6428,L53607,300.2,309.8,1418,49.3,16,No Failure
6428,6429,M21288,300.2,309.8,1743,24.1,18,No Failure
6429,6430,M21289,300.2,309.8,1394,47.4,21,No Failure
6430,6431,L53610,300.3,309.8,1523,39.2,24,No Failure
6431,6432,L53611,300.2,309.8,1353,59.4,26,No Failure
6432,6433,M21292,300.3,309.9,1447,46.5,28,No Failure
6433,6434,L53613,300.3,309.9,1570,34.0,31,No Failure
6434,6435,M21294,300.3,309.9,1494,38.5,33,No Failure
6435,6436,L53615,300.3,309.9,1621,34.1,36,No Failure
6436,6437,L53616,300.4,310.0,1769,26.1,38,No Failure
6437,6438,L53617,300.4,310.0,1282,66.1,40,No Failure
6438,6439,L53618,300.4,310.0,1581,30.3,42,No Failure
6439,6440,L53619,300.6,310.1,1656,32.7,44,No Failure
6440,6441,L53620,300.6,310.2,1648,31.7,46,No Failure
6441,6442,L53621,300.7,310.2,1639,31.4,48,No Failure
6442,6443,L53622,300.7,310.2,1348,54.8,50,No Failure
6443,6444,L53623,300.8,310.3,1537,33.3,52,No Failure
6444,6445,M21304,300.8,310.3,1270,61.0,54,No Failure
6445,6446,L53625,300.7,310.3,1662,34.4,57,No Failure
6446,6447,M21306,300.7,310.3,1471,40.2,59,No Failure
6447,6448,L53627,300.6,310.1,1337,45.8,62,No Failure
6448,6449,H35862,300.7,310.2,1877,24.8,64,No Failure
6449,6450,L53629,300.6,310.2,1519,44.6,69,No Failure
6450,6451,L53630,300.6,310.2,1378,47.3,71,No Failure
6451,6452,L53631,300.7,310.2,1696,27.5,73,No Failure
6452,6453,L53632,300.7,310.1,1376,50.8,75,No Failure
6453,6454,L53633,300.7,310.2,1807,24.2,77,No Failure
6454,6455,L53634,300.7,310.1,1598,32.8,79,No Failure
6455,6456,L53635,300.7,310.1,1565,40.2,81,No Failure
6456,6457,L53636,300.7,310.2,1387,50.6,83,No Failure
6457,6458,L53637,300.7,310.0,1395,48.0,85,No Failure
6458,6459,M21318,300.6,310.0,1302,62.9,87,No Failure
6459,6460,M21319,300.6,310.0,1397,55.2,90,No Failure
6460,6461,L53640,300.6,310.0,1313,52.9,93,No Failure
6461,6462,L53641,300.6,310.0,1505,35.9,95,No Failure
6462,6463,H35876,300.6,310.0,1483,44.0,97,No Failure
6463,6464,H35877,300.5,310.0,1358,60.4,102,No Failure
6464,6465,M21324,300.5,309.9,1735,27.0,107,No Failure
6465,6466,M21325,300.5,309.8,1416,48.5,110,No Failure
6466,6467,L53646,300.4,309.7,1740,31.1,113,No Failure
6467,6468,L53647,300.4,309.7,1692,27.4,115,No Failure
6468,6469,L53648,300.5,309.8,1507,42.5,117,No Failure
6469,6470,M21329,300.4,309.6,1521,35.0,119,No Failure
6470,6471,L53650,300.4,309.6,1379,54.5,122,No Failure
6471,6472,L53651,300.4,309.6,1523,38.5,124,No Failure
6472,6473,H35886,300.4,309.6,1571,33.6,126,No Failure
6473,6474,H35887,300.4,309.5,1547,50.7,131,No Failure
6474,6475,M21334,300.5,309.7,1347,54.3,136,No Failure
6475,6476,L53655,300.5,309.7,1560,30.2,139,No Failure
6476,6477,L53656,300.5,309.7,1384,48.6,141,No Failure
6477,6478,L53657,300.5,309.7,1841,24.6,143,No Failure
6478,6479,L53658,300.5,309.8,1663,29.1,145,No Failure
6479,6480,L53659,300.6,309.8,1418,42.7,147,No Failure
6480,6481,L53660,300.7,309.9,1775,26.6,149,No Failure
6481,6482,L53661,300.7,309.8,1406,48.4,151,No Failure
6482,6483,L53662,300.6,309.9,1480,43.7,153,No Failure
6483,6484,L53663,300.7,309.9,1412,45.3,155,No Failure
6484,6485,H35898,300.6,309.8,1913,22.5,157,No Failure
6485,6486,L53665,300.6,309.8,1629,37.6,162,No Failure
6486,6487,L53666,300.5,309.8,1939,21.4,164,No Failure
6487,6488,H35901,300.6,309.8,1541,36.2,166,No Failure
6488,6489,L53668,300.7,309.8,1330,54.4,171,No Failure
6489,6490,M21349,300.7,309.8,1490,38.8,173,No Failure
6490,6491,L53670,300.7,309.9,1383,44.5,176,No Failure
6491,6492,L53671,300.8,310.0,1468,52.7,178,No Failure
6492,6493,M21352,300.8,309.9,1444,46.0,180,No Failure
6493,6494,L53673,300.7,309.8,1363,53.1,183,No Failure
6494,6495,L53674,300.6,309.7,1617,33.2,185,No Failure
6495,6496,M21355,300.6,309.8,1694,31.1,187,No Failure
6496,6497,L53676,300.7,309.9,1815,27.0,190,No Failure
6497,6498,L53677,300.8,309.9,1312,65.3,192,Overstrain Failure
6498,6499,H35912,300.8,309.9,2041,19.2,194,No Failure
6499,6500,L53679,300.9,310.0,1671,26.8,199,No Failure
6500,6501,M21360,300.9,310.0,1416,46.6,201,No Failure
6501,6502,M21361,300.9,310.0,1600,36.0,204,No Failure
6502,6503,L53682,300.9,310.0,2595,13.7,207,No Failure
6503,6504,M21363,300.9,309.9,1465,42.9,209,No Failure
6504,6505,M21364,301.0,310.1,1681,27.4,212,No Failure
6505,6506,L53685,301.1,310.1,1457,39.6,215,No Failure
6506,6507,H35920,301.0,310.1,1454,44.1,217,No Failure
6507,6508,L53687,301.0,310.1,1558,32.6,0,No Failure
6508,6509,H35922,301.0,310.1,1756,30.7,2,No Failure
6509,6510,L53689,301.1,310.1,1564,36.8,7,No Failure
6510,6511,L53690,301.1,310.2,1455,55.3,9,No Failure
6511,6512,M21371,301.2,310.1,2280,15.7,11,No Failure
6512,6513,M21372,301.1,310.0,1433,48.1,14,No Failure
6513,6514,L53693,301.1,310.0,1513,38.0,17,No Failure
6514,6515,L53694,301.0,309.9,1507,41.8,19,No Failure
6515,6516,L53695,301.0,310.0,1480,43.5,21,No Failure
6516,6517,H35930,301.1,310.0,1470,40.1,23,No Failure
6517,6518,L53697,301.1,310.1,1540,36.6,28,No Failure
6518,6519,H35932,301.0,310.0,1212,67.9,30,No Failure
6519,6520,L53699,301.1,310.1,1417,46.9,35,No Failure
6520,6521,M21380,301.2,310.1,1666,34.9,37,No Failure
6521,6522,L53701,301.1,310.1,1666,27.2,40,No Failure
6522,6523,L53702,301.1,310.1,1489,45.8,42,No Failure
6523,6524,M21383,301.1,310.2,1850,27.7,44,No Failure
6524,6525,L53704,301.1,310.4,1874,24.8,47,No Failure
6525,6526,L53705,301.1,310.4,1312,73.6,49,Power Failure
6526,6527,L53706,301.2,310.4,1515,38.4,51,No Failure
6527,6528,L53707,301.2,310.4,1516,44.4,53,No Failure
6528,6529,L53708,301.2,310.5,1546,40.0,55,No Failure
6529,6530,L53709,301.3,310.6,1481,40.9,57,No Failure
6530,6531,H35944,301.3,310.6,1605,32.5,59,No Failure
6531,6532,H35945,301.2,310.7,1656,26.2,64,No Failure
6532,6533,H35946,301.2,310.6,1352,52.0,69,No Failure
6533,6534,L53713,301.3,310.7,1504,47.2,74,No Failure
6534,6535,L53714,301.3,310.6,1436,44.2,76,No Failure
6535,6536,H35949,301.2,310.5,1505,43.6,78,No Failure
6536,6537,L53716,301.3,310.5,1406,47.1,83,No Failure
6537,6538,M21397,301.3,310.5,1481,39.7,85,No Failure
6538,6539,L53718,301.4,310.7,1487,44.6,88,No Failure
6539,6540,L53719,301.4,310.7,1436,54.1,90,No Failure
6540,6541,M21400,301.4,310.7,1368,63.7,92,Power Failure
6541,6542,L53721,301.4,310.7,1509,38.3,95,No Failure
6542,6543,L53722,301.4,310.8,1543,36.9,97,No Failure
6543,6544,L53723,301.4,310.8,1698,29.6,99,No Failure
6544,6545,M21404,301.4,310.7,1470,46.5,101,No Failure
6545,6546,M21405,301.4,310.8,1738,30.3,104,No Failure
6546,6547,M21406,301.4,310.8,1530,39.9,107,No Failure
6547,6548,L53727,301.4,310.8,1740,29.2,110,No Failure
6548,6549,L53728,301.4,310.8,1770,24.1,112,No Failure
6549,6550,H35963,301.3,310.6,1527,44.0,114,No Failure
6550,6551,L53730,301.3,310.7,1516,46.0,119,No Failure
6551,6552,L53731,301.4,310.7,1616,36.5,121,No Failure
6552,6553,L53732,301.4,310.7,1786,26.1,123,No Failure
6553,6554,L53733,301.4,310.8,1389,52.7,125,No Failure
6554,6555,M21414,301.4,310.7,1639,29.8,127,No Failure
6555,6556,H35969,301.5,310.7,1394,46.7,130,No Failure
6556,6557,L53736,301.5,310.7,1686,27.9,135,No Failure
6557,6558,M21417,301.5,310.6,1638,31.9,137,No Failure
6558,6559,M21418,301.5,310.6,1447,41.9,140,No Failure
6559,6560,H35973,301.5,310.6,1512,39.0,143,No Failure
6560,6561,L53740,301.6,310.8,1961,21.8,148,No Failure
6561,6562,L53741,301.5,310.7,1596,35.4,150,No Failure
6562,6563,M21422,301.5,310.7,1871,21.3,152,No Failure
6563,6564,L53743,301.5,310.7,1942,20.5,155,No Failure
6564,6565,L53744,301.4,310.6,1557,38.2,157,No Failure
6565,6566,L53745,301.4,310.6,1550,36.8,159,No Failure
6566,6567,L53746,301.3,310.6,1966,22.6,161,No Failure
6567,6568,M21427,301.3,310.6,1499,36.1,163,No Failure
6568,6569,L53748,301.3,310.6,1521,36.3,166,No Failure
6569,6570,M21429,301.4,310.7,1375,42.0,168,No Failure
6570,6571,L53750,301.4,310.6,1634,31.1,171,No Failure
6571,6572,M21431,301.3,310.6,1378,49.4,173,No Failure
6572,6573,L53752,301.4,310.7,1428,53.7,176,No Failure
6573,6574,M21433,301.4,310.6,1855,25.3,178,No Failure
6574,6575,L53754,301.4,310.6,1578,33.0,181,No Failure
6575,6576,M21435,301.4,310.5,1451,45.3,183,No Failure
6576,6577,L53756,301.5,310.5,1644,34.9,186,No Failure
6577,6578,L53757,301.4,310.4,1388,45.3,188,No Failure
6578,6579,L53758,301.4,310.4,1543,40.9,190,No Failure
6579,6580,L53759,301.3,310.4,1501,41.6,192,No Failure
6580,6581,L53760,301.3,310.4,1507,39.1,194,No Failure
6581,6582,L53761,301.4,310.4,1559,36.0,196,No Failure
6582,6583,L53762,301.5,310.5,1528,35.7,198,No Failure
6583,6584,M21443,301.5,310.5,1503,38.2,200,No Failure
6584,6585,L53764,301.5,310.5,1372,44.0,203,No Failure
6585,6586,M21445,301.5,310.5,1600,32.8,205,No Failure
6586,6587,L53766,301.5,310.6,1453,44.0,208,No Failure
6587,6588,M21447,301.6,310.7,1813,24.6,210,No Failure
6588,6589,L53768,301.6,310.7,1457,40.4,213,No Failure
6589,6590,M21449,301.6,310.6,1553,38.9,0,No Failure
6590,6591,L53770,301.7,310.7,1763,25.9,3,No Failure
6591,6592,L53771,301.7,310.7,2023,20.9,5,No Failure
6592,6593,M21452,301.6,310.7,1457,47.8,7,No Failure
6593,6594,L53773,301.6,310.7,1679,29.5,10,No Failure
6594,6595,L53774,301.6,310.6,2103,19.7,12,No Failure
6595,6596,M21455,301.5,310.7,1460,38.6,14,No Failure
6596,6597,M21456,301.5,310.7,1454,39.4,17,No Failure
6597,6598,L53777,301.5,310.6,1481,46.8,20,No Failure
6598,6599,L53778,301.5,310.7,1424,51.1,22,No Failure
6599,6600,L53779,301.6,310.7,1494,39.5,24,No Failure
6600,6601,M21460,301.5,310.6,1424,47.0,26,No Failure
6601,6602,M21461,301.5,310.7,1347,47.9,29,No Failure
6602,6603,L53782,301.5,310.6,1374,46.7,32,No Failure
6603,6604,M21463,301.5,310.6,1403,47.4,34,No Failure
6604,6605,M21464,301.5,310.6,1573,37.4,37,No Failure
6605,6606,M21465,301.6,310.6,1691,30.1,40,No Failure
6606,6607,H36020,301.5,310.5,1538,44.3,43,No Failure
6607,6608,L53787,301.5,310.5,1556,39.1,48,No Failure
6608,6609,M21468,301.5,310.4,1593,36.8,50,No Failure
6609,6610,L53789,301.5,310.4,1474,39.9,53,No Failure
6610,6611,L53790,301.5,310.4,1543,34.0,55,No Failure
6611,6612,H36025,301.5,310.5,1587,33.8,57,No Failure
6612,6613,L53792,301.6,310.6,1222,70.0,62,No Failure
6613,6614,L53793,301.7,310.6,1513,41.1,64,No Failure
6614,6615,L53794,301.7,310.6,1660,28.7,66,No Failure
6615,6616,L53795,301.7,310.6,1545,42.1,68,No Failure
6616,6617,M21476,301.7,310.6,1380,45.8,70,No Failure
6617,6618,L53797,301.6,310.6,1321,60.8,73,No Failure
6618,6619,M21478,301.6,310.6,1309,65.8,75,Power Failure
6619,6620,M21479,301.7,310.7,1627,31.3,78,No Failure
6620,6621,M21480,301.6,310.7,1791,23.8,81,No Failure
6621,6622,M21481,301.7,310.7,1861,21.8,84,No Failure
6622,6623,L53802,301.7,310.7,1493,51.1,87,No Failure
6623,6624,M21483,301.7,310.7,1442,41.1,89,No Failure
6624,6625,L53804,301.7,310.7,1532,39.8,92,No Failure
6625,6626,M21485,301.6,310.7,1421,44.4,94,No Failure
6626,6627,L53806,301.6,310.6,1613,42.5,97,No Failure
6627,6628,M21487,301.7,310.6,1876,22.1,99,No Failure
6628,6629,L53808,301.6,310.5,1593,34.5,102,No Failure
6629,6630,L53809,301.6,310.5,1397,49.4,104,No Failure
6630,6631,M21490,301.6,310.5,1414,49.3,106,No Failure
6631,6632,M21491,301.5,310.4,1378,55.3,109,No Failure
6632,6633,L53812,301.4,310.4,1301,51.2,112,No Failure
6633,6634,M21493,301.5,310.5,1737,29.3,114,No Failure
6634,6635,L53814,301.5,310.5,1396,44.5,117,No Failure
6635,6636,L53815,301.5,310.5,1534,39.3,119,No Failure
6636,6637,M21496,301.5,310.5,1774,25.5,121,No Failure
6637,6638,H36051,301.5,310.5,1453,48.0,124,No Failure
6638,6639,L53818,301.5,310.5,1453,44.2,129,No Failure
6639,6640,L53819,301.4,310.5,1380,48.4,131,No Failure
6640,6641,L53820,301.4,310.4,1334,43.2,133,No Failure
6641,6642,L53821,301.5,310.5,1702,28.7,135,No Failure
6642,6643,L53822,301.6,310.6,1431,37.5,137,No Failure
6643,6644,M21503,301.5,310.5,1308,60.5,139,No Failure
6644,6645,L53824,301.5,310.6,1565,43.9,142,No Failure
6645,6646,M21505,301.5,310.4,1486,39.6,144,No Failure
6646,6647,L53826,301.5,310.5,1479,34.2,147,No Failure
6647,6648,L53827,301.5,310.5,1927,22.4,149,No Failure
6648,6649,L53828,301.5,310.4,1488,41.1,151,No Failure
6649,6650,M21509,301.5,310.4,1350,54.9,153,No Failure
6650,6651,L53830,301.6,310.4,1561,35.3,156,No Failure
6651,6652,M21511,301.5,310.4,1276,55.6,158,No Failure
6652,6653,H36066,301.5,310.4,1580,35.7,161,No Failure
6653,6654,M21513,301.4,310.3,1610,29.1,166,No Failure
6654,6655,L53834,301.4,310.3,2203,16.6,169,No Failure
6655,6656,L53835,301.4,310.3,1639,32.7,171,No Failure
6656,6657,M21516,301.4,310.4,1553,44.7,173,No Failure
6657,6658,L53837,301.4,310.3,1374,47.6,176,No Failure
6658,6659,L53838,301.4,310.4,1430,50.9,178,No Failure
6659,6660,L53839,301.3,310.3,1626,31.3,180,No Failure
6660,6661,H36074,301.4,310.5,1421,43.8,182,No Failure
6661,6662,M21521,301.3,310.4,1501,39.8,187,No Failure
6662,6663,M21522,301.3,310.4,2093,18.7,190,No Failure
6663,6664,L53843,301.3,310.4,1504,47.2,193,No Failure
6664,6665,L53844,301.3,310.4,1538,38.4,195,No Failure
6665,6666,L53845,301.3,310.4,1440,41.5,197,No Failure
6666,6667,L53846,301.3,310.4,1414,51.4,199,No Failure
6667,6668,H36081,301.4,310.5,1536,39.9,201,No Failure
6668,6669,L53848,301.4,310.5,1476,39.2,206,No Failure
6669,6670,L53849,301.4,310.5,1571,33.9,208,No Failure
6670,6671,L53850,301.5,310.6,1998,20.2,210,No Failure
6671,6672,L53851,301.5,310.6,1357,42.1,212,No Failure
6672,6673,L53852,301.6,310.7,1424,50.5,214,No Failure
6673,6674,L53853,301.6,310.7,1380,51.8,216,Overstrain Failure
6674,6675,L53854,301.5,310.7,1618,35.5,218,No Failure
6675,6676,L53855,301.5,310.6,1579,28.0,220,No Failure
6676,6677,L53856,301.5,310.7,1423,44.0,222,No Failure
6677,6678,L53857,301.5,310.7,1435,38.5,224,No Failure
6678,6679,M21538,301.5,310.7,1336,65.6,0,Power Failure
6679,6680,L53859,301.6,310.8,1392,42.4,3,No Failure
6680,6681,L53860,301.5,310.8,1417,49.7,5,No Failure
6681,6682,L53861,301.4,310.7,1425,45.1,7,No Failure
6682,6683,L53862,301.5,310.8,1512,38.9,9,No Failure
6683,6684,L53863,301.5,310.9,1318,50.6,11,No Failure
6684,6685,L53864,301.6,310.9,1538,40.4,13,No Failure
6685,6686,L53865,301.6,310.9,1532,43.6,15,No Failure
6686,6687,L53866,301.7,311.0,1715,24.8,17,No Failure
6687,6688,L53867,301.7,311.0,1700,28.7,19,No Failure
6688,6689,L53868,301.7,311.0,1548,40.3,21,No Failure
6689,6690,L53869,301.7,311.0,1546,43.0,23,No Failure
6690,6691,L53870,301.7,311.0,1343,49.2,25,No Failure
6691,6692,M21551,301.7,311.0,1510,47.8,27,No Failure
6692,6693,M21552,301.8,311.0,1839,23.6,30,No Failure
6693,6694,M21553,301.8,311.0,1756,26.7,33,No Failure
6694,6695,M21554,301.7,310.9,1300,62.7,36,No Failure
6695,6696,M21555,301.7,311.0,1311,55.8,39,No Failure
6696,6697,L53876,301.7,310.9,1636,31.3,42,No Failure
6697,6698,L53877,301.6,310.9,1643,34.1,44,No Failure
6698,6699,L53878,301.6,310.8,1418,44.7,46,No Failure
6699,6700,M21559,301.7,310.8,1516,40.4,48,No Failure
6700,6701,H36114,301.6,310.9,1419,50.2,51,No Failure
6701,6702,L53881,301.6,310.9,1623,34.1,56,No Failure
6702,6703,M21562,301.6,310.8,1664,32.0,58,No Failure
6703,6704,M21563,301.5,310.7,1744,28.2,61,No Failure
6704,6705,M21564,301.5,310.7,1510,36.0,64,No Failure
6705,6706,M21565,301.5,310.6,1382,58.1,67,No Failure
6706,6707,L53886,301.4,310.6,1381,46.1,70,No Failure
6707,6708,L53887,301.3,310.6,1556,39.0,72,No Failure
6708,6709,M21568,301.4,310.6,1464,37.4,74,No Failure
6709,6710,L53889,301.4,310.6,1481,37.6,77,No Failure
6710,6711,L53890,301.5,310.7,1323,49.7,79,No Failure
6711,6712,L53891,301.5,310.7,1426,46.1,81,No Failure
6712,6713,H36126,301.4,310.7,1516,36.4,83,No Failure
6713,6714,L53893,301.3,310.6,1416,45.2,88,No Failure
6714,6715,L53894,301.3,310.6,1440,53.8,90,No Failure
6715,6716,L53895,301.3,310.6,1576,30.4,92,No Failure
6716,6717,L53896,301.3,310.6,1387,53.6,94,No Failure
6717,6718,M21577,301.4,310.6,1464,48.6,96,No Failure
6718,6719,L53898,301.4,310.6,2137,18.0,99,No Failure
6719,6720,M21579,301.4,310.6,1431,40.6,101,No Failure
6720,6721,L53900,301.3,310.6,1458,48.0,104,No Failure
6721,6722,L53901,301.4,310.7,1280,61.0,106,No Failure
6722,6723,L53902,301.4,310.7,1657,28.7,108,No Failure
6723,6724,M21583,301.4,310.6,1565,36.1,110,No Failure
6724,6725,L53904,301.3,310.6,1560,36.8,113,No Failure
6725,6726,M21585,301.5,310.7,1359,47.1,115,No Failure
6726,6727,L53906,301.5,310.8,1500,41.0,118,No Failure
6727,6728,L53907,301.5,310.8,1785,25.5,120,No Failure
6728,6729,L53908,301.5,310.9,1891,23.2,122,No Failure
6729,6730,H36143,301.5,310.9,1524,40.4,124,No Failure
6730,6731,M21590,301.6,311.0,1431,42.3,129,No Failure
6731,6732,L53911,301.6,310.9,1385,51.2,132,No Failure
6732,6733,L53912,301.7,311.0,1503,44.8,134,No Failure
6733,6734,M21593,301.7,311.0,1311,46.8,136,No Failure
6734,6735,M21594,301.6,310.9,1575,40.1,139,No Failure
6735,6736,L53915,301.6,311.0,1485,40.1,142,No Failure
6736,6737,L53916,301.7,311.0,1527,42.2,144,No Failure
6737,6738,M21597,301.7,311.0,1537,33.5,146,No Failure
6738,6739,H36152,301.8,311.1,1463,50.1,149,No Failure
6739,6740,L53919,301.7,311.2,1482,43.6,154,No Failure
6740,6741,L53920,301.8,311.2,1417,55.9,156,No Failure
6741,6742,M21601,301.7,311.1,1506,39.5,158,No Failure
6742,6743,H36156,301.7,311.2,1639,30.0,161,No Failure
6743,6744,L53923,301.7,311.2,1418,38.0,166,No Failure
6744,6745,M21604,301.7,311.0,1298,58.1,168,No Failure
6745,6746,M21605,301.8,311.1,1395,44.6,171,No Failure
6746,6747,M21606,301.7,311.1,1578,40.5,174,No Failure
6747,6748,M21607,301.8,311.1,1597,29.8,177,No Failure
6748,6749,H36162,301.7,311.0,2016,19.3,180,No Failure
6749,6750,L53929,301.7,311.0,1585,35.9,185,No Failure
6750,6751,M21610,301.7,311.0,1505,44.0,187,No Failure
6751,6752,M21611,301.7,311.0,1505,37.1,190,No Failure
6752,6753,L53932,301.6,310.9,1706,29.5,193,No Failure
6753,6754,L53933,301.6,310.9,1385,50.7,195,No Failure
6754,6755,L53934,301.8,311.1,1495,36.9,197,No Failure
6755,6756,M21615,301.8,311.1,1663,31.6,199,No Failure
6756,6757,L53936,301.8,311.2,1840,26.6,202,No Failure
6757,6758,L53937,301.8,311.2,1822,26.2,204,No Failure
6758,6759,L53938,301.7,311.1,1644,32.8,206,No Failure
6759,6760,L53939,301.7,311.0,1441,44.3,208,Tool Wear Failure
6760,6761,L53940,301.5,310.9,1451,40.6,0,No Failure
6761,6762,L53941,301.5,310.9,1400,50.8,2,No Failure
6762,6763,L53942,301.4,310.8,1362,53.2,4,No Failure
6763,6764,M21623,301.4,310.8,1782,26.5,6,No Failure
6764,6765,L53944,301.4,310.9,1536,38.3,9,No Failure
6765,6766,L53945,301.5,310.9,1580,32.3,11,No Failure
6766,6767,M21626,301.4,311.0,1427,43.2,13,No Failure
6767,6768,L53947,301.3,310.9,1509,41.7,16,No Failure
6768,6769,H36182,301.3,310.8,1434,39.5,18,No Failure
6769,6770,L53949,301.2,310.8,1392,52.6,23,No Failure
6770,6771,M21630,301.3,310.8,1509,40.1,25,No Failure
6771,6772,M21631,301.2,310.7,1962,22.5,28,No Failure
6772,6773,L53952,301.3,310.7,1536,39.3,31,No Failure
6773,6774,L53953,301.3,310.8,1381,47.9,33,No Failure
6774,6775,H36188,301.2,310.7,1747,27.3,35,No Failure
6775,6776,L53955,301.2,310.6,1670,30.0,40,No Failure
6776,6777,L53956,301.3,310.6,1451,47.5,42,No Failure
6777,6778,L53957,301.2,310.7,1951,21.3,44,No Failure
6778,6779,M21638,301.3,310.7,1819,25.5,46,No Failure
6779,6780,M21639,301.3,310.8,1372,54.2,49,No Failure
6780,6781,L53960,301.3,310.8,1560,38.5,52,No Failure
6781,6782,M21641,301.3,310.8,1494,35.3,54,No Failure
6782,6783,L53962,301.3,310.8,1531,53.4,57,No Failure
6783,6784,L53963,301.3,310.8,1450,46.9,59,No Failure
6784,6785,M21644,301.3,310.7,1391,52.5,61,No Failure
6785,6786,L53965,301.2,310.6,1389,45.3,64,No Failure
6786,6787,L53966,301.2,310.6,1409,50.9,66,No Failure
6787,6788,H36201,301.1,310.6,1388,58.5,68,No Failure
6788,6789,M21648,301.1,310.6,1410,43.9,73,No Failure
6789,6790,M21649,301.1,310.5,1646,30.7,76,No Failure
6790,6791,M21650,301.1,310.7,2219,16.7,79,No Failure
6791,6792,L53971,301.2,310.7,1551,41.2,82,No Failure
6792,6793,L53972,301.2,310.6,1811,24.0,84,No Failure
6793,6794,L53973,301.3,310.7,1608,31.4,86,No Failure
6794,6795,L53974,301.3,310.8,1428,55.2,88,No Failure
6795,6796,L53975,301.4,310.8,1477,50.4,90,No Failure
6796,6797,M21656,301.3,310.7,1300,58.3,92,No Failure
6797,6798,M21657,301.2,310.7,1615,34.9,95,No Failure
6798,6799,L53978,301.2,310.7,1676,32.4,98,No Failure
6799,6800,M21659,301.1,310.7,2636,12.2,100,Power Failure
6800,6801,M21660,301.1,310.6,1310,48.8,103,No Failure
6801,6802,L53981,301.1,310.7,1334,48.2,106,No Failure
6802,6803,M21662,301.1,310.7,1621,31.0,108,No Failure
6803,6804,M21663,301.1,310.7,1367,43.4,111,No Failure
6804,6805,L53984,301.0,310.6,1588,33.7,114,No Failure
6805,6806,M21665,301.0,310.7,1497,37.6,116,No Failure
6806,6807,L53986,301.1,310.8,1608,32.9,119,No Failure
6807,6808,L53987,301.0,310.8,1549,41.4,121,No Failure
6808,6809,L53988,301.0,310.7,1391,45.0,123,No Failure
6809,6810,L53989,300.9,310.8,1490,38.1,125,No Failure
6810,6811,L53990,301.0,310.7,1727,34.5,127,No Failure
6811,6812,L53991,300.9,310.6,1504,46.4,129,No Failure
6812,6813,L53992,300.9,310.6,1350,53.8,131,No Failure
6813,6814,M21673,300.9,310.7,1420,43.0,133,No Failure
6814,6815,H36228,300.8,310.6,1465,44.1,136,No Failure
6815,6816,L53995,300.9,310.7,1427,44.1,141,No Failure
6816,6817,L53996,300.9,310.7,1477,43.2,143,No Failure
6817,6818,M21677,301.0,310.7,1493,48.1,145,No Failure
6818,6819,M21678,301.0,310.7,1657,29.9,148,No Failure
6819,6820,L53999,300.9,310.7,1359,46.0,151,No Failure
6820,6821,L54000,300.8,310.6,1551,34.5,153,No Failure
6821,6822,M21681,300.8,310.6,1545,37.5,155,No Failure
6822,6823,M21682,300.9,310.6,1709,29.2,158,No Failure
6823,6824,M21683,300.9,310.7,1268,56.3,161,No Failure
6824,6825,L54004,300.9,310.7,1740,25.3,164,No Failure
6825,6826,L54005,301.0,310.9,1828,25.1,166,No Failure
6826,6827,L54006,301.0,310.9,1822,21.6,168,No Failure
6827,6828,M21687,301.0,310.9,1515,41.8,170,No Failure
6828,6829,L54008,301.0,310.9,1392,52.9,173,No Failure
6829,6830,H36243,300.9,310.9,1474,35.7,175,No Failure
6830,6831,M21690,301.0,310.9,1359,53.4,180,No Failure
6831,6832,L54011,301.1,311.0,1565,52.3,183,No Failure
6832,6833,M21692,301.1,311.1,1384,42.5,185,No Failure
6833,6834,L54013,301.1,311.1,1387,53.1,188,No Failure
6834,6835,L54014,301.1,311.0,1378,51.1,190,No Failure
6835,6836,L54015,301.0,310.9,1809,25.7,192,No Failure
6836,6837,H36250,301.1,311.0,1339,52.8,194,No Failure
6837,6838,M21697,301.0,311.0,1423,38.6,199,No Failure
6838,6839,L54018,301.1,311.1,1570,41.6,202,No Failure
6839,6840,L54019,301.2,311.2,1558,34.1,204,No Failure
6840,6841,L54020,301.1,311.1,1799,21.7,206,No Failure
6841,6842,M21701,301.1,311.2,1591,35.0,208,No Failure
6842,6843,L54022,301.2,311.2,1635,29.6,211,No Failure
6843,6844,L54023,301.3,311.3,1509,42.5,213,No Failure
6844,6845,M21704,301.3,311.4,1838,23.2,215,No Failure
6845,6846,M21705,301.3,311.5,1648,32.4,0,No Failure
6846,6847,M21706,301.2,311.5,1498,49.5,3,No Failure
6847,6848,L54027,301.2,311.4,1757,28.0,6,No Failure
6848,6849,M21708,301.1,311.3,1389,53.3,8,No Failure
6849,6850,L54029,301.1,311.3,1498,37.6,11,No Failure
6850,6851,M21710,301.0,311.2,1521,35.8,13,No Failure
6851,6852,M21711,301.0,311.2,1394,41.3,16,No Failure
6852,6853,H36266,301.0,311.2,1602,32.7,19,No Failure
6853,6854,L54033,300.9,311.1,1417,40.7,24,No Failure
6854,6855,L54034,301.0,311.2,1511,42.9,26,No Failure
6855,6856,M21715,301.1,311.3,1654,30.7,28,No Failure
6856,6857,M21716,301.1,311.3,1836,22.8,31,No Failure
6857,6858,L54037,301.1,311.3,1622,35.6,34,No Failure
6858,6859,L54038,301.0,311.2,1467,45.4,36,No Failure
6859,6860,M21719,301.1,311.3,1909,22.7,38,No Failure
6860,6861,L54040,301.1,311.2,1910,20.2,41,No Failure
6861,6862,H36275,301.1,311.3,2207,16.6,43,No Failure
6862,6863,M21722,301.1,311.2,1384,49.4,48,No Failure
6863,6864,L54043,301.1,311.3,1630,29.5,51,No Failure
6864,6865,L54044,301.1,311.3,1268,60.0,53,No Failure
6865,6866,L54045,301.1,311.4,1531,38.7,55,No Failure
6866,6867,M21726,301.0,311.3,1454,41.5,57,No Failure
6867,6868,L54047,301.0,311.3,1342,50.9,60,No Failure
6868,6869,L54048,301.0,311.2,1363,46.3,62,No Failure
6869,6870,L54049,301.0,311.2,1412,42.1,64,No Failure
6870,6871,H36284,301.0,311.3,1597,39.2,66,No Failure
6871,6872,L54051,301.0,311.3,1349,47.0,71,No Failure
6872,6873,L54052,301.0,311.3,1472,35.3,73,No Failure
6873,6874,L54053,301.0,311.4,1478,39.5,75,No Failure
6874,6875,H36288,300.9,311.3,1295,58.9,77,No Failure
6875,6876,M21735,300.8,311.2,1592,32.9,82,No Failure
6876,6877,L54056,300.8,311.2,1430,54.4,85,No Failure
6877,6878,M21737,300.8,311.2,1488,40.1,87,No Failure
6878,6879,H36292,300.9,311.2,1518,35.0,90,No Failure
6879,6880,H36293,300.8,311.2,2237,17.0,95,No Failure
6880,6881,M21740,300.9,311.3,1801,24.6,100,No Failure
6881,6882,L54061,301.0,311.4,1573,37.6,103,No Failure
6882,6883,L54062,300.9,311.4,2073,21.4,105,No Failure
6883,6884,L54063,300.9,311.3,1953,19.4,107,No Failure
6884,6885,L54064,300.8,311.2,1492,39.0,109,No Failure
6885,6886,L54065,300.8,311.2,1397,48.7,111,No Failure
6886,6887,M21746,300.8,311.3,1465,43.2,113,No Failure
6887,6888,L54067,300.8,311.3,1782,26.9,116,No Failure
6888,6889,M21748,300.9,311.4,1434,45.4,118,No Failure
6889,6890,H36303,300.9,311.4,1387,42.7,121,No Failure
6890,6891,M21750,300.9,311.4,1532,41.5,126,No Failure
6891,6892,L54071,300.9,311.5,1505,41.1,129,No Failure
6892,6893,L54072,301.0,311.6,1440,43.3,131,No Failure
6893,6894,L54073,301.0,311.6,1470,43.4,133,No Failure
6894,6895,L54074,301.1,311.7,1408,46.3,135,No Failure
6895,6896,M21755,301.0,311.6,1357,45.6,137,No Failure
6896,6897,M21756,301.0,311.6,1454,40.0,140,No Failure
6897,6898,L54077,301.0,311.6,1352,63.5,143,No Failure
6898,6899,M21758,301.0,311.6,1448,43.9,145,No Failure
6899,6900,L54079,300.9,311.6,1671,33.5,148,No Failure
6900,6901,L54080,301.0,311.7,1670,31.3,150,No Failure
6901,6902,L54081,301.0,311.7,1547,34.5,152,No Failure
6902,6903,L54082,301.0,311.6,1461,40.6,154,No Failure
6903,6904,M21763,301.0,311.6,1609,35.8,156,No Failure
6904,6905,M21764,300.9,311.5,1704,31.3,159,No Failure
6905,6906,M21765,301.0,311.5,1550,34.9,162,No Failure
6906,6907,M21766,301.0,311.5,1530,43.9,165,No Failure
6907,6908,L54087,300.9,311.3,1449,40.2,168,No Failure
6908,6909,L54088,300.9,311.3,1613,32.7,170,No Failure
6909,6910,L54089,300.8,311.2,1376,48.1,172,No Failure
6910,6911,L54090,300.8,311.2,1434,45.6,174,No Failure
6911,6912,L54091,300.8,311.1,1480,41.1,176,No Failure
6912,6913,M21772,300.8,311.2,1634,31.9,178,No Failure
6913,6914,L54093,300.8,311.2,1481,38.5,181,Random Failures
6914,6915,H36328,300.9,311.3,1668,28.9,183,No Failure
6915,6916,L54095,301.0,311.4,1484,36.2,188,No Failure
6916,6917,M21776,300.9,311.3,1603,31.8,190,No Failure
6917,6918,L54097,301.0,311.4,1481,37.5,193,No Failure
6918,6919,L54098,301.0,311.5,1559,31.8,195,No Failure
6919,6920,L54099,301.0,311.5,1444,39.8,197,No Failure
6920,6921,M21780,301.2,311.6,1423,48.0,199,No Failure
6921,6922,L54101,301.1,311.6,1432,48.1,202,No Failure
6922,6923,L54102,301.2,311.7,1463,48.3,204,No Failure
6923,6924,L54103,301.2,311.7,1433,49.3,206,No Failure
6924,6925,L54104,301.2,311.6,1461,52.9,208,Overstrain Failure
6925,6926,M21785,301.1,311.6,1266,55.5,210,No Failure
6926,6927,H36340,301.1,311.6,1417,53.4,0,No Failure
6927,6928,L54107,301.1,311.6,1488,43.4,5,No Failure
6928,6929,L54108,301.1,311.7,1816,24.5,7,No Failure
6929,6930,M21789,301.0,311.6,1301,55.0,9,No Failure
6930,6931,M21790,300.9,311.5,1836,21.8,12,No Failure
6931,6932,M21791,300.8,311.4,1521,39.9,15,No Failure
6932,6933,L54112,300.8,311.4,1322,67.2,18,Power Failure
6933,6934,L54113,300.8,311.4,1492,40.6,20,No Failure
6934,6935,L54114,300.8,311.4,1536,40.9,22,No Failure
6935,6936,L54115,300.7,311.2,1878,24.3,24,No Failure
6936,6937,L54116,300.6,311.1,1471,40.7,26,No Failure
6937,6938,H36351,300.6,311.1,1452,40.2,28,No Failure
6938,6939,L54118,300.7,311.2,1452,44.4,33,No Failure
6939,6940,M21799,300.7,311.3,1348,53.0,35,No Failure
6940,6941,H36354,300.8,311.4,1453,44.6,38,No Failure
6941,6942,L54121,300.8,311.4,1316,57.6,43,No Failure
6942,6943,M21802,300.8,311.4,1732,26.9,45,No Failure
6943,6944,L54123,300.7,311.3,1522,35.2,48,No Failure
6944,6945,M21804,300.7,311.3,1487,39.8,50,No Failure
6945,6946,M21805,300.8,311.4,1852,22.2,53,No Failure
6946,6947,L54126,300.7,311.2,1486,46.8,56,No Failure
6947,6948,M21807,300.7,311.3,1562,37.1,58,No Failure
6948,6949,L54128,300.7,311.2,1457,51.4,61,No Failure
6949,6950,M21809,300.7,311.2,1769,26.5,63,No Failure
6950,6951,H36364,300.7,311.3,1374,53.1,66,No Failure
6951,6952,L54131,300.8,311.3,1524,43.5,71,No Failure
6952,6953,L54132,300.8,311.3,1498,40.2,73,No Failure
6953,6954,L54133,300.8,311.3,1462,41.4,75,No Failure
6954,6955,M21814,300.8,311.2,1429,52.3,77,No Failure
6955,6956,L54135,300.7,311.2,1399,47.9,80,No Failure
6956,6957,M21816,300.8,311.2,1434,39.1,82,No Failure
6957,6958,L54137,300.7,311.1,1324,52.2,85,No Failure
6958,6959,L54138,300.6,311.0,1563,40.7,87,No Failure
6959,6960,L54139,300.6,311.0,1543,34.7,89,No Failure
6960,6961,L54140,300.7,311.0,1413,52.0,91,Random Failures
6961,6962,M21821,300.7,311.0,1378,41.2,93,No Failure
6962,6963,M21822,300.7,311.1,1373,49.9,96,No Failure
6963,6964,H36377,300.7,311.0,1981,19.9,99,No Failure
6964,6965,M21824,300.7,311.0,1263,52.3,104,No Failure
6965,6966,L54145,300.7,311.0,1312,52.1,107,No Failure
6966,6967,L54146,300.7,311.0,1969,20.7,109,No Failure
6967,6968,M21827,300.8,311.2,1365,51.7,111,No Failure
6968,6969,L54148,300.9,311.2,1789,25.5,114,No Failure
6969,6970,M21829,300.8,311.1,1583,32.1,116,No Failure
6970,6971,L54150,300.7,311.0,1436,44.9,119,No Failure
6971,6972,M21831,300.7,311.0,1559,42.8,121,No Failure
6972,6973,L54152,300.7,311.0,1377,49.9,124,No Failure
6973,6974,L54153,300.7,311.0,1462,41.9,126,No Failure
6974,6975,L54154,300.7,311.0,1318,48.2,128,No Failure
6975,6976,M21835,300.7,311.0,1378,51.6,130,No Failure
6976,6977,L54156,300.6,310.9,1344,46.7,133,No Failure
6977,6978,L54157,300.7,311.1,2377,14.3,135,No Failure
6978,6979,L54158,300.7,311.1,1427,50.3,137,No Failure
6979,6980,L54159,300.9,311.2,1353,60.4,139,No Failure
6980,6981,L54160,300.8,311.3,1505,45.5,141,No Failure
6981,6982,H36395,300.8,311.2,1612,32.5,143,No Failure
6982,6983,L54162,300.7,311.1,1440,43.0,148,No Failure
6983,6984,M21843,300.7,311.0,1334,53.9,150,No Failure
6984,6985,M21844,300.7,311.0,1706,25.0,153,No Failure
6985,6986,H36399,300.8,311.1,1698,24.8,156,No Failure
6986,6987,L54166,300.7,311.1,1688,30.7,161,No Failure
6987,6988,L54167,300.7,311.1,2437,13.8,163,No Failure
6988,6989,L54168,300.7,311.1,1478,46.8,165,No Failure
6989,6990,M21849,300.7,311.1,1608,35.3,167,No Failure
6990,6991,L54170,300.7,311.1,2478,13.4,170,Power Failure
6991,6992,L54171,300.8,311.1,1509,33.4,172,No Failure
6992,6993,L54172,300.7,311.0,1596,36.9,174,No Failure
6993,6994,M21853,300.7,311.0,1740,25.6,176,No Failure
6994,6995,L54174,300.6,310.8,1375,53.2,179,No Failure
6995,6996,M21855,300.6,310.7,1705,31.2,181,No Failure
6996,6997,M21856,300.5,310.6,1621,32.0,184,No Failure
6997,6998,M21857,300.6,310.7,1566,38.2,187,No Failure
6998,6999,M21858,300.6,310.7,1388,42.9,190,No Failure
6999,7000,M21859,300.6,310.7,1457,36.7,193,No Failure
7000,7001,M21860,300.6,310.6,1463,45.5,196,No Failure
7001,7002,L54181,300.5,310.5,1564,38.2,199,No Failure
7002,7003,H36416,300.5,310.6,1411,47.2,201,No Failure
7003,7004,L54183,300.5,310.6,1540,46.7,206,No Failure
7004,7005,L54184,300.5,310.6,1950,20.3,208,No Failure
7005,7006,M21865,300.6,310.7,1339,52.9,0,No Failure
7006,7007,H36420,300.6,310.6,1419,39.6,3,No Failure
7007,7008,L54187,300.5,310.6,1499,45.2,8,No Failure
7008,7009,L54188,300.5,310.6,1368,49.6,10,No Failure
7009,7010,L54189,300.5,310.5,1536,36.2,12,No Failure
7010,7011,M21870,300.5,310.5,1469,42.9,14,No Failure
7011,7012,L54191,300.5,310.5,2633,12.2,17,Power Failure
7012,7013,L54192,300.4,310.4,1298,61.4,19,No Failure
7013,7014,M21873,300.4,310.4,1544,36.3,21,No Failure
7014,7015,H36428,300.5,310.5,1403,47.7,24,No Failure
7015,7016,L54195,300.5,310.5,1452,42.9,29,No Failure
7016,7017,L54196,300.6,310.5,1509,43.1,31,No Failure
7017,7018,M21877,300.7,310.6,1474,37.0,33,No Failure
7018,7019,M21878,300.7,310.7,1377,46.7,36,No Failure
7019,7020,L54199,300.8,310.8,1741,27.1,39,No Failure
7020,7021,L54200,300.8,310.8,1460,53.8,41,No Failure
7021,7022,H36435,300.7,310.6,1631,32.6,43,No Failure
7022,7023,L54202,300.7,310.5,1561,33.2,48,No Failure
7023,7024,M21883,300.7,310.6,1572,38.5,50,No Failure
7024,7025,L54204,300.6,310.6,2127,18.7,53,No Failure
7025,7026,H36439,300.6,310.6,1448,44.7,55,No Failure
7026,7027,L54206,300.6,310.7,1543,39.6,60,No Failure
7027,7028,L54207,300.6,310.6,1508,34.8,62,No Failure
7028,7029,M21888,300.6,310.6,1403,50.4,64,No Failure
7029,7030,L54209,300.6,310.6,1454,39.7,67,No Failure
7030,7031,L54210,300.7,310.8,1772,27.3,69,No Failure
7031,7032,L54211,300.7,310.8,1479,49.1,71,No Failure
7032,7033,L54212,300.7,310.9,1723,31.0,73,No Failure
7033,7034,M21893,300.7,310.8,1469,46.4,75,No Failure
7034,7035,H36448,300.6,310.6,1830,26.2,78,No Failure
7035,7036,L54215,300.6,310.6,1497,38.2,83,No Failure
7036,7037,L54216,300.7,310.6,1540,52.7,85,No Failure
7037,7038,L54217,300.6,310.6,1514,39.5,87,No Failure
7038,7039,L54218,300.7,310.6,1654,34.2,89,No Failure
7039,7040,H36453,300.6,310.5,1519,37.0,91,No Failure
7040,7041,L54220,300.7,310.6,1720,30.3,96,No Failure
7041,7042,L54221,300.6,310.5,1470,37.7,98,No Failure
7042,7043,L54222,300.6,310.5,1642,29.9,100,No Failure
7043,7044,M21903,300.7,310.6,2006,19.1,102,No Failure
7044,7045,M21904,300.7,310.6,1505,35.6,105,No Failure
7045,7046,M21905,300.7,310.6,1609,27.6,108,No Failure
7046,7047,M21906,300.7,310.5,1863,22.2,111,No Failure
7047,7048,L54227,300.6,310.4,1401,42.6,114,No Failure
7048,7049,L54228,300.6,310.4,2007,19.8,116,No Failure
7049,7050,L54229,300.6,310.4,1494,47.3,118,No Failure
7050,7051,L54230,300.6,310.4,1457,47.7,120,No Failure
7051,7052,L54231,300.6,310.4,1556,37.7,122,No Failure
7052,7053,H36466,300.6,310.4,1510,42.8,124,No Failure
7053,7054,H36467,300.7,310.5,1567,38.7,129,No Failure
7054,7055,H36468,300.7,310.5,1476,43.1,134,No Failure
7055,7056,L54235,300.8,310.6,1663,30.6,139,No Failure
7056,7057,M21916,300.8,310.5,1409,50.6,141,No Failure
7057,7058,L54237,300.8,310.6,1666,36.2,144,No Failure
7058,7059,L54238,300.7,310.6,1520,45.9,146,No Failure
7059,7060,L54239,300.6,310.5,1644,33.8,148,No Failure
7060,7061,H36474,300.6,310.4,1479,35.6,150,No Failure
7061,7062,L54241,300.6,310.4,1446,49.7,155,No Failure
7062,7063,M21922,300.6,310.4,1407,51.1,157,No Failure
7063,7064,L54243,300.7,310.4,1234,51.7,160,No Failure
7064,7065,M21924,300.8,310.5,1696,29.7,162,No Failure
7065,7066,L54245,300.8,310.6,1384,52.9,165,No Failure
7066,7067,M21926,300.8,310.7,1572,36.2,167,No Failure
7067,7068,M21927,300.8,310.7,1386,42.1,170,No Failure
7068,7069,L54248,300.8,310.7,1461,42.8,173,No Failure
7069,7070,L54249,300.8,310.7,1525,39.4,175,No Failure
7070,7071,L54250,300.7,310.7,1333,61.0,177,No Failure
7071,7072,H36485,300.7,310.6,1505,40.6,179,No Failure
7072,7073,M21932,300.7,310.6,1439,41.7,184,No Failure
7073,7074,L54253,300.7,310.6,1491,43.2,187,No Failure
7074,7075,M21934,300.7,310.6,1488,39.2,189,No Failure
7075,7076,L54255,300.7,310.5,1536,47.4,192,No Failure
7076,7077,L54256,300.7,310.5,1960,21.0,194,No Failure
7077,7078,M21937,300.7,310.5,1594,31.0,196,No Failure
7078,7079,L54258,300.7,310.5,1357,52.6,199,No Failure
7079,7080,L54259,300.7,310.5,1445,41.1,201,No Failure
7080,7081,L54260,300.7,310.4,1543,47.3,203,No Failure
7081,7082,L54261,300.7,310.4,1366,52.6,205,No Failure
7082,7083,L54262,300.7,310.3,1458,40.0,207,No Failure
7083,7084,L54263,300.7,310.4,1416,61.8,209,Power Failure
7084,7085,L54264,300.6,310.3,1794,24.4,211,No Failure
7085,7086,L54265,300.6,310.3,1484,41.0,213,No Failure
7086,7087,L54266,300.6,310.4,2514,13.4,215,No Failure
7087,7088,L54267,300.6,310.3,1648,30.5,217,Tool Wear Failure
7088,7089,M21948,300.6,310.3,1614,32.7,0,No Failure
7089,7090,L54269,300.6,310.2,1622,34.1,3,No Failure
7090,7091,M21950,300.6,310.2,1478,40.1,5,No Failure
7091,7092,L54271,300.6,310.2,1318,51.0,8,No Failure
7092,7093,L54272,300.7,310.2,1493,35.9,10,No Failure
7093,7094,H36507,300.7,310.3,1369,50.7,12,No Failure
7094,7095,L54274,300.6,310.2,1447,45.9,17,No Failure
7095,7096,L54275,300.6,310.1,1485,49.9,19,No Failure
7096,7097,L54276,300.6,310.2,1489,47.8,21,No Failure
7097,7098,M21957,300.6,310.2,1233,52.3,23,No Failure
7098,7099,L54278,300.7,310.2,1642,32.6,26,No Failure
7099,7100,M21959,300.7,310.2,1373,44.1,28,No Failure
7100,7101,L54280,300.7,310.2,1569,32.8,31,No Failure
7101,7102,L54281,300.8,310.2,1850,22.8,33,No Failure
7102,7103,M21962,300.8,310.3,1494,42.2,35,No Failure
7103,7104,H36517,300.8,310.3,1777,30.1,38,No Failure
7104,7105,L54284,300.9,310.4,1454,43.1,43,No Failure
7105,7106,L54285,300.9,310.4,1536,34.2,45,No Failure
7106,7107,L54286,300.8,310.5,1482,39.0,47,No Failure
7107,7108,H36521,300.9,310.5,1512,41.2,49,No Failure
7108,7109,M21968,300.8,310.5,1511,35.8,54,No Failure
7109,7110,L54289,300.9,310.5,1599,40.5,57,No Failure
7110,7111,M21970,300.8,310.4,1518,36.0,59,No Failure
7111,7112,M21971,300.8,310.4,1450,39.4,62,No Failure
7112,7113,L54292,300.9,310.4,1427,47.0,65,No Failure
7113,7114,L54293,300.9,310.4,1561,32.7,67,No Failure
7114,7115,H36528,300.9,310.4,1457,43.8,69,No Failure
7115,7116,M21975,301.0,310.6,1460,53.6,74,No Failure
7116,7117,L54296,301.0,310.5,1601,33.2,77,No Failure
7117,7118,L54297,300.9,310.5,1570,40.1,79,No Failure
7118,7119,L54298,300.9,310.5,1565,35.9,81,No Failure
7119,7120,L54299,301.0,310.5,1378,44.4,83,No Failure
7120,7121,L54300,300.9,310.5,2288,16.1,85,No Failure
7121,7122,M21981,300.9,310.4,1375,44.7,87,No Failure
7122,7123,L54302,300.9,310.4,1788,27.8,90,No Failure
7123,7124,M21983,300.9,310.4,1576,40.4,92,No Failure
7124,7125,M21984,300.8,310.3,1868,24.5,95,No Failure
7125,7126,L54305,300.7,310.1,1261,56.6,98,No Failure
7126,7127,M21986,300.6,310.0,1542,33.9,100,No Failure
7127,7128,L54307,300.6,310.0,1438,53.8,103,No Failure
7128,7129,L54308,300.6,310.0,1511,36.9,105,No Failure
7129,7130,L54309,300.6,310.0,1635,31.0,107,No Failure
7130,7131,L54310,300.6,309.9,1428,48.8,109,No Failure
7131,7132,M21991,300.5,309.8,1410,44.4,111,No Failure
7132,7133,L54312,300.5,309.9,1423,47.9,114,No Failure
7133,7134,M21993,300.5,309.9,1552,41.3,116,No Failure
7134,7135,M21994,300.5,310.0,1406,50.2,119,No Failure
7135,7136,L54315,300.5,309.9,1443,48.3,122,No Failure
7136,7137,M21996,300.5,309.9,1343,63.7,124,No Failure
7137,7138,M21997,300.6,310.0,1486,41.2,127,No Failure
7138,7139,L54318,300.6,310.1,1297,50.0,130,No Failure
7139,7140,L54319,300.6,310.1,1495,42.3,132,No Failure
7140,7141,L54320,300.5,309.9,1382,46.5,134,No Failure
7141,7142,M22001,300.4,309.8,1356,44.4,136,No Failure
7142,7143,H36556,300.3,309.7,1452,41.5,139,No Failure
7143,7144,H36557,300.3,309.7,1582,30.8,144,No Failure
7144,7145,M22004,300.4,309.8,1517,40.3,149,No Failure
7145,7146,L54325,300.5,310.0,1413,44.5,152,No Failure
7146,7147,L54326,300.4,309.9,1496,31.8,154,No Failure
7147,7148,L54327,300.3,309.8,1466,41.2,156,No Failure
7148,7149,M22008,300.3,309.8,1617,40.8,158,No Failure
7149,7150,L54329,300.2,309.8,1506,41.8,161,No Failure
7150,7151,L54330,300.2,309.8,1401,49.3,163,No Failure
7151,7152,H36565,300.2,309.9,1906,22.9,165,No Failure
7152,7153,L54332,300.2,309.9,1566,36.4,170,No Failure
7153,7154,L54333,300.2,310.0,1493,47.3,172,No Failure
7154,7155,L54334,300.3,310.1,1483,39.9,174,No Failure
7155,7156,M22015,300.2,309.9,1569,31.2,176,No Failure
7156,7157,M22016,300.2,310.0,1664,30.7,179,No Failure
7157,7158,L54337,300.2,310.0,1486,40.1,182,No Failure
7158,7159,L54338,300.2,310.0,1389,53.6,184,No Failure
7159,7160,L54339,300.1,310.0,1511,41.7,186,No Failure
7160,7161,M22020,300.2,310.1,1485,40.5,188,No Failure
7161,7162,L54341,300.2,310.2,1440,42.9,191,No Failure
7162,7163,L54342,300.2,310.2,1378,43.9,193,No Failure
7163,7164,M22023,300.1,310.1,1501,39.3,195,No Failure
7164,7165,M22024,300.2,310.1,1474,44.0,198,No Failure
7165,7166,L54345,300.2,310.1,1392,47.9,201,No Failure
7166,7167,M22026,300.3,310.2,1429,44.7,203,No Failure
7167,7168,L54347,300.3,310.3,1362,60.3,206,Overstrain Failure
7168,7169,L54348,300.3,310.3,1704,29.5,0,No Failure
7169,7170,L54349,300.3,310.2,1492,52.3,2,No Failure
7170,7171,M22030,300.3,310.2,1442,39.5,4,No Failure
7171,7172,M22031,300.2,310.2,1438,51.5,7,No Failure
7172,7173,M22032,300.1,310.1,1402,46.6,10,No Failure
7173,7174,L54353,300.1,310.1,1684,30.8,13,No Failure
7174,7175,L54354,300.2,310.2,1530,48.5,15,No Failure
7175,7176,L54355,300.1,310.1,1569,43.5,17,No Failure
7176,7177,L54356,300.1,310.1,1650,31.6,19,No Failure
7177,7178,L54357,300.2,310.2,1415,49.6,21,No Failure
7178,7179,L54358,300.2,310.2,1600,31.5,23,No Failure
7179,7180,L54359,300.2,310.1,1523,42.3,25,No Failure
7180,7181,M22040,300.2,310.2,1628,30.3,27,No Failure
7181,7182,L54361,300.2,310.3,1331,52.1,30,No Failure
7182,7183,L54362,300.3,310.3,2158,16.8,32,No Failure
7183,7184,L54363,300.2,310.3,1445,50.9,34,No Failure
7184,7185,M22044,300.2,310.3,1593,36.1,36,No Failure
7185,7186,L54365,300.3,310.4,1672,29.2,39,No Failure
7186,7187,M22046,300.4,310.5,1644,31.4,41,No Failure
7187,7188,L54367,300.4,310.5,1402,54.3,44,No Failure
7188,7189,L54368,300.4,310.4,1286,56.8,46,No Failure
7189,7190,L54369,300.4,310.4,1486,46.3,48,No Failure
7190,7191,L54370,300.3,310.3,1345,46.3,50,No Failure
7191,7192,L54371,300.3,310.3,1629,34.1,52,No Failure
7192,7193,M22052,300.2,310.2,1429,43.8,54,No Failure
7193,7194,L54373,300.1,310.1,1306,64.7,57,No Failure
7194,7195,L54374,300.1,310.1,1380,52.6,59,No Failure
7195,7196,M22055,300.1,310.1,1443,49.3,61,No Failure
7196,7197,H36610,300.1,310.1,1426,42.7,64,No Failure
7197,7198,L54377,300.0,310.0,1486,41.8,69,No Failure
7198,7199,M22058,300.0,309.9,1530,34.5,71,No Failure
7199,7200,L54379,300.0,309.9,1507,41.4,74,No Failure
7200,7201,L54380,300.0,309.9,1608,33.4,76,No Failure
7201,7202,L54381,300.0,309.8,1474,40.6,78,No Failure
7202,7203,L54382,300.0,309.7,1326,61.9,80,No Failure
7203,7204,M22063,299.8,309.6,1434,48.0,82,No Failure
7204,7205,L54384,299.8,309.6,1526,41.7,85,No Failure
7205,7206,L54385,299.8,309.7,1483,39.6,87,No Failure
7206,7207,L54386,299.8,309.7,1457,51.9,89,No Failure
7207,7208,M22067,299.7,309.6,1540,34.4,91,No Failure
7208,7209,L54388,299.8,309.7,1707,29.1,94,No Failure
7209,7210,L54389,299.8,309.7,1624,34.2,96,No Failure
7210,7211,M22070,299.8,309.6,1331,50.2,98,No Failure
7211,7212,L54391,299.8,309.7,1431,40.3,101,No Failure
7212,7213,M22072,299.8,309.7,1705,28.5,103,No Failure
7213,7214,M22073,299.8,309.8,1427,45.2,106,No Failure
7214,7215,M22074,299.9,309.8,1625,41.2,109,No Failure
7215,7216,L54395,299.9,309.8,1477,47.7,112,No Failure
7216,7217,M22076,300.0,309.9,1651,28.1,114,No Failure
7217,7218,L54397,299.9,309.8,1716,28.2,117,No Failure
7218,7219,H36632,299.9,309.8,1400,48.7,119,No Failure
7219,7220,M22079,299.8,309.7,1556,37.7,124,No Failure
7220,7221,L54400,299.8,309.7,1429,42.6,127,No Failure
7221,7222,H36635,299.7,309.6,1433,49.6,129,No Failure
7222,7223,M22082,299.8,309.7,1320,61.7,134,No Failure
7223,7224,L54403,299.8,309.6,1374,51.6,137,No Failure
7224,7225,L54404,299.8,309.6,1598,31.0,139,No Failure
7225,7226,M22085,299.8,309.7,1910,21.8,141,No Failure
7226,7227,L54406,299.7,309.6,1399,51.3,144,No Failure
7227,7228,L54407,299.7,309.6,1720,27.1,146,No Failure
7228,7229,H36642,299.8,309.7,1368,47.4,148,No Failure
7229,7230,L54409,299.8,309.8,1749,33.4,153,No Failure
7230,7231,L54410,299.8,309.8,1542,39.4,155,No Failure
7231,7232,L54411,299.8,309.9,1553,36.6,157,No Failure
7232,7233,M22092,299.9,309.9,1639,42.1,159,No Failure
7233,7234,L54413,299.9,310.0,1447,45.9,162,No Failure
7234,7235,M22094,299.8,310.0,1397,48.1,164,No Failure
7235,7236,L54415,299.8,310.0,1361,53.8,167,No Failure
7236,7237,M22096,299.8,310.0,1460,37.1,169,No Failure
7237,7238,M22097,299.8,310.0,1632,33.7,172,No Failure
7238,7239,L54418,299.8,310.0,1697,36.0,175,No Failure
7239,7240,L54419,299.8,310.1,1553,42.0,177,No Failure
7240,7241,M22100,299.9,310.1,1362,56.3,179,No Failure
7241,7242,M22101,299.9,310.0,1484,42.1,182,No Failure
7242,7243,H36656,299.9,310.1,1447,51.4,185,No Failure
7243,7244,M22103,300.0,310.2,1393,51.2,190,No Failure
7244,7245,L54424,300.0,310.2,1760,26.9,193,No Failure
7245,7246,L54425,300.0,310.1,1477,34.6,195,No Failure
7246,7247,L54426,299.9,310.1,1681,29.1,197,No Failure
7247,7248,M22107,300.0,310.1,1314,53.5,199,No Failure
7248,7249,L54428,300.0,310.1,1762,28.0,202,No Failure
7249,7250,L54429,299.9,310.0,1402,44.7,204,No Failure
7250,7251,M22110,300.1,310.2,1429,42.0,206,No Failure
7251,7252,M22111,300.2,310.3,1448,40.1,209,No Failure
7252,7253,H36666,300.2,310.4,1501,42.9,212,No Failure
7253,7254,L54433,300.3,310.5,1522,39.1,217,No Failure
7254,7255,L54434,300.3,310.4,1493,37.5,219,No Failure
7255,7256,M22115,300.2,310.3,1704,29.4,221,No Failure
7256,7257,H36670,300.2,310.3,1408,42.5,0,No Failure
7257,7258,L54437,300.2,310.4,1518,41.8,5,No Failure
7258,7259,L54438,300.3,310.4,1742,25.9,7,No Failure
7259,7260,M22119,300.4,310.5,1500,43.0,9,No Failure
7260,7261,L54440,300.4,310.5,2424,14.5,12,No Failure
7261,7262,L54441,300.4,310.5,1818,25.1,14,No Failure
7262,7263,M22122,300.4,310.6,1545,35.6,16,No Failure
7263,7264,L54443,300.4,310.6,1429,46.9,19,No Failure
7264,7265,M22124,300.4,310.6,1448,44.9,21,No Failure
7265,7266,L54445,300.4,310.6,1384,48.7,24,No Failure
7266,7267,L54446,300.4,310.5,1578,32.8,26,No Failure
7267,7268,L54447,300.5,310.5,1695,26.7,28,No Failure
7268,7269,L54448,300.5,310.6,1543,36.2,30,No Failure
7269,7270,M22129,300.4,310.5,1540,33.4,32,No Failure
7270,7271,L54450,300.2,310.4,1808,25.8,35,No Failure
7271,7272,M22131,300.3,310.4,1293,49.7,37,No Failure
7272,7273,L54452,300.2,310.3,1202,59.5,40,No Failure
7273,7274,M22133,300.2,310.3,1704,29.2,42,No Failure
7274,7275,M22134,300.2,310.3,1478,38.1,45,No Failure
7275,7276,L54455,300.2,310.3,1514,38.7,48,No Failure
7276,7277,M22136,300.1,310.3,1350,48.8,50,No Failure
7277,7278,L54457,300.1,310.2,1475,54.2,53,No Failure
7278,7279,H36692,300.0,310.1,1714,28.7,55,No Failure
7279,7280,L54459,300.0,310.1,1465,40.9,60,No Failure
7280,7281,L54460,299.9,310.2,1288,69.6,62,Power Failure
7281,7282,L54461,300.0,310.2,1675,29.7,64,No Failure
7282,7283,L54462,300.0,310.2,1486,36.4,66,No Failure
7283,7284,M22143,300.0,310.2,1443,58.7,68,No Failure
7284,7285,M22144,300.1,310.3,1345,57.1,71,No Failure
7285,7286,M22145,300.2,310.4,1202,61.7,74,No Failure
7286,7287,M22146,300.1,310.4,1480,37.1,77,No Failure
7287,7288,M22147,300.2,310.4,1530,35.7,80,No Failure
7288,7289,M22148,300.2,310.6,1983,20.8,83,No Failure
7289,7290,L54469,300.3,310.6,1433,53.8,86,No Failure
7290,7291,L54470,300.3,310.6,1806,24.4,88,No Failure
7291,7292,L54471,300.2,310.5,1416,46.7,90,No Failure
7292,7293,M22152,300.1,310.4,1556,38.1,92,No Failure
7293,7294,L54473,300.1,310.5,1627,29.2,95,No Failure
7294,7295,L54474,300.1,310.6,1809,24.3,97,No Failure
7295,7296,M22155,300.1,310.5,1329,57.4,99,No Failure
7296,7297,H36710,300.0,310.4,1881,21.9,102,No Failure
7297,7298,L54477,300.1,310.5,1500,39.8,107,No Failure
7298,7299,L54478,300.1,310.5,1532,36.0,109,No Failure
7299,7300,L54479,300.1,310.5,1492,50.9,111,No Failure
7300,7301,L54480,300.2,310.6,1431,42.3,113,No Failure
7301,7302,L54481,300.1,310.4,1554,39.4,115,No Failure
7302,7303,L54482,300.1,310.5,1494,44.2,117,No Failure
7303,7304,L54483,300.1,310.6,1374,45.4,119,No Failure
7304,7305,L54484,300.1,310.5,1394,44.3,121,No Failure
7305,7306,M22165,300.0,310.5,1790,25.7,123,No Failure
7306,7307,L54486,300.1,310.5,1356,45.8,126,No Failure
7307,7308,M22167,300.0,310.4,1385,52.1,128,No Failure
7308,7309,L54488,300.0,310.4,1333,49.1,131,No Failure
7309,7310,L54489,300.0,310.4,1505,44.9,133,No Failure
7310,7311,L54490,300.0,310.5,1606,33.5,135,No Failure
7311,7312,H36725,300.0,310.5,1558,36.7,137,No Failure
7312,7313,L54492,300.0,310.5,1412,52.4,142,No Failure
7313,7314,L54493,299.9,310.4,1408,38.4,144,No Failure
7314,7315,L54494,299.9,310.3,1268,53.3,146,No Failure
7315,7316,L54495,299.9,310.4,1470,50.0,148,No Failure
7316,7317,L54496,299.9,310.4,1497,47.0,150,No Failure
7317,7318,L54497,299.9,310.3,1638,29.1,152,No Failure
7318,7319,H36732,299.9,310.3,1535,43.9,154,No Failure
7319,7320,L54499,299.8,310.2,1654,32.7,159,No Failure
7320,7321,H36734,299.8,310.2,1411,49.7,161,No Failure
7321,7322,L54501,299.8,310.2,1911,23.5,166,No Failure
7322,7323,H36736,299.8,310.2,1573,33.3,168,No Failure
7323,7324,L54503,299.9,310.2,1479,46.3,173,No Failure
7324,7325,M22184,299.9,310.4,1820,26.6,175,No Failure
7325,7326,L54505,299.9,310.4,1419,45.7,178,No Failure
7326,7327,M22186,299.9,310.5,1335,52.9,180,No Failure
7327,7328,M22187,299.9,310.5,1576,39.4,183,No Failure
7328,7329,L54508,300.0,310.5,1517,42.2,186,No Failure
7329,7330,M22189,299.9,310.4,1576,34.3,188,No Failure
7330,7331,H36744,299.8,310.2,1537,36.6,191,No Failure
7331,7332,L54511,299.8,310.3,1524,34.2,196,No Failure
7332,7333,M22192,299.8,310.3,1805,23.7,198,No Failure
7333,7334,M22193,299.9,310.4,1367,53.3,201,No Failure
7334,7335,L54514,299.8,310.4,1694,30.3,204,No Failure
7335,7336,L54515,299.9,310.4,1328,49.9,206,No Failure
7336,7337,H36750,299.9,310.5,1549,42.8,208,No Failure
7337,7338,L54517,299.9,310.5,1539,32.8,213,No Failure
7338,7339,L54518,299.8,310.5,1496,38.8,215,No Failure
7339,7340,L54519,299.8,310.4,1579,36.4,0,No Failure
7340,7341,L54520,299.7,310.3,1386,46.6,2,No Failure
7341,7342,L54521,299.7,310.3,1505,37.7,4,No Failure
7342,7343,M22202,299.7,310.3,1661,34.5,6,No Failure
7343,7344,L54523,299.6,310.2,1468,48.0,9,No Failure
7344,7345,L54524,299.6,310.1,1384,49.8,11,No Failure
7345,7346,L54525,299.6,310.2,1381,60.5,13,No Failure
7346,7347,L54526,299.6,310.2,1469,47.0,15,No Failure
7347,7348,L54527,299.6,310.2,1627,36.6,17,No Failure
7348,7349,H36762,299.7,310.3,1462,40.4,19,No Failure
7349,7350,L54529,299.7,310.2,1633,36.5,24,No Failure
7350,7351,L54530,299.7,310.2,1469,39.5,26,No Failure
7351,7352,L54531,299.7,310.2,1458,43.4,28,No Failure
7352,7353,M22212,299.7,310.2,1440,42.8,30,No Failure
7353,7354,L54533,299.8,310.3,1687,30.4,33,No Failure
7354,7355,M22214,299.7,310.3,1429,47.7,35,No Failure
7355,7356,L54535,299.6,310.2,1588,34.1,38,No Failure
7356,7357,L54536,299.6,310.2,1333,51.2,40,No Failure
7357,7358,L54537,299.6,310.1,1487,42.9,42,No Failure
7358,7359,M22218,299.5,310.1,1659,31.5,44,No Failure
7359,7360,M22219,299.4,310.0,1512,43.2,47,No Failure
7360,7361,L54540,299.5,310.1,1585,35.2,50,No Failure
7361,7362,L54541,299.5,310.0,1502,38.5,52,No Failure
7362,7363,L54542,299.5,310.0,1594,35.1,54,No Failure
7363,7364,L54543,299.5,310.0,1412,48.9,56,No Failure
7364,7365,L54544,299.5,309.9,1402,51.7,58,No Failure
7365,7366,L54545,299.6,310.1,2057,20.4,60,No Failure
7366,7367,H36780,299.6,310.1,1531,36.8,62,No Failure
7367,7368,M22227,299.5,310.1,1359,61.1,67,No Failure
7368,7369,M22228,299.6,310.2,1620,30.0,70,No Failure
7369,7370,M22229,299.6,310.1,1646,29.6,73,No Failure
7370,7371,M22230,299.6,310.1,1455,46.1,76,No Failure
7371,7372,L54551,299.6,310.2,1512,44.0,79,No Failure
7372,7373,L54552,299.6,310.2,1473,42.7,81,No Failure
7373,7374,L54553,299.6,310.1,1553,38.0,83,No Failure
7374,7375,L54554,299.5,310.0,1379,50.4,85,No Failure
7375,7376,M22235,299.4,309.9,1567,40.6,87,No Failure
7376,7377,L54556,299.5,310.0,1481,43.1,90,No Failure
7377,7378,L54557,299.5,310.0,1349,52.7,92,No Failure
7378,7379,L54558,299.5,310.0,1388,52.4,94,No Failure
7379,7380,M22239,299.6,310.1,1357,48.7,96,No Failure
7380,7381,L54560,299.6,310.2,1743,24.8,99,No Failure
7381,7382,L54561,299.7,310.3,1495,43.1,101,No Failure
7382,7383,L54562,299.8,310.4,1698,28.3,103,No Failure
7383,7384,M22243,299.7,310.4,1410,44.5,105,No Failure
7384,7385,L54564,299.7,310.4,1614,36.2,108,No Failure
7385,7386,M22245,299.8,310.5,1375,53.9,110,No Failure
7386,7387,M22246,299.8,310.6,1574,31.8,113,No Failure
7387,7388,H36801,299.8,310.6,1423,44.6,116,No Failure
7388,7389,M22248,299.8,310.6,1694,31.3,121,No Failure
7389,7390,L54569,299.8,310.6,1707,32.5,124,No Failure
7390,7391,M22250,299.7,310.5,1490,41.2,126,No Failure
7391,7392,L54571,299.7,310.6,1675,31.3,129,No Failure
7392,7393,M22252,299.7,310.5,1492,39.3,131,No Failure
7393,7394,M22253,299.7,310.5,1594,35.4,134,No Failure
7394,7395,L54574,299.7,310.6,1479,38.0,137,No Failure
7395,7396,M22255,299.7,310.6,1572,38.0,139,No Failure
7396,7397,L54576,299.7,310.6,1616,35.1,142,No Failure
7397,7398,L54577,299.7,310.6,1737,26.1,144,No Failure
7398,7399,M22258,299.7,310.7,1498,37.8,146,No Failure
7399,7400,L54579,299.6,310.6,1642,35.1,149,No Failure
7400,7401,M22260,299.6,310.6,1633,34.2,151,No Failure
7401,7402,L54581,299.8,310.8,1409,51.9,154,No Failure
7402,7403,M22262,299.8,310.8,1463,43.5,156,No Failure
7403,7404,L54583,299.8,310.8,1376,48.6,159,No Failure
7404,7405,L54584,299.8,310.8,1553,32.2,161,No Failure
7405,7406,M22265,299.8,310.8,1530,35.2,163,No Failure
7406,7407,L54586,299.8,310.9,1545,40.7,166,No Failure
7407,7408,H36821,299.8,310.9,1427,47.2,168,No Failure
7408,7409,L54588,299.9,310.9,1292,51.1,173,No Failure
7409,7410,L54589,299.8,310.9,2084,17.6,175,No Failure
7410,7411,L54590,299.9,311.0,1747,27.6,177,No Failure
7411,7412,L54591,300.0,311.1,1425,47.8,179,No Failure
7412,7413,L54592,300.0,311.0,1637,33.6,181,No Failure
7413,7414,M22273,300.1,311.1,1616,35.2,183,No Failure
7414,7415,L54594,300.1,311.1,1619,33.4,186,No Failure
7415,7416,L54595,300.1,311.2,1489,39.1,188,No Failure
7416,7417,M22276,300.1,311.2,1452,42.4,190,No Failure
7417,7418,M22277,300.1,311.3,1495,41.0,193,No Failure
7418,7419,M22278,300.2,311.4,1427,39.7,196,No Failure
7419,7420,L54599,300.1,311.4,1572,36.2,199,No Failure
7420,7421,L54600,300.1,311.3,1547,40.0,201,No Failure
7421,7422,M22281,300.1,311.4,1342,48.5,203,No Failure
7422,7423,L54602,300.0,311.2,1351,44.1,206,No Failure
7423,7424,L54603,300.0,311.3,1407,47.3,208,No Failure
7424,7425,M22284,300.1,311.4,1575,29.8,210,No Failure
7425,7426,M22285,300.0,311.4,1791,24.1,213,No Failure
7426,7427,M22286,300.0,311.4,1692,29.0,216,Tool Wear Failure
7427,7428,L54607,300.0,311.4,1634,31.9,0,No Failure
7428,7429,M22288,300.0,311.4,1864,23.3,2,No Failure
7429,7430,L54609,300.0,311.4,1590,33.6,5,No Failure
7430,7431,M22290,300.0,311.4,1384,46.1,7,No Failure
7431,7432,M22291,300.0,311.4,1352,61.8,10,No Failure
7432,7433,L54612,300.1,311.4,1484,43.1,13,No Failure
7433,7434,M22293,300.1,311.4,1913,21.9,15,No Failure
7434,7435,L54614,300.0,311.4,1508,38.2,18,No Failure
7435,7436,L54615,299.9,311.3,1504,40.7,20,No Failure
7436,7437,L54616,300.0,311.4,1487,41.2,22,No Failure
7437,7438,L54617,299.8,311.3,1727,30.0,24,No Failure
7438,7439,L54618,299.9,311.3,1647,27.5,26,No Failure
7439,7440,L54619,300.0,311.3,1493,41.4,28,No Failure
7440,7441,L54620,300.0,311.4,1655,29.6,30,No Failure
7441,7442,M22301,299.9,311.4,1337,54.8,32,No Failure
7442,7443,L54622,300.0,311.5,1601,36.9,35,No Failure
7443,7444,H36857,300.1,311.6,1589,37.9,37,No Failure
7444,7445,L54624,300.2,311.7,1286,55.1,42,No Failure
7445,7446,L54625,300.2,311.7,1553,41.3,44,No Failure
7446,7447,L54626,300.2,311.8,1379,51.0,46,No Failure
7447,7448,M22307,300.3,311.9,1677,30.8,48,No Failure
7448,7449,L54628,300.3,311.8,1488,38.4,51,No Failure
7449,7450,L54629,300.3,311.8,1418,45.9,53,No Failure
7450,7451,L54630,300.3,311.8,1451,41.0,55,No Failure
7451,7452,L54631,300.3,311.8,1508,43.1,57,No Failure
7452,7453,L54632,300.3,311.7,1579,33.6,59,No Failure
7453,7454,H36867,300.3,311.7,1432,47.7,61,No Failure
7454,7455,L54634,300.2,311.6,1446,47.3,66,No Failure
7455,7456,M22315,300.2,311.7,1597,39.5,68,No Failure
7456,7457,M22316,300.2,311.7,1397,50.2,71,No Failure
7457,7458,L54637,300.1,311.6,1530,36.6,74,No Failure
7458,7459,M22318,300.1,311.6,1433,51.4,76,No Failure
7459,7460,L54639,300.0,311.5,1591,32.0,79,No Failure
7460,7461,L54640,300.0,311.5,1445,41.6,81,No Failure
7461,7462,L54641,300.0,311.5,1749,28.3,83,No Failure
7462,7463,L54642,300.0,311.3,1703,30.4,85,No Failure
7463,7464,H36877,300.1,311.4,1518,46.9,87,No Failure
7464,7465,L54644,300.1,311.3,1535,42.3,92,No Failure
7465,7466,M22325,300.1,311.4,1390,52.1,94,No Failure
7466,7467,H36880,300.3,311.6,1801,23.6,97,No Failure
7467,7468,H36881,300.3,311.6,1463,41.6,102,No Failure
7468,7469,L54648,300.3,311.6,1560,37.7,107,No Failure
7469,7470,L54649,300.3,311.6,1607,33.5,109,No Failure
7470,7471,L54650,300.4,311.6,1332,54.6,111,No Failure
7471,7472,L54651,300.3,311.7,1365,53.3,113,No Failure
7472,7473,M22332,300.3,311.6,1617,32.5,115,No Failure
7473,7474,M22333,300.3,311.6,1304,62.8,118,No Failure
7474,7475,L54654,300.3,311.7,1989,22.3,121,No Failure
7475,7476,H36889,300.3,311.6,1339,53.4,123,No Failure
7476,7477,L54656,300.2,311.5,1492,41.8,128,No Failure
7477,7478,M22337,300.1,311.3,1518,40.2,130,No Failure
7478,7479,L54658,300.1,311.3,1479,39.5,133,No Failure
7479,7480,M22339,300.1,311.3,1523,34.1,135,No Failure
7480,7481,M22340,300.2,311.4,1570,35.3,138,No Failure
7481,7482,H36895,300.2,311.4,1506,36.1,141,No Failure
7482,7483,M22342,300.2,311.6,1510,47.5,146,No Failure
7483,7484,L54663,300.2,311.6,1671,28.8,149,No Failure
7484,7485,M22344,300.3,311.6,1312,53.4,151,No Failure
7485,7486,L54665,300.3,311.6,1595,38.8,154,No Failure
7486,7487,L54666,300.3,311.7,1635,31.8,156,No Failure
7487,7488,L54667,300.3,311.7,1707,33.6,158,No Failure
7488,7489,L54668,300.3,311.7,1545,43.5,160,Random Failures
7489,7490,M22349,300.2,311.6,1751,28.0,162,No Failure
7490,7491,M22350,300.4,311.8,1707,30.0,165,No Failure
7491,7492,L54671,300.4,311.8,1320,57.9,168,No Failure
7492,7493,M22352,300.3,311.7,1319,51.4,170,No Failure
7493,7494,L54673,300.2,311.7,1448,54.2,173,No Failure
7494,7495,L54674,300.2,311.8,1436,48.2,175,No Failure
7495,7496,L54675,300.3,311.9,1609,34.0,177,No Failure
7496,7497,L54676,300.2,311.8,1464,44.5,179,No Failure
7497,7498,M22357,300.3,311.8,1483,45.1,181,No Failure
7498,7499,M22358,300.2,311.8,1748,28.5,184,No Failure
7499,7500,L54679,300.3,311.8,1746,26.3,187,No Failure
7500,7501,L54680,300.2,311.8,1410,51.4,189,No Failure
7501,7502,L54681,300.2,311.7,1640,30.8,191,No Failure
7502,7503,H36916,300.3,311.7,1655,29.9,193,No Failure
7503,7504,M22363,300.3,311.7,1646,28.9,198,No Failure
7504,7505,L54684,300.4,311.8,1589,42.0,201,No Failure
7505,7506,L54685,300.5,311.9,1546,39.4,203,No Failure
7506,7507,L54686,300.5,311.9,1511,41.8,205,No Failure
7507,7508,L54687,300.5,311.9,1750,28.3,207,No Failure
7508,7509,M22368,300.5,311.9,1730,27.5,209,No Failure
7509,7510,L54689,300.6,311.9,1372,60.1,212,Overstrain Failure
7510,7511,L54690,300.5,311.8,1524,38.9,214,Tool Wear Failure
7511,7512,L54691,300.4,311.8,1601,36.1,0,No Failure
7512,7513,M22372,300.5,311.8,1636,34.4,2,No Failure
7513,7514,L54693,300.4,311.8,2261,14.9,5,No Failure
7514,7515,L54694,300.4,311.8,1636,32.3,7,No Failure
7515,7516,M22375,300.4,311.9,1335,58.3,9,No Failure
7516,7517,M22376,300.3,311.7,1236,57.5,12,No Failure
7517,7518,L54697,300.3,311.7,1445,47.3,15,No Failure
7518,7519,L54698,300.2,311.5,1500,40.8,17,No Failure
7519,7520,L54699,300.2,311.6,1999,21.0,19,No Failure
7520,7521,L54700,300.2,311.6,1529,35.5,21,No Failure
7521,7522,M22381,300.2,311.6,1467,40.7,23,No Failure
7522,7523,L54702,300.1,311.5,1334,54.0,26,No Failure
7523,7524,M22383,300.1,311.5,1343,46.2,28,No Failure
7524,7525,L54704,300.2,311.5,1639,31.1,31,No Failure
7525,7526,H36939,300.1,311.5,1383,49.1,33,No Failure
7526,7527,L54706,300.1,311.4,1660,31.4,38,No Failure
7527,7528,L54707,300.1,311.3,1470,45.2,40,No Failure
7528,7529,M22388,300.1,311.3,1748,26.6,42,No Failure
7529,7530,L54709,300.1,311.4,1467,35.7,45,No Failure
7530,7531,M22390,300.1,311.4,1617,39.3,47,No Failure
7531,7532,H36945,300.1,311.4,1377,56.7,50,No Failure
7532,7533,M22392,300.0,311.3,1629,32.1,55,No Failure
7533,7534,L54713,300.0,311.2,1504,37.9,58,No Failure
7534,7535,L54714,300.0,311.2,1418,47.3,60,No Failure
7535,7536,L54715,300.0,311.2,1629,31.7,62,No Failure
7536,7537,L54716,300.1,311.3,2579,12.5,64,Power Failure
7537,7538,L54717,300.1,311.3,1305,64.7,66,No Failure
7538,7539,M22398,300.2,311.4,1450,38.5,68,No Failure
7539,7540,L54719,300.2,311.3,1487,36.9,71,No Failure
7540,7541,M22400,300.2,311.3,1587,31.2,73,No Failure
7541,7542,M22401,300.3,311.5,1528,40.9,76,No Failure
7542,7543,M22402,300.4,311.6,1401,49.9,79,No Failure
7543,7544,L54723,300.3,311.5,1446,45.0,82,No Failure
7544,7545,L54724,300.2,311.4,1425,44.2,84,No Failure
7545,7546,L54725,300.2,311.4,1891,22.6,86,No Failure
7546,7547,H36960,300.2,311.5,1454,42.8,88,No Failure
7547,7548,L54727,300.1,311.4,1430,40.9,93,No Failure
7548,7549,L54728,300.2,311.4,1495,43.6,95,No Failure
7549,7550,L54729,300.3,311.4,1544,41.6,97,No Failure
7550,7551,M22410,300.3,311.4,1554,34.3,99,No Failure
7551,7552,M22411,300.2,311.3,1491,37.3,102,No Failure
7552,7553,L54732,300.3,311.3,1525,40.7,105,No Failure
7553,7554,L54733,300.3,311.3,1505,39.6,107,No Failure
7554,7555,M22414,300.3,311.4,1371,50.2,109,No Failure
7555,7556,L54735,300.3,311.3,1332,60.5,112,No Failure
7556,7557,L54736,300.3,311.4,1471,37.0,114,No Failure
7557,7558,M22417,300.4,311.5,1750,27.3,116,No Failure
7558,7559,M22418,300.3,311.4,1386,48.1,119,No Failure
7559,7560,M22419,300.4,311.4,1355,56.2,122,No Failure
7560,7561,M22420,300.3,311.3,1377,53.8,125,No Failure
7561,7562,L54741,300.3,311.1,1388,49.4,128,No Failure
7562,7563,M22422,300.3,311.1,1350,58.7,130,No Failure
7563,7564,M22423,300.4,311.2,1831,23.4,133,No Failure
7564,7565,M22424,300.3,311.2,1381,65.2,136,Power Failure
7565,7566,M22425,300.3,311.2,1783,25.6,139,No Failure
7566,7567,L54746,300.3,311.0,1613,34.7,142,No Failure
7567,7568,M22427,300.2,311.0,2370,14.7,144,No Failure
7568,7569,L54748,300.2,311.0,1627,33.7,147,No Failure
7569,7570,L54749,300.2,311.0,1255,71.8,149,Power Failure
7570,7571,H36984,300.2,311.0,1777,27.5,151,No Failure
7571,7572,L54751,300.3,311.1,1606,30.9,156,No Failure
7572,7573,L54752,300.3,311.1,1676,28.6,158,No Failure
7573,7574,L54753,300.3,311.1,1605,37.1,160,No Failure
7574,7575,L54754,300.4,311.1,1487,37.4,162,No Failure
7575,7576,L54755,300.4,311.2,1471,46.5,164,No Failure
7576,7577,M22436,300.3,311.1,1477,44.2,166,No Failure
7577,7578,L54757,300.4,311.2,1530,32.0,169,No Failure
7578,7579,L54758,300.4,311.2,1673,28.9,171,No Failure
7579,7580,L54759,300.4,311.2,1436,56.8,173,No Failure
7580,7581,L54760,300.4,311.3,1495,51.2,175,No Failure
7581,7582,M22441,300.4,311.2,1366,56.1,177,No Failure
7582,7583,H36996,300.4,311.2,1489,45.3,180,No Failure
7583,7584,L54763,300.3,311.1,1480,46.6,185,No Failure
7584,7585,L54764,300.4,311.2,1472,37.3,187,No Failure
7585,7586,L54765,300.4,311.1,1397,50.8,189,No Failure
7586,7587,L54766,300.4,311.1,1589,35.5,191,No Failure
7587,7588,L54767,300.4,311.1,1405,54.1,193,No Failure
7588,7589,L54768,300.4,311.1,2013,20.1,195,No Failure
7589,7590,L54769,300.4,311.0,1802,26.0,197,No Failure
7590,7591,M22450,300.4,311.0,1433,46.1,199,No Failure
7591,7592,M22451,300.5,311.1,1296,61.3,202,Overstrain Failure
7592,7593,M22452,300.5,311.2,1551,36.6,205,No Failure
7593,7594,L54773,300.5,311.2,1270,67.5,208,Overstrain Failure
7594,7595,L54774,300.6,311.3,1531,38.5,0,No Failure
7595,7596,H37009,300.5,311.2,1397,45.2,2,No Failure
7596,7597,L54776,300.5,311.1,1547,37.2,7,No Failure
7597,7598,L54777,300.5,311.0,2074,18.9,9,No Failure
7598,7599,L54778,300.5,311.1,1491,42.6,11,No Failure
7599,7600,L54779,300.5,311.0,1759,28.3,13,No Failure
7600,7601,M22460,300.4,311.0,1595,35.4,15,No Failure
7601,7602,L54781,300.4,311.2,1351,62.0,18,No Failure
7602,7603,L54782,300.4,311.2,1705,28.7,20,No Failure
7603,7604,L54783,300.4,311.2,1406,43.6,22,No Failure
7604,7605,L54784,300.4,311.3,1639,34.6,24,No Failure
7605,7606,H37019,300.4,311.3,2026,20.3,26,No Failure
7606,7607,M22466,300.4,311.3,1350,56.5,31,No Failure
7607,7608,M22467,300.5,311.3,1468,41.1,34,No Failure
7608,7609,L54788,300.5,311.4,1642,27.1,37,No Failure
7609,7610,L54789,300.5,311.3,1490,41.8,39,No Failure
7610,7611,M22470,300.5,311.3,1507,43.4,41,No Failure
7611,7612,L54791,300.5,311.4,1611,32.7,44,No Failure
7612,7613,M22472,300.5,311.4,1743,27.6,46,No Failure
7613,7614,L54793,300.5,311.3,1475,46.3,49,No Failure
7614,7615,L54794,300.5,311.4,1432,47.5,51,No Failure
7615,7616,L54795,300.5,311.4,1442,47.0,53,No Failure
7616,7617,M22476,300.6,311.4,1468,40.4,55,No Failure
7617,7618,L54797,300.5,311.4,1556,45.3,58,No Failure
7618,7619,M22478,300.5,311.4,1312,51.4,60,No Failure
7619,7620,L54799,300.6,311.5,1459,47.0,63,No Failure
7620,7621,L54800,300.5,311.5,1651,36.9,65,No Failure
7621,7622,L54801,300.5,311.5,1490,38.4,67,No Failure
7622,7623,M22482,300.6,311.6,1473,31.5,69,No Failure
7623,7624,L54803,300.6,311.7,1734,29.9,72,No Failure
7624,7625,L54804,300.6,311.7,1507,45.5,74,No Failure
7625,7626,L54805,300.6,311.7,1556,34.9,76,No Failure
7626,7627,H37040,300.5,311.6,1351,53.5,78,No Failure
7627,7628,L54807,300.5,311.7,1445,44.8,83,No Failure
7628,7629,L54808,300.5,311.7,1619,32.7,85,No Failure
7629,7630,M22489,300.5,311.7,1269,64.0,87,No Failure
7630,7631,L54810,300.5,311.6,1534,37.7,90,No Failure
7631,7632,L54811,300.5,311.6,1444,49.3,92,No Failure
7632,7633,L54812,300.5,311.6,1744,26.8,94,No Failure
7633,7634,L54813,300.4,311.5,1441,44.6,96,No Failure
7634,7635,M22494,300.3,311.3,1506,40.7,98,No Failure
7635,7636,L54815,300.3,311.4,1526,38.5,101,No Failure
7636,7637,L54816,300.4,311.5,1704,29.7,103,No Failure
7637,7638,H37051,300.4,311.4,1445,52.4,105,No Failure
7638,7639,L54818,300.5,311.5,1661,35.9,110,No Failure
7639,7640,L54819,300.5,311.4,1466,41.8,112,No Failure
7640,7641,L54820,300.4,311.3,1608,35.1,114,No Failure
7641,7642,M22501,300.4,311.4,1352,57.3,116,No Failure
7642,7643,M22502,300.4,311.4,1604,31.7,119,No Failure
7643,7644,H37057,300.4,311.4,1427,50.7,122,No Failure
7644,7645,L54824,300.4,311.4,1424,44.6,127,No Failure
7645,7646,L54825,300.4,311.4,1662,29.3,129,No Failure
7646,7647,L54826,300.4,311.4,1936,23.9,131,No Failure
7647,7648,L54827,300.4,311.4,1728,31.7,133,No Failure
7648,7649,L54828,300.4,311.4,1552,28.8,135,No Failure
7649,7650,H37063,300.4,311.5,1662,29.0,137,No Failure
7650,7651,L54830,300.3,311.4,1343,57.7,142,No Failure
7651,7652,M22511,300.4,311.5,1476,32.6,144,No Failure
7652,7653,L54832,300.3,311.4,1346,51.1,147,No Failure
7653,7654,L54833,300.4,311.5,1492,44.6,149,No Failure
7654,7655,M22514,300.3,311.5,1540,41.5,151,No Failure
7655,7656,L54835,300.4,311.5,1596,32.5,154,No Failure
7656,7657,L54836,300.5,311.6,1541,47.8,156,No Failure
7657,7658,L54837,300.5,311.6,1661,30.0,158,No Failure
7658,7659,M22518,300.4,311.6,1359,55.4,160,No Failure
7659,7660,L54839,300.5,311.6,1528,42.4,163,No Failure
7660,7661,M22520,300.5,311.6,1246,52.9,165,No Failure
7661,7662,L54841,300.5,311.6,1575,32.5,168,No Failure
7662,7663,M22522,300.5,311.6,1658,30.4,170,No Failure
7663,7664,L54843,300.5,311.6,1385,54.8,173,No Failure
7664,7665,H37078,300.5,311.7,1454,50.3,175,No Failure
7665,7666,L54845,300.5,311.6,1497,40.5,180,No Failure
7666,7667,M22526,300.6,311.7,1424,50.8,182,No Failure
7667,7668,L54847,300.6,311.7,1528,43.9,185,No Failure
7668,7669,L54848,300.6,311.8,1539,37.0,187,No Failure
7669,7670,L54849,300.7,311.8,1336,58.4,189,Overstrain Failure
7670,7671,L54850,300.5,311.6,1525,37.6,191,No Failure
7671,7672,M22531,300.5,311.6,1456,51.1,193,No Failure
7672,7673,M22532,300.5,311.7,2141,17.2,196,No Failure
7673,7674,M22533,300.5,311.6,1476,39.1,199,No Failure
7674,7675,L54854,300.5,311.6,1509,47.2,202,No Failure
7675,7676,L54855,300.5,311.6,1447,45.4,204,No Failure
7676,7677,L54856,300.6,311.7,1448,49.1,206,No Failure
7677,7678,L54857,300.6,311.7,1428,52.6,208,No Failure
7678,7679,M22538,300.6,311.7,1389,52.1,210,No Failure
7679,7680,L54859,300.7,311.7,1635,32.4,213,No Failure
7680,7681,L54860,300.7,311.7,1395,43.7,215,No Failure
7681,7682,L54861,300.7,311.8,1443,43.7,217,No Failure
7682,7683,M22542,300.7,311.7,1412,49.1,219,No Failure
7683,7684,L54863,300.7,311.7,1524,43.5,222,No Failure
7684,7685,M22544,300.7,311.8,1407,42.4,224,No Failure
7685,7686,L54865,300.8,311.7,1397,43.5,227,No Failure
7686,7687,M22546,300.7,311.7,1504,36.9,229,No Failure
7687,7688,M22547,300.7,311.7,2097,18.9,232,Tool Wear Failure
7688,7689,L54868,300.6,311.7,1553,39.8,0,No Failure
7689,7690,L54869,300.6,311.7,1432,39.2,2,No Failure
7690,7691,M22550,300.5,311.6,1577,36.5,4,No Failure
7691,7692,M22551,300.5,311.5,1370,56.1,7,No Failure
7692,7693,H37106,300.5,311.6,1506,36.2,10,No Failure
7693,7694,L54873,300.6,311.6,1964,21.4,15,No Failure
7694,7695,H37108,300.6,311.7,1500,36.7,17,No Failure
7695,7696,L54875,300.6,311.7,1488,47.7,22,No Failure
7696,7697,H37110,300.6,311.5,1282,60.2,24,No Failure
7697,7698,L54877,300.5,311.4,1400,45.1,29,No Failure
7698,7699,L54878,300.6,311.5,1419,38.6,31,No Failure
7699,7700,M22559,300.7,311.5,1441,40.6,33,No Failure
7700,7701,M22560,300.7,311.6,1348,62.5,36,No Failure
7701,7702,H37115,300.8,311.7,1468,38.7,39,No Failure
7702,7703,M22562,300.7,311.7,1701,30.8,44,No Failure
7703,7704,H37117,300.7,311.7,1864,23.6,47,No Failure
7704,7705,M22564,300.6,311.6,1630,31.8,52,No Failure
7705,7706,L54885,300.5,311.5,1316,49.7,55,No Failure
7706,7707,L54886,300.5,311.5,1708,31.2,57,No Failure
7707,7708,H37121,300.5,311.4,1679,27.5,59,No Failure
7708,7709,L54888,300.5,311.4,1709,32.3,64,No Failure
7709,7710,L54889,300.5,311.4,1445,41.5,66,No Failure
7710,7711,M22570,300.5,311.4,1390,51.9,68,No Failure
7711,7712,L54891,300.4,311.4,1309,55.5,71,No Failure
7712,7713,L54892,300.5,311.5,1499,37.6,73,No Failure
7713,7714,M22573,300.5,311.4,2072,18.8,75,No Failure
7714,7715,L54894,300.5,311.5,1487,43.0,78,No Failure
7715,7716,L54895,300.5,311.5,1302,49.6,80,No Failure
7716,7717,M22576,300.5,311.5,1378,48.2,82,No Failure
7717,7718,L54897,300.5,311.6,1365,53.0,85,No Failure
7718,7719,H37132,300.6,311.7,1427,44.6,87,No Failure
7719,7720,H37133,300.6,311.7,1535,33.3,92,No Failure
7720,7721,H37134,300.5,311.6,1476,41.7,97,No Failure
7721,7722,L54901,300.5,311.6,1425,42.4,102,No Failure
7722,7723,L54902,300.5,311.7,1409,54.7,104,No Failure
7723,7724,L54903,300.5,311.6,1730,30.2,106,No Failure
7724,7725,M22584,300.5,311.6,1454,41.4,108,No Failure
7725,7726,L54905,300.6,311.7,1744,26.9,111,No Failure
7726,7727,M22586,300.8,311.9,1761,29.0,113,No Failure
7727,7728,M22587,300.7,311.9,1657,30.9,116,No Failure
7728,7729,L54908,300.7,311.8,1420,47.0,119,No Failure
7729,7730,H37143,300.7,311.9,1329,59.2,121,No Failure
7730,7731,L54910,300.6,311.9,1472,44.2,126,No Failure
7731,7732,L54911,300.6,312.0,1566,30.1,128,No Failure
7732,7733,L54912,300.6,312.0,1430,42.7,130,No Failure
7733,7734,L54913,300.6,312.0,1481,40.9,132,No Failure
7734,7735,L54914,300.6,312.0,1670,29.4,134,No Failure
7735,7736,L54915,300.6,312.0,1406,55.1,136,No Failure
7736,7737,H37150,300.6,312.1,1354,46.9,138,No Failure
7737,7738,M22597,300.5,312.0,1985,19.3,143,No Failure
7738,7739,M22598,300.5,312.0,1263,60.8,146,No Failure
7739,7740,L54919,300.5,311.9,1576,31.1,149,No Failure
7740,7741,L54920,300.5,312.0,1453,45.1,151,No Failure
7741,7742,L54921,300.5,312.0,1478,39.0,153,No Failure
7742,7743,M22602,300.5,311.9,1323,57.9,155,No Failure
7743,7744,L54923,300.5,311.9,1710,28.4,158,No Failure
7744,7745,L54924,300.4,311.7,1314,59.5,160,No Failure
7745,7746,L54925,300.4,311.7,1460,39.6,162,No Failure
7746,7747,M22606,300.4,311.7,1508,45.4,164,No Failure
7747,7748,M22607,300.5,311.8,1331,55.3,167,No Failure
7748,7749,L54928,300.4,311.7,1515,47.4,170,No Failure
7749,7750,L54929,300.4,311.6,1674,33.0,172,No Failure
7750,7751,L54930,300.4,311.7,1444,51.2,174,No Failure
7751,7752,M22611,300.4,311.7,1398,42.6,176,No Failure
7752,7753,M22612,300.4,311.7,1832,24.2,179,No Failure
7753,7754,M22613,300.5,311.8,1591,42.0,182,No Failure
7754,7755,M22614,300.4,311.7,1478,39.9,185,No Failure
7755,7756,M22615,300.4,311.8,1362,47.6,188,No Failure
7756,7757,L54936,300.5,311.8,1368,57.9,191,Overstrain Failure
7757,7758,M22617,300.3,311.7,1723,28.3,193,No Failure
7758,7759,L54938,300.4,311.8,1689,30.8,196,No Failure
7759,7760,L54939,300.4,311.8,1272,59.2,198,Overstrain Failure
7760,7761,M22620,300.4,311.7,1511,33.0,200,No Failure
7761,7762,H37175,300.4,311.6,1715,30.8,203,No Failure
7762,7763,M22622,300.3,311.5,1400,43.8,0,No Failure
7763,7764,L54943,300.4,311.6,1200,76.6,3,Power Failure
7764,7765,M22624,300.4,311.7,1555,38.7,5,No Failure
7765,7766,H37179,300.3,311.6,1427,56.2,8,No Failure
7766,7767,L54946,300.3,311.4,1318,52.7,13,No Failure
7767,7768,H37181,300.2,311.4,1319,54.6,15,No Failure
7768,7769,M22628,300.2,311.4,1960,20.9,20,No Failure
7769,7770,L54949,300.3,311.5,1552,38.9,23,No Failure
7770,7771,L54950,300.3,311.5,1548,32.2,25,No Failure
7771,7772,L54951,300.3,311.6,1709,29.5,27,No Failure
7772,7773,H37186,300.3,311.5,1464,41.0,29,No Failure
7773,7774,L54953,300.3,311.4,1759,24.8,34,No Failure
7774,7775,L54954,300.3,311.5,1634,31.9,36,No Failure
7775,7776,L54955,300.3,311.5,1663,33.6,38,No Failure
7776,7777,M22636,300.3,311.5,1445,47.3,40,No Failure
7777,7778,L54957,300.3,311.5,1695,25.6,43,No Failure
7778,7779,L54958,300.4,311.6,1517,39.0,45,No Failure
7779,7780,L54959,300.5,311.7,1811,26.8,47,No Failure
7780,7781,L54960,300.4,311.6,1815,23.5,49,No Failure
7781,7782,L54961,300.4,311.7,1513,40.0,51,No Failure
7782,7783,M22642,300.4,311.6,1518,36.4,53,No Failure
7783,7784,L54963,300.3,311.5,1667,28.8,56,No Failure
7784,7785,L54964,300.3,311.5,1403,60.1,58,No Failure
7785,7786,L54965,300.2,311.5,1383,42.1,60,No Failure
7786,7787,L54966,300.3,311.5,1466,46.2,62,No Failure
7787,7788,L54967,300.3,311.5,1378,47.5,64,No Failure
7788,7789,M22648,300.2,311.5,1547,40.9,66,No Failure
7789,7790,L54969,300.2,311.5,1495,38.5,69,No Failure
7790,7791,L54970,300.1,311.4,1729,29.3,71,No Failure
7791,7792,L54971,300.1,311.4,1418,47.7,73,No Failure
7792,7793,H37206,300.1,311.4,1485,40.4,75,No Failure
7793,7794,L54973,300.1,311.5,1434,40.8,80,No Failure
7794,7795,M22654,300.2,311.6,1415,55.8,82,No Failure
7795,7796,H37209,300.1,311.6,1674,29.6,85,No Failure
7796,7797,L54976,300.1,311.5,1454,52.4,90,No Failure
7797,7798,L54977,300.0,311.4,1476,39.0,92,No Failure
7798,7799,L54978,300.0,311.5,1812,28.3,94,No Failure
7799,7800,L54979,300.0,311.4,1374,41.9,96,No Failure
7800,7801,M22660,300.1,311.4,1524,40.6,98,No Failure
7801,7802,L54981,300.0,311.4,1383,49.6,101,No Failure
7802,7803,L54982,299.9,311.3,1429,58.2,103,No Failure
7803,7804,M22663,299.8,311.3,1517,41.2,105,No Failure
7804,7805,M22664,299.9,311.4,1480,44.9,108,No Failure
7805,7806,L54985,299.9,311.4,1706,28.8,111,No Failure
7806,7807,L54986,300.0,311.5,1349,48.6,113,No Failure
7807,7808,M22667,300.0,311.5,1451,49.0,115,No Failure
7808,7809,L54988,299.9,311.4,1627,36.7,118,No Failure
7809,7810,M22669,300.0,311.4,1537,35.4,120,No Failure
7810,7811,L54990,300.1,311.5,2218,17.0,123,No Failure
7811,7812,M22671,300.0,311.4,1466,39.0,125,No Failure
7812,7813,L54992,300.0,311.5,1666,32.0,128,No Failure
7813,7814,L54993,300.0,311.5,1455,41.7,130,No Failure
7814,7815,L54994,300.0,311.4,1927,24.6,132,No Failure
7815,7816,M22675,299.9,311.3,1703,28.4,134,No Failure
7816,7817,L54996,299.8,311.2,1533,35.9,137,No Failure
7817,7818,H37231,299.8,311.3,1785,25.4,139,No Failure
7818,7819,L54998,299.8,311.2,2142,16.6,144,No Failure
7819,7820,L54999,299.8,311.2,1369,46.2,146,No Failure
7820,7821,M22680,299.8,311.2,1706,29.2,148,No Failure
7821,7822,L55001,299.9,311.3,1802,24.4,151,No Failure
7822,7823,H37236,299.9,311.3,1413,41.8,153,No Failure
7823,7824,L55003,300.0,311.3,1484,53.2,158,No Failure
7824,7825,L55004,299.9,311.3,1535,38.1,160,No Failure
7825,7826,M22685,299.9,311.2,1579,35.5,162,No Failure
7826,7827,L55006,299.8,311.1,1300,64.2,165,No Failure
7827,7828,M22687,299.8,311.1,1452,44.3,167,No Failure
7828,7829,M22688,299.8,311.1,1562,35.7,170,No Failure
7829,7830,L55009,299.8,311.2,1664,28.3,173,No Failure
7830,7831,H37244,299.9,311.2,1495,35.8,175,No Failure
7831,7832,M22691,300.0,311.4,1533,42.6,180,No Failure
7832,7833,L55012,300.0,311.4,1484,37.0,183,No Failure
7833,7834,L55013,300.0,311.4,1604,38.7,185,No Failure
7834,7835,L55014,300.0,311.4,1483,45.6,187,No Failure
7835,7836,L55015,300.1,311.5,1549,34.7,189,No Failure
7836,7837,L55016,300.1,311.4,1604,35.0,191,No Failure
7837,7838,L55017,300.2,311.5,1685,31.0,193,No Failure
7838,7839,L55018,300.2,311.6,1372,49.2,195,No Failure
7839,7840,L55019,300.3,311.6,1374,47.4,197,No Failure
7840,7841,L55020,300.2,311.6,1606,31.0,199,No Failure
7841,7842,L55021,300.1,311.5,1471,47.2,201,No Failure
7842,7843,L55022,300.1,311.5,1659,31.1,203,No Failure
7843,7844,M22703,300.1,311.7,1400,48.5,205,No Failure
7844,7845,L55024,300.1,311.7,1503,42.6,208,No Failure
7845,7846,L55025,300.2,311.8,1798,23.2,210,No Failure
7846,7847,M22706,300.2,311.6,1608,35.0,212,No Failure
7847,7848,L55027,300.2,311.6,1322,50.9,215,No Failure
7848,7849,H37262,300.2,311.6,1547,37.7,217,No Failure
7849,7850,M22709,300.3,311.7,1374,47.9,222,Tool Wear Failure
7850,7851,M22710,300.3,311.7,1447,36.8,0,No Failure
7851,7852,L55031,300.4,311.7,1373,47.2,3,No Failure
7852,7853,L55032,300.3,311.7,1515,37.5,5,No Failure
7853,7854,L55033,300.3,311.7,1317,56.5,7,No Failure
7854,7855,L55034,300.3,311.8,1551,37.2,9,No Failure
7855,7856,M22715,300.3,311.8,1592,32.1,11,No Failure
7856,7857,L55036,300.4,311.8,1433,42.2,14,No Failure
7857,7858,L55037,300.5,311.9,1432,43.1,16,No Failure
7858,7859,L55038,300.5,311.9,1350,51.7,18,No Failure
7859,7860,M22719,300.5,311.9,1370,44.8,20,No Failure
7860,7861,L55040,300.5,312.0,1415,44.6,23,No Failure
7861,7862,L55041,300.5,312.0,1498,42.9,25,No Failure
7862,7863,M22722,300.5,312.0,1382,54.1,27,No Failure
7863,7864,M22723,300.5,311.9,1511,44.5,30,No Failure
7864,7865,L55044,300.5,311.9,1330,59.5,33,No Failure
7865,7866,L55045,300.5,311.9,1383,50.5,35,No Failure
7866,7867,L55046,300.5,311.9,1431,49.4,37,No Failure
7867,7868,L55047,300.5,312.0,1461,38.1,39,No Failure
7868,7869,H37282,300.4,311.9,1438,46.7,41,Random Failures
7869,7870,M22729,300.5,312.0,1779,27.7,46,No Failure
7870,7871,M22730,300.6,312.1,1293,52.3,49,No Failure
7871,7872,L55051,300.6,312.2,1308,54.7,52,No Failure
7872,7873,L55052,300.6,312.3,1532,37.2,54,No Failure
7873,7874,L55053,300.7,312.4,1470,38.6,56,No Failure
7874,7875,L55054,300.7,312.3,1548,37.9,58,No Failure
7875,7876,L55055,300.7,312.3,1898,24.0,60,No Failure
7876,7877,H37290,300.7,312.2,1335,49.0,62,No Failure
7877,7878,L55057,300.7,312.3,1420,53.8,67,No Failure
7878,7879,L55058,300.7,312.3,1418,49.0,69,No Failure
7879,7880,M22739,300.8,312.3,1535,40.3,71,No Failure
7880,7881,H37294,300.7,312.4,1457,47.2,74,No Failure
7881,7882,L55061,300.8,312.4,1493,39.1,79,No Failure
7882,7883,H37296,300.7,312.3,1670,27.3,81,No Failure
7883,7884,H37297,300.7,312.3,1446,45.4,86,No Failure
7884,7885,L55064,300.8,312.4,1465,59.1,91,Power Failure
7885,7886,L55065,300.7,312.3,1590,36.3,93,No Failure
7886,7887,M22746,300.6,312.2,2174,18.5,95,No Failure
7887,7888,L55067,300.7,312.4,1590,37.9,98,No Failure
7888,7889,L55068,300.7,312.3,1577,33.2,100,No Failure
7889,7890,M22749,300.7,312.4,1371,61.7,102,No Failure
7890,7891,L55070,300.8,312.4,1767,25.6,105,No Failure
7891,7892,L55071,300.8,312.5,1517,39.2,107,No Failure
7892,7893,M22752,300.9,312.6,1555,40.6,109,No Failure
7893,7894,L55073,300.9,312.7,1416,43.8,112,No Failure
7894,7895,M22754,300.8,312.6,1588,35.6,114,No Failure
7895,7896,L55075,300.8,312.6,1422,50.0,117,No Failure
7896,7897,L55076,300.8,312.6,1376,53.6,119,No Failure
7897,7898,L55077,300.8,312.5,1434,50.7,121,No Failure
7898,7899,L55078,300.8,312.5,1423,47.3,123,No Failure
7899,7900,L55079,300.9,312.4,1364,52.5,125,No Failure
7900,7901,L55080,300.8,312.4,1825,23.8,127,No Failure
7901,7902,L55081,300.8,312.4,1365,44.5,129,No Failure
7902,7903,M22762,300.7,312.3,1430,47.2,131,No Failure
7903,7904,L55083,300.8,312.3,1435,44.8,134,No Failure
7904,7905,M22764,300.8,312.4,1811,25.1,136,No Failure
7905,7906,M22765,300.8,312.4,1465,43.7,139,No Failure
7906,7907,L55086,300.9,312.4,1372,51.0,142,No Failure
7907,7908,L55087,300.8,312.3,1858,26.3,144,No Failure
7908,7909,L55088,300.7,312.3,1715,26.8,146,No Failure
7909,7910,L55089,300.7,312.2,1590,38.5,148,No Failure
7910,7911,M22770,300.8,312.2,1664,25.7,150,No Failure
7911,7912,L55091,300.7,312.1,1512,36.9,153,No Failure
7912,7913,L55092,300.7,312.1,1498,44.0,155,No Failure
7913,7914,L55093,300.7,312.1,1395,41.9,157,No Failure
7914,7915,H37328,300.7,312.1,1490,43.1,159,No Failure
7915,7916,H37329,300.8,312.1,1527,35.1,164,No Failure
7916,7917,L55096,300.8,312.1,1512,37.1,169,No Failure
7917,7918,L55097,300.9,312.1,1474,42.4,171,No Failure
7918,7919,L55098,300.8,312.1,1505,41.3,173,No Failure
7919,7920,L55099,300.8,312.0,1496,40.0,175,No Failure
7920,7921,L55100,300.8,312.0,1382,49.3,177,No Failure
7921,7922,L55101,300.7,311.9,1419,47.7,179,No Failure
7922,7923,L55102,300.7,311.9,1462,39.7,181,No Failure
7923,7924,M22783,300.8,312.0,1450,45.0,183,No Failure
7924,7925,H37338,300.7,311.9,1389,46.5,186,No Failure
7925,7926,M22785,300.7,311.9,1697,28.2,191,No Failure
7926,7927,L55106,300.7,311.9,1335,57.1,194,Overstrain Failure
7927,7928,L55107,300.7,311.9,1476,42.0,196,No Failure
7928,7929,L55108,300.6,311.7,1497,43.6,198,No Failure
7929,7930,M22789,300.6,311.6,1669,29.2,200,No Failure
7930,7931,L55110,300.6,311.6,1455,48.0,203,No Failure
7931,7932,L55111,300.7,311.7,1499,38.4,205,No Failure
7932,7933,L55112,300.7,311.8,1478,41.9,207,No Failure
7933,7934,L55113,300.8,311.8,1928,21.8,209,No Failure
7934,7935,M22794,300.8,311.9,1621,28.3,211,No Failure
7935,7936,M22795,300.8,311.9,1356,44.3,214,No Failure
7936,7937,L55116,300.8,311.7,1490,46.4,217,No Failure
7937,7938,L55117,300.8,311.7,1578,31.4,219,No Failure
7938,7939,L55118,300.8,311.7,1681,31.3,221,No Failure
7939,7940,L55119,300.8,311.8,1417,43.4,223,No Failure
7940,7941,M22800,300.7,311.7,1532,40.0,0,No Failure
7941,7942,M22801,300.7,311.7,1499,38.9,3,No Failure
7942,7943,L55122,300.8,311.7,1432,45.8,6,No Failure
7943,7944,L55123,300.8,311.7,1753,29.0,8,No Failure
7944,7945,L55124,300.8,311.7,1414,49.0,10,No Failure
7945,7946,L55125,300.8,311.7,1655,32.2,12,No Failure
7946,7947,L55126,300.8,311.6,1516,35.6,14,No Failure
7947,7948,L55127,300.8,311.7,1426,45.5,16,No Failure
7948,7949,L55128,300.8,311.7,1479,39.4,18,No Failure
7949,7950,M22809,300.7,311.5,1569,36.4,20,No Failure
7950,7951,L55130,300.8,311.6,1568,36.0,23,No Failure
7951,7952,M22811,300.9,311.8,1843,24.5,25,No Failure
7952,7953,M22812,300.9,311.9,1480,40.9,28,No Failure
7953,7954,L55133,301.0,312.0,1447,36.8,31,No Failure
7954,7955,L55134,301.0,311.9,1454,41.9,33,No Failure
7955,7956,M22815,300.9,311.9,1310,56.1,35,No Failure
7956,7957,H37370,300.9,311.9,1513,38.0,38,No Failure
7957,7958,H37371,300.9,311.9,2140,16.5,43,No Failure
7958,7959,L55138,301.0,312.1,1377,49.9,48,No Failure
7959,7960,L55139,301.0,312.1,1585,32.3,50,No Failure
7960,7961,H37374,301.1,312.2,1491,42.6,52,No Failure
7961,7962,L55141,301.0,312.2,1264,59.0,57,No Failure
7962,7963,L55142,301.0,312.2,1372,47.0,59,No Failure
7963,7964,L55143,301.0,312.2,1510,39.9,61,No Failure
7964,7965,L55144,300.9,312.1,1423,40.2,63,No Failure
7965,7966,L55145,301.1,312.3,1464,35.3,65,No Failure
7966,7967,L55146,301.0,312.2,1602,35.9,67,No Failure
7967,7968,M22827,301.0,312.2,1629,32.6,69,No Failure
7968,7969,L55148,300.9,312.2,1811,23.2,72,No Failure
7969,7970,L55149,300.9,312.1,1711,28.8,74,No Failure
7970,7971,M22830,300.9,312.1,1297,48.6,76,No Failure
7971,7972,L55151,301.0,312.1,1405,46.1,79,No Failure
7972,7973,L55152,301.1,312.2,1397,54.9,81,No Failure
7973,7974,L55153,301.1,312.3,1682,29.7,83,No Failure
7974,7975,L55154,301.2,312.3,1528,38.4,85,No Failure
7975,7976,M22835,301.2,312.3,1548,38.3,87,No Failure
7976,7977,H37390,301.2,312.4,1395,47.8,90,No Failure
7977,7978,L55157,301.2,312.4,1378,59.0,95,No Failure
7978,7979,L55158,301.2,312.4,1480,53.5,97,No Failure
7979,7980,M22839,301.2,312.4,1428,36.6,99,No Failure
7980,7981,M22840,301.2,312.4,1505,39.6,102,No Failure
7981,7982,L55161,301.0,312.3,1445,36.4,105,No Failure
7982,7983,L55162,301.0,312.3,1488,42.6,107,No Failure
7983,7984,L55163,301.0,312.2,1601,33.0,109,No Failure
7984,7985,L55164,301.0,312.3,1550,34.9,111,No Failure
7985,7986,L55165,301.0,312.2,1540,34.1,113,No Failure
7986,7987,L55166,301.1,312.3,1587,34.5,115,No Failure
7987,7988,H37401,301.0,312.2,1489,40.3,117,No Failure
7988,7989,L55168,301.1,312.3,1486,34.9,122,No Failure
7989,7990,L55169,301.1,312.4,1430,37.9,124,No Failure
7990,7991,M22850,301.1,312.4,1809,25.1,126,No Failure
7991,7992,L55171,301.1,312.3,1534,39.0,129,No Failure
7992,7993,M22852,301.1,312.3,1852,25.9,131,No Failure
7993,7994,L55173,301.1,312.3,1595,31.9,134,No Failure
7994,7995,L55174,301.0,312.3,1424,43.5,136,No Failure
7995,7996,L55175,301.0,312.2,1776,28.8,138,No Failure
7996,7997,M22856,301.0,312.2,1499,41.5,140,No Failure
7997,7998,M22857,301.0,312.2,2710,9.7,143,Power Failure
7998,7999,L55178,300.9,312.1,1359,51.7,146,No Failure
7999,8000,M22859,300.9,312.1,1617,31.0,148,No Failure
8000,8001,M22860,300.8,312.0,1443,53.3,151,No Failure
8001,8002,L55181,300.8,312.0,1374,50.2,154,No Failure
8002,8003,M22862,300.9,312.1,1851,23.0,156,No Failure
8003,8004,M22863,300.8,312.0,1274,67.3,159,No Failure
8004,8005,L55184,300.9,312.0,1533,44.0,162,No Failure
8005,8006,L55185,300.8,312.0,1477,37.3,164,No Failure
8006,8007,L55186,300.9,312.1,1462,46.0,166,No Failure
8007,8008,M22867,301.0,312.1,1664,28.4,168,No Failure
8008,8009,L55188,300.8,311.9,1414,41.1,171,No Failure
8009,8010,H37423,300.9,312.0,2129,17.8,173,No Failure
8010,8011,L55190,300.8,311.8,1323,61.1,178,No Failure
8011,8012,L55191,300.8,311.8,1427,43.3,180,No Failure
8012,8013,M22872,300.9,312.0,1375,56.1,182,No Failure
8013,8014,M22873,300.9,312.0,1402,50.7,185,No Failure
8014,8015,L55194,300.9,312.0,1500,44.2,188,No Failure
8015,8016,M22875,301.0,312.0,1558,37.5,190,No Failure
8016,8017,M22876,300.9,312.0,1447,41.4,193,No Failure
8017,8018,L55197,301.0,312.0,1518,39.3,196,No Failure
8018,8019,L55198,301.0,311.9,1889,23.5,198,No Failure
8019,8020,L55199,301.0,312.1,1675,30.7,200,No Failure
8020,8021,H37434,300.9,312.0,1720,27.9,202,No Failure
8021,8022,M22881,301.0,312.0,1499,34.6,207,No Failure
8022,8023,L55202,300.9,312.0,1441,43.8,210,No Failure
8023,8024,H37437,300.9,312.0,1397,42.7,212,No Failure
8024,8025,L55204,300.9,312.0,1493,38.7,217,No Failure
8025,8026,M22885,300.8,312.0,1422,50.7,219,No Failure
8026,8027,L55206,300.7,311.9,1399,50.2,222,Overstrain Failure
8027,8028,L55207,300.6,311.9,1425,44.9,224,No Failure
8028,8029,L55208,300.6,311.8,1501,44.8,226,No Failure
8029,8030,M22889,300.6,311.9,1629,35.3,0,No Failure
8030,8031,L55210,300.6,312.0,1490,42.2,3,No Failure
8031,8032,L55211,300.7,312.0,1550,32.4,5,No Failure
8032,8033,L55212,300.8,312.0,1416,46.5,7,No Failure
8033,8034,L55213,300.7,311.9,1485,38.8,9,No Failure
8034,8035,L55214,300.7,311.8,1564,36.8,11,No Failure
8035,8036,L55215,300.7,311.7,1910,19.7,13,No Failure
8036,8037,L55216,300.7,311.7,1460,46.1,15,No Failure
8037,8038,L55217,300.7,311.8,1603,34.1,17,No Failure
8038,8039,L55218,300.7,311.8,1486,47.3,19,No Failure
8039,8040,L55219,300.8,311.9,1560,31.8,21,No Failure
8040,8041,L55220,300.8,311.9,1498,39.3,23,No Failure
8041,8042,H37455,300.8,311.9,1431,48.5,25,No Failure
8042,8043,L55222,300.8,311.9,1486,45.1,30,No Failure
8043,8044,L55223,300.7,311.9,1486,35.8,32,No Failure
8044,8045,L55224,300.7,311.8,1441,38.1,34,No Failure
8045,8046,M22905,300.7,311.9,1366,55.1,36,No Failure
8046,8047,L55226,300.6,311.8,1471,41.4,39,No Failure
8047,8048,L55227,300.6,311.9,1463,38.2,41,No Failure
8048,8049,L55228,300.6,311.9,1413,41.3,43,No Failure
8049,8050,H37463,300.6,311.9,1604,30.5,45,No Failure
8050,8051,L55230,300.7,312.0,1401,51.1,50,No Failure
8051,8052,L55231,300.6,311.8,1652,27.2,52,No Failure
8052,8053,L55232,300.5,311.9,1403,45.7,54,No Failure
8053,8054,L55233,300.5,311.9,1887,21.7,56,No Failure
8054,8055,L55234,300.4,311.8,1405,47.9,58,No Failure
8055,8056,H37469,300.2,311.6,1496,41.1,60,No Failure
8056,8057,L55236,300.1,311.5,1499,43.4,65,No Failure
8057,8058,L55237,300.2,311.5,1549,37.2,67,No Failure
8058,8059,L55238,300.3,311.6,1515,44.9,69,No Failure
8059,8060,L55239,300.2,311.6,1540,37.7,71,No Failure
8060,8061,H37474,300.2,311.5,1426,44.3,73,No Failure
8061,8062,M22921,300.2,311.6,1465,41.4,78,No Failure
8062,8063,M22922,300.3,311.6,1359,54.1,81,No Failure
8063,8064,M22923,300.3,311.7,1551,36.4,84,No Failure
8064,8065,L55244,300.5,311.8,1596,34.8,87,No Failure
8065,8066,M22925,300.5,311.9,1670,26.3,89,No Failure
8066,8067,L55246,300.4,311.9,1868,21.3,92,No Failure
8067,8068,M22927,300.6,312.0,1490,39.8,94,No Failure
8068,8069,M22928,300.5,311.9,1676,35.2,97,No Failure
8069,8070,M22929,300.5,311.9,1875,22.1,100,No Failure
8070,8071,M22930,300.5,312.0,1867,23.0,103,No Failure
8071,8072,L55251,300.5,312.0,1646,29.5,106,No Failure
8072,8073,H37486,300.5,312.0,1375,43.2,108,No Failure
8073,8074,L55253,300.5,312.0,1558,36.7,113,No Failure
8074,8075,L55254,300.4,312.0,1631,34.9,115,No Failure
8075,8076,L55255,300.4,312.0,1366,43.0,117,No Failure
8076,8077,L55256,300.3,311.8,1360,48.0,119,No Failure
8077,8078,L55257,300.3,311.8,1547,39.7,121,No Failure
8078,8079,L55258,300.3,311.7,1571,31.2,123,No Failure
8079,8080,L55259,300.2,311.5,1528,36.1,125,No Failure
8080,8081,H37494,300.2,311.5,1432,43.6,127,No Failure
8081,8082,L55261,300.2,311.6,1356,53.5,132,No Failure
8082,8083,H37496,300.1,311.5,1422,46.2,134,No Failure
8083,8084,L55263,300.1,311.4,1438,42.2,139,No Failure
8084,8085,L55264,300.2,311.4,1483,44.4,141,No Failure
8085,8086,L55265,300.2,311.4,1331,49.8,143,No Failure
8086,8087,L55266,300.2,311.4,1463,37.5,145,No Failure
8087,8088,L55267,300.1,311.4,1446,40.6,147,No Failure
8088,8089,L55268,300.1,311.4,1356,45.7,149,No Failure
8089,8090,L55269,300.1,311.3,1676,30.3,151,No Failure
8090,8091,L55270,300.1,311.4,1910,23.0,153,No Failure
8091,8092,L55271,300.2,311.6,1375,56.9,155,No Failure
8092,8093,M22952,300.2,311.6,1513,40.8,157,No Failure
8093,8094,L55273,300.2,311.6,1511,35.7,160,No Failure
8094,8095,H37508,300.2,311.6,1662,28.8,162,No Failure
8095,8096,L55275,300.2,311.7,1493,48.3,167,No Failure
8096,8097,M22956,300.2,311.7,1555,37.4,169,No Failure
8097,8098,L55277,300.3,311.7,1452,41.5,172,No Failure
8098,8099,L55278,300.2,311.6,1500,39.0,174,No Failure
8099,8100,L55279,300.2,311.7,1603,30.5,176,No Failure
8100,8101,L55280,300.3,311.7,1682,27.8,178,No Failure
8101,8102,L55281,300.3,311.8,1567,37.7,180,No Failure
8102,8103,L55282,300.3,311.8,1413,46.0,182,No Failure
8103,8104,M22963,300.3,311.9,1429,41.6,184,No Failure
8104,8105,L55284,300.3,311.9,1692,31.5,187,No Failure
8105,8106,L55285,300.4,311.9,1476,48.7,189,No Failure
8106,8107,M22966,300.4,312.0,1596,30.4,191,No Failure
8107,8108,H37521,300.3,311.9,1390,49.0,194,No Failure
8108,8109,M22968,300.3,311.8,1607,33.7,199,No Failure
8109,8110,L55289,300.3,311.7,1821,26.3,202,No Failure
8110,8111,H37524,300.3,311.8,2141,18.5,204,No Failure
8111,8112,M22971,300.4,311.8,1553,33.1,209,Tool Wear Failure
8112,8113,M22972,300.4,311.8,1442,45.1,0,No Failure
8113,8114,L55293,300.4,311.7,1459,45.6,3,No Failure
8114,8115,H37528,300.4,311.8,2496,13.5,5,No Failure
8115,8116,L55295,300.4,311.8,1367,57.2,10,No Failure
8116,8117,L55296,300.3,311.8,2004,19.6,12,No Failure
8117,8118,L55297,300.3,311.7,1406,47.5,14,No Failure
8118,8119,L55298,300.3,311.8,1548,33.0,16,No Failure
8119,8120,L55299,300.3,311.7,1333,55.2,18,No Failure
8120,8121,L55300,300.2,311.6,1767,26.4,20,No Failure
8121,8122,L55301,300.2,311.6,1827,27.0,22,No Failure
8122,8123,M22982,300.2,311.6,1533,46.4,24,No Failure
8123,8124,H37537,300.2,311.5,1515,36.8,27,No Failure
8124,8125,L55304,300.2,311.4,1568,41.0,32,No Failure
8125,8126,L55305,300.2,311.4,1452,47.8,34,No Failure
8126,8127,L55306,300.2,311.4,1433,37.9,36,No Failure
8127,8128,M22987,300.1,311.3,1650,33.8,38,No Failure
8128,8129,L55308,300.1,311.4,1629,31.3,41,No Failure
8129,8130,L55309,300.0,311.3,1520,39.2,43,No Failure
8130,8131,H37544,300.0,311.2,1393,43.1,45,No Failure
8131,8132,H37545,299.9,311.2,1364,49.6,50,No Failure
8132,8133,M22992,299.9,311.3,1389,50.0,55,No Failure
8133,8134,L55313,299.8,311.1,1466,46.1,58,No Failure
8134,8135,L55314,299.7,311.1,1650,32.4,60,No Failure
8135,8136,L55315,299.6,311.0,1554,36.3,62,No Failure
8136,8137,M22996,299.6,310.9,1474,39.7,64,No Failure
8137,8138,H37551,299.5,310.8,1600,32.4,67,No Failure
8138,8139,L55318,299.5,310.8,1356,54.9,72,No Failure
8139,8140,L55319,299.5,310.8,1571,38.2,74,No Failure
8140,8141,L55320,299.6,310.9,1658,28.0,76,No Failure
8141,8142,L55321,299.6,310.8,1393,49.9,78,No Failure
8142,8143,M23002,299.7,311.0,1448,49.8,80,No Failure
8143,8144,L55323,299.7,310.9,1477,40.4,83,No Failure
8144,8145,M23004,299.7,311.0,1506,42.7,85,No Failure
8145,8146,M23005,299.7,310.9,1685,32.1,88,No Failure
8146,8147,L55326,299.6,310.9,1533,31.8,91,No Failure
8147,8148,L55327,299.5,310.8,1447,41.0,93,No Failure
8148,8149,M23008,299.5,310.7,1488,39.5,95,No Failure
8149,8150,M23009,299.6,310.8,1427,50.4,98,No Failure
8150,8151,M23010,299.5,310.7,1424,41.3,101,No Failure
8151,8152,L55331,299.5,310.7,1472,40.9,104,No Failure
8152,8153,L55332,299.5,310.7,1438,45.7,106,No Failure
8153,8154,L55333,299.6,310.8,1507,42.4,108,No Failure
8154,8155,L55334,299.6,310.7,1393,52.1,110,No Failure
8155,8156,L55335,299.5,310.8,1283,52.4,112,No Failure
8156,8157,L55336,299.6,310.8,1644,30.9,114,No Failure
8157,8158,L55337,299.6,310.8,1498,46.9,116,No Failure
8158,8159,L55338,299.6,310.8,1400,40.8,118,No Failure
8159,8160,H37573,299.6,310.9,1679,31.2,120,No Failure
8160,8161,M23020,299.7,311.1,1618,30.3,125,No Failure
8161,8162,H37575,299.6,311.0,1714,30.2,128,No Failure
8162,8163,L55342,299.6,311.0,1574,35.0,133,No Failure
8163,8164,L55343,299.7,311.1,1574,36.4,135,No Failure
8164,8165,L55344,299.6,310.9,1472,40.9,137,No Failure
8165,8166,L55345,299.6,311.0,1552,33.2,139,No Failure
8166,8167,L55346,299.7,311.1,1603,31.4,141,No Failure
8167,8168,H37581,299.7,311.1,1353,47.1,143,No Failure
8168,8169,L55348,299.7,311.1,1690,30.6,148,No Failure
8169,8170,M23029,299.8,311.2,1745,26.3,150,No Failure
8170,8171,L55350,299.9,311.3,1522,45.7,153,No Failure
8171,8172,H37585,300.0,311.4,1641,34.5,155,No Failure
8172,8173,L55352,299.9,311.4,1596,28.9,160,No Failure
8173,8174,H37587,299.9,311.4,1497,37.0,162,No Failure
8174,8175,L55354,299.9,311.3,1371,52.3,167,No Failure
8175,8176,M23035,299.9,311.3,1445,41.2,169,No Failure
8176,8177,L55356,299.8,311.2,1564,40.0,172,No Failure
8177,8178,L55357,299.7,311.1,1439,44.9,174,No Failure
8178,8179,L55358,299.7,311.2,1352,52.1,176,No Failure
8179,8180,L55359,299.8,311.3,1560,35.4,178,No Failure
8180,8181,M23040,299.7,311.2,1616,42.3,180,No Failure
8181,8182,L55361,299.7,311.2,1835,23.7,183,No Failure
8182,8183,M23042,299.7,311.1,1649,32.7,185,No Failure
8183,8184,L55363,299.8,311.1,1452,47.3,188,No Failure
8184,8185,L55364,299.8,311.1,2144,17.7,190,No Failure
8185,8186,L55365,299.7,311.1,1554,41.0,192,No Failure
8186,8187,L55366,299.7,311.0,1827,25.4,194,No Failure
8187,8188,L55367,299.6,310.9,1448,46.3,196,No Failure
8188,8189,M23048,299.6,310.9,1530,38.8,198,No Failure
8189,8190,L55369,299.7,311.0,1983,21.0,201,No Failure
8190,8191,M23050,299.7,310.9,1620,37.2,203,No Failure
8191,8192,M23051,299.6,310.9,1630,29.8,206,No Failure
8192,8193,L55372,299.6,310.9,1229,65.2,209,Overstrain Failure
8193,8194,L55373,299.5,310.8,1873,22.3,211,No Failure
8194,8195,L55374,299.4,310.7,1426,45.7,213,No Failure
8195,8196,L55375,299.4,310.8,1376,53.9,215,Overstrain Failure
8196,8197,L55376,299.4,310.8,1622,33.6,217,No Failure
8197,8198,M23057,299.4,310.7,1492,45.7,219,No Failure
8198,8199,M23058,299.3,310.7,1374,48.9,222,No Failure
8199,8200,L55379,299.2,310.7,1737,27.0,225,Tool Wear Failure
8200,8201,L55380,299.3,310.8,1426,42.4,0,No Failure
8201,8202,M23061,299.3,310.9,1826,25.1,2,No Failure
8202,8203,L55382,299.3,310.9,1669,32.4,5,No Failure
8203,8204,M23063,299.4,310.9,1473,40.1,7,No Failure
8204,8205,L55384,299.4,310.9,1751,27.8,10,No Failure
8205,8206,M23065,299.4,310.9,1446,47.3,12,No Failure
8206,8207,L55386,299.3,310.8,1483,43.5,15,No Failure
8207,8208,L55387,299.2,310.7,1535,42.6,17,No Failure
8208,8209,L55388,299.2,310.7,1477,44.0,19,No Failure
8209,8210,L55389,299.3,310.8,1391,46.9,21,No Failure
8210,8211,H37624,299.2,310.7,1636,29.4,23,No Failure
8211,8212,L55391,299.2,310.6,1675,33.3,28,No Failure
8212,8213,H37626,299.2,310.5,1329,48.9,30,No Failure
8213,8214,M23073,299.2,310.5,1548,33.5,35,No Failure
8214,8215,L55394,299.2,310.5,1391,45.8,38,No Failure
8215,8216,L55395,299.1,310.5,1437,43.1,40,No Failure
8216,8217,L55396,299.2,310.6,1370,61.9,42,No Failure
8217,8218,L55397,299.1,310.6,1577,37.1,44,No Failure
8218,8219,L55398,299.1,310.5,1485,37.8,46,No Failure
8219,8220,L55399,299.0,310.4,1504,34.3,48,No Failure
8220,8221,M23080,298.9,310.3,1551,35.2,50,No Failure
8221,8222,M23081,299.1,310.5,1428,43.0,53,No Failure
8222,8223,L55402,299.0,310.5,1755,27.9,56,No Failure
8223,8224,L55403,299.1,310.5,1329,54.9,58,No Failure
8224,8225,L55404,299.1,310.5,1496,35.2,60,No Failure
8225,8226,L55405,299.1,310.5,1532,36.6,62,No Failure
8226,8227,L55406,299.1,310.5,1389,61.4,64,No Failure
8227,8228,M23087,299.1,310.4,1524,51.4,66,No Failure
8228,8229,M23088,299.1,310.4,1422,49.3,69,No Failure
8229,8230,L55409,299.1,310.5,1739,27.4,72,No Failure
8230,8231,L55410,299.1,310.5,1736,26.9,74,No Failure
8231,8232,L55411,299.1,310.5,1419,48.8,76,No Failure
8232,8233,L55412,299.1,310.6,1326,49.7,78,No Failure
8233,8234,M23093,299.1,310.6,1449,43.2,80,No Failure
8234,8235,L55414,299.2,310.6,1534,39.7,83,No Failure
8235,8236,M23095,299.2,310.6,1443,50.9,85,No Failure
8236,8237,L55416,299.2,310.6,1498,41.1,88,No Failure
8237,8238,L55417,299.1,310.6,1796,26.0,90,No Failure
8238,8239,L55418,299.1,310.4,1519,45.3,92,No Failure
8239,8240,L55419,299.0,310.4,1339,49.6,94,No Failure
8240,8241,L55420,299.0,310.4,1483,41.5,96,No Failure
8241,8242,M23101,298.9,310.2,2099,20.0,98,No Failure
8242,8243,M23102,299.0,310.3,1689,29.7,101,No Failure
8243,8244,H37657,299.1,310.4,1369,54.5,104,No Failure
8244,8245,L55424,299.0,310.4,1512,38.8,109,No Failure
8245,8246,M23105,299.0,310.3,1303,68.6,111,Power Failure
8246,8247,L55426,299.0,310.3,1552,39.9,114,No Failure
8247,8248,L55427,299.0,310.4,1713,28.0,116,No Failure
8248,8249,L55428,298.9,310.3,1456,44.1,118,No Failure
8249,8250,L55429,299.0,310.4,1524,39.8,120,No Failure
8250,8251,M23110,299.0,310.4,1394,45.2,122,No Failure
8251,8252,L55431,299.0,310.4,1981,21.2,125,No Failure
8252,8253,L55432,299.0,310.4,1565,36.1,127,No Failure
8253,8254,L55433,299.1,310.4,1657,31.0,129,No Failure
8254,8255,M23114,299.0,310.4,1625,37.1,131,No Failure
8255,8256,L55435,299.0,310.4,1606,31.1,134,No Failure
8256,8257,H37670,299.0,310.5,1336,56.8,136,No Failure
8257,8258,M23117,299.0,310.6,1587,34.2,141,No Failure
8258,8259,L55438,299.1,310.6,1602,39.7,144,No Failure
8259,8260,L55439,299.1,310.5,1471,38.4,146,No Failure
8260,8261,H37674,299.1,310.6,1332,48.0,148,No Failure
8261,8262,H37675,299.2,310.6,1434,48.4,153,No Failure
8262,8263,L55442,299.1,310.6,1921,23.9,158,No Failure
8263,8264,H37677,299.2,310.6,1704,30.6,160,No Failure
8264,8265,M23124,299.1,310.6,1397,49.5,165,No Failure
8265,8266,H37679,299.1,310.6,1791,28.0,168,No Failure
8266,8267,L55446,299.1,310.6,1818,24.1,173,No Failure
8267,8268,L55447,299.2,310.7,1540,36.3,175,No Failure
8268,8269,M23128,299.2,310.8,1502,39.8,177,No Failure
8269,8270,H37683,299.2,310.8,1761,30.4,180,No Failure
8270,8271,M23130,299.1,310.8,1517,38.4,185,No Failure
8271,8272,L55451,299.1,310.7,1309,51.1,188,No Failure
8272,8273,L55452,298.9,310.6,1363,52.6,190,No Failure
8273,8274,M23133,299.0,310.6,1787,22.2,192,No Failure
8274,8275,L55454,298.9,310.5,1640,29.2,195,No Failure
8275,8276,M23135,298.9,310.6,1720,25.3,197,No Failure
8276,8277,L55456,298.8,310.5,1384,52.8,200,No Failure
8277,8278,H37691,298.8,310.5,1294,55.8,202,No Failure
8278,8279,L55458,298.8,310.5,1464,46.4,207,No Failure
8279,8280,L55459,298.8,310.6,1803,25.4,209,No Failure
8280,8281,L55460,298.8,310.6,1602,39.1,211,No Failure
8281,8282,H37695,298.9,310.6,1519,38.8,213,No Failure
8282,8283,M23142,298.9,310.7,1638,33.6,218,No Failure
8283,8284,H37697,298.9,310.6,1615,33.0,221,No Failure
8284,8285,L55464,298.8,310.6,1651,33.3,0,No Failure
8285,8286,L55465,298.9,310.6,1387,52.7,2,No Failure
8286,8287,M23146,298.8,310.5,1678,32.8,4,No Failure
8287,8288,L55467,298.9,310.6,1585,38.1,7,No Failure
8288,8289,M23148,298.8,310.6,1640,33.8,9,No Failure
8289,8290,L55469,298.9,310.6,1406,43.8,12,No Failure
8290,8291,M23150,298.9,310.6,1679,35.8,14,No Failure
8291,8292,L55471,298.9,310.5,1717,26.9,17,No Failure
8292,8293,H37706,298.9,310.5,1429,39.9,19,No Failure
8293,8294,M23153,298.9,310.4,1533,44.4,24,No Failure
8294,8295,M23154,298.9,310.5,1525,38.5,27,No Failure
8295,8296,L55475,298.9,310.4,1739,26.3,30,No Failure
8296,8297,L55476,298.9,310.3,1436,39.0,32,No Failure
8297,8298,M23157,298.8,310.2,1595,33.1,34,No Failure
8298,8299,H37712,298.7,310.1,1435,45.6,37,No Failure
8299,8300,L55479,298.7,310.0,1637,31.8,42,No Failure
8300,8301,L55480,298.7,310.1,1558,37.6,44,No Failure
8301,8302,M23161,298.7,310.1,1644,34.1,46,No Failure
8302,8303,L55482,298.7,310.1,1641,31.1,49,No Failure
8303,8304,L55483,298.8,310.2,1504,41.0,51,No Failure
8304,8305,M23164,298.7,310.1,1506,50.7,53,No Failure
8305,8306,H37719,298.8,310.1,1380,44.0,56,No Failure
8306,8307,M23166,298.7,310.1,1549,42.5,61,No Failure
8307,8308,M23167,298.7,310.1,1402,69.7,64,Power Failure
8308,8309,L55488,298.7,310.1,1401,45.3,67,No Failure
8309,8310,M23169,298.7,310.0,1459,40.2,69,No Failure
8310,8311,L55490,298.7,309.9,1465,39.7,72,No Failure
8311,8312,M23171,298.8,310.0,1295,52.7,74,No Failure
8312,8313,M23172,298.8,310.0,1529,38.5,77,No Failure
8313,8314,M23173,298.8,310.0,1484,44.9,80,No Failure
8314,8315,L55494,298.8,309.9,1739,30.6,83,No Failure
8315,8316,H37729,298.7,309.8,1422,40.7,85,No Failure
8316,8317,L55496,298.8,309.8,1463,40.0,90,No Failure
8317,8318,L55497,298.7,309.7,1667,30.4,92,No Failure
8318,8319,H37732,298.7,309.7,1565,39.3,94,No Failure
8319,8320,L55499,298.7,309.7,1393,45.7,99,No Failure
8320,8321,M23180,298.8,309.7,1453,47.7,101,No Failure
8321,8322,L55501,298.8,309.6,1442,50.0,104,No Failure
8322,8323,L55502,298.7,309.6,1364,44.9,106,No Failure
8323,8324,H37737,298.7,309.5,1453,40.4,108,No Failure
8324,8325,M23184,298.7,309.5,1394,46.0,113,No Failure
8325,8326,M23185,298.7,309.5,1500,38.8,116,No Failure
8326,8327,H37740,298.6,309.5,1523,34.2,119,No Failure
8327,8328,M23187,298.7,309.6,1254,57.1,124,No Failure
8328,8329,L55508,298.6,309.5,1325,52.2,127,No Failure
8329,8330,L55509,298.8,309.7,1424,49.6,129,No Failure
8330,8331,L55510,298.8,309.7,1505,39.0,131,No Failure
8331,8332,M23191,298.8,309.7,1392,48.7,133,No Failure
8332,8333,L55512,298.8,309.7,1529,44.0,136,No Failure
8333,8334,M23193,298.8,309.7,1477,48.5,138,No Failure
8334,8335,M23194,298.8,309.7,1459,47.3,141,No Failure
8335,8336,M23195,299.0,309.8,2240,15.9,144,No Failure
8336,8337,L55516,298.9,309.7,1449,48.8,147,No Failure
8337,8338,M23197,298.8,309.7,1589,35.3,149,No Failure
8338,8339,L55518,298.8,309.7,1740,28.5,152,No Failure
8339,8340,M23199,298.8,309.7,1499,40.3,154,No Failure
8340,8341,M23200,298.8,309.7,1480,38.1,157,No Failure
8341,8342,L55521,298.8,309.7,1751,29.6,160,No Failure
8342,8343,L55522,298.7,309.7,1510,40.6,162,No Failure
8343,8344,H37757,298.8,309.8,1437,48.2,164,No Failure
8344,8345,L55524,298.8,309.7,1609,40.4,169,No Failure
8345,8346,H37759,298.8,309.8,1490,35.9,171,No Failure
8346,8347,L55526,298.7,309.7,1601,35.7,176,No Failure
8347,8348,L55527,298.7,309.6,1665,31.1,178,No Failure
8348,8349,M23208,298.7,309.6,1452,42.7,180,No Failure
8349,8350,M23209,298.7,309.5,1487,33.6,183,No Failure
8350,8351,M23210,298.7,309.6,1382,48.1,186,No Failure
8351,8352,M23211,298.7,309.6,1686,26.2,189,No Failure
8352,8353,L55532,298.6,309.6,1491,36.9,192,No Failure
8353,8354,L55533,298.7,309.6,1442,55.6,194,No Failure
8354,8355,L55534,298.6,309.6,1390,50.3,196,No Failure
8355,8356,L55535,298.7,309.6,1502,46.7,198,No Failure
8356,8357,M23216,298.6,309.6,1344,59.4,200,No Failure
8357,8358,L55537,298.5,309.5,1385,46.3,203,Tool Wear Failure
8358,8359,L55538,298.7,309.7,1547,37.4,0,No Failure
8359,8360,M23219,298.6,309.6,1525,42.4,2,No Failure
8360,8361,L55540,298.6,309.6,1540,35.8,5,No Failure
8361,8362,L55541,298.6,309.5,1450,44.3,7,No Failure
8362,8363,L55542,298.6,309.6,1353,62.5,9,No Failure
8363,8364,L55543,298.8,309.7,1582,45.0,11,No Failure
8364,8365,L55544,298.9,309.8,1396,49.0,13,No Failure
8365,8366,M23225,298.8,309.8,1551,36.6,15,No Failure
8366,8367,M23226,298.9,309.8,1836,22.8,18,No Failure
8367,8368,L55547,298.9,309.8,1390,49.9,21,No Failure
8368,8369,L55548,298.9,309.8,1534,42.1,23,No Failure
8369,8370,L55549,298.8,309.7,1953,20.6,25,No Failure
8370,8371,L55550,298.8,309.8,1634,33.6,27,No Failure
8371,8372,L55551,298.7,309.7,1881,21.7,29,No Failure
8372,8373,M23232,298.8,309.7,1448,44.8,31,No Failure
8373,8374,M23233,298.7,309.7,1362,50.5,34,No Failure
8374,8375,L55554,298.8,309.7,1225,63.4,37,No Failure
8375,8376,M23235,298.8,309.6,1384,48.2,39,No Failure
8376,8377,L55556,298.8,309.8,1334,49.3,42,No Failure
8377,8378,L55557,298.8,309.7,1336,50.3,44,No Failure
8378,8379,M23238,298.8,309.9,1331,61.6,46,No Failure
8379,8380,L55559,298.8,309.9,1629,31.9,49,No Failure
8380,8381,L55560,298.9,310.0,1776,25.7,51,No Failure
8381,8382,H37795,298.8,310.0,1530,38.3,53,No Failure
8382,8383,L55562,298.9,310.0,1719,27.3,58,No Failure
8383,8384,M23243,298.8,309.9,1495,35.2,60,No Failure
8384,8385,L55564,298.8,309.7,1450,43.1,63,No Failure
8385,8386,H37799,298.8,309.8,1563,38.8,65,No Failure
8386,8387,M23246,298.9,309.9,1501,37.1,70,No Failure
8387,8388,L55567,298.8,309.9,1351,47.2,73,No Failure
8388,8389,L55568,298.9,309.9,1365,46.5,75,No Failure
8389,8390,L55569,298.8,309.9,1525,39.7,77,No Failure
8390,8391,M23250,298.8,309.8,1288,61.9,79,No Failure
8391,8392,L55571,298.6,309.6,1423,42.7,82,No Failure
8392,8393,M23252,298.5,309.6,1502,39.4,84,No Failure
8393,8394,L55573,298.5,309.5,1428,43.5,87,No Failure
8394,8395,M23254,298.6,309.5,1566,38.1,89,No Failure
8395,8396,M23255,298.5,309.5,1483,44.8,92,No Failure
8396,8397,H37810,298.6,309.6,1593,33.3,95,No Failure
8397,8398,L55577,298.5,309.6,1724,26.4,100,No Failure
8398,8399,L55578,298.5,309.7,2617,12.1,102,Power Failure
8399,8400,L55579,298.6,309.7,1294,59.4,104,No Failure
8400,8401,L55580,298.6,309.6,1533,40.7,106,No Failure
8401,8402,H37815,298.5,309.4,1671,31.8,108,No Failure
8402,8403,L55582,298.5,309.5,1370,52.4,113,No Failure
8403,8404,L55583,298.5,309.6,1462,45.1,115,No Failure
8404,8405,L55584,298.4,309.5,1545,36.6,117,No Failure
8405,8406,M23265,298.4,309.5,1484,41.7,119,No Failure
8406,8407,M23266,298.4,309.5,1344,45.3,122,No Failure
8407,8408,L55587,298.4,309.5,1357,50.1,125,No Failure
8408,8409,M23268,298.5,309.6,1572,33.0,127,No Failure
8409,8410,L55589,298.5,309.6,1861,26.9,130,No Failure
8410,8411,L55590,298.5,309.5,1548,44.5,132,No Failure
8411,8412,L55591,298.6,309.8,1496,37.7,134,No Failure
8412,8413,M23272,298.6,309.7,1314,49.7,136,No Failure
8413,8414,M23273,298.6,309.7,1422,49.7,139,No Failure
8414,8415,L55594,298.6,309.8,1842,20.1,142,No Failure
8415,8416,M23275,298.7,309.9,1434,53.0,144,No Failure
8416,8417,M23276,298.8,310.1,1585,31.3,147,No Failure
8417,8418,H37831,298.8,310.1,1704,30.7,150,No Failure
8418,8419,L55598,298.9,310.2,1971,23.2,155,No Failure
8419,8420,L55599,299.0,310.3,1431,39.9,157,No Failure
8420,8421,L55600,298.9,310.4,1546,37.7,159,No Failure
8421,8422,L55601,298.9,310.3,1496,36.3,161,No Failure
8422,8423,H37836,298.9,310.3,1243,63.0,163,No Failure
8423,8424,L55603,299.0,310.4,1452,46.2,168,No Failure
8424,8425,L55604,299.1,310.6,1380,44.7,170,No Failure
8425,8426,L55605,299.2,310.6,1567,38.4,172,No Failure
8426,8427,L55606,299.1,310.5,1628,35.9,174,No Failure
8427,8428,L55607,299.1,310.4,1505,46.1,176,No Failure
8428,8429,M23288,299.0,310.3,1827,28.0,178,No Failure
8429,8430,L55609,299.0,310.3,1577,40.0,181,No Failure
8430,8431,L55610,298.9,310.2,1304,57.2,183,No Failure
8431,8432,H37845,298.9,310.1,1324,54.6,185,No Failure
8432,8433,L55612,298.8,310.0,1537,39.9,190,No Failure
8433,8434,M23293,298.8,310.1,1501,48.7,192,No Failure
8434,8435,M23294,298.7,309.9,1654,29.1,195,No Failure
8435,8436,M23295,298.7,310.0,1519,38.1,198,No Failure
8436,8437,L55616,298.7,309.9,1371,51.3,201,No Failure
8437,8438,L55617,298.7,309.8,1181,65.9,203,Overstrain Failure
8438,8439,L55618,298.6,309.8,1469,42.8,205,No Failure
8439,8440,L55619,298.6,309.8,1637,34.6,207,No Failure
8440,8441,L55620,298.6,309.8,1370,56.0,0,No Failure
8441,8442,L55621,298.6,309.9,1630,30.6,2,No Failure
8442,8443,L55622,298.6,310.0,1517,39.0,4,No Failure
8443,8444,M23303,298.6,309.9,1668,32.3,6,No Failure
8444,8445,M23304,298.6,309.9,1818,24.9,9,No Failure
8445,8446,M23305,298.6,310.0,1541,36.9,12,No Failure
8446,8447,L55626,298.5,309.9,1482,42.1,15,No Failure
8447,8448,L55627,298.6,310.1,1439,49.9,17,No Failure
8448,8449,L55628,298.5,310.0,1492,41.2,19,No Failure
8449,8450,L55629,298.4,309.9,1725,27.8,21,No Failure
8450,8451,L55630,298.4,310.0,1559,44.2,23,No Failure
8451,8452,L55631,298.5,310.0,1435,42.5,25,No Failure
8452,8453,M23312,298.6,310.0,1512,37.5,27,No Failure
8453,8454,L55633,298.6,309.9,1564,37.1,30,No Failure
8454,8455,L55634,298.6,310.0,1522,40.3,32,No Failure
8455,8456,L55635,298.6,309.9,1356,59.5,34,No Failure
8456,8457,L55636,298.6,309.9,1556,38.6,36,No Failure
8457,8458,L55637,298.6,309.9,1393,45.5,38,No Failure
8458,8459,L55638,298.7,309.9,1753,26.8,40,No Failure
8459,8460,L55639,298.7,309.9,1651,29.5,42,No Failure
8460,8461,L55640,298.7,309.9,1372,54.7,44,No Failure
8461,8462,L55641,298.7,309.9,1446,43.3,46,No Failure
8462,8463,M23322,298.7,309.8,1501,44.7,48,No Failure
8463,8464,M23323,298.7,309.9,1411,45.1,51,No Failure
8464,8465,H37878,298.6,309.7,1672,27.5,54,No Failure
8465,8466,M23325,298.7,309.8,1475,40.5,59,No Failure
8466,8467,L55646,298.7,309.8,1469,38.4,62,No Failure
8467,8468,L55647,298.6,309.8,1704,28.3,64,No Failure
8468,8469,H37882,298.6,309.7,1463,39.1,66,No Failure
8469,8470,M23329,298.6,309.7,1280,64.1,71,No Failure
8470,8471,L55650,298.7,309.9,1464,38.0,74,No Failure
8471,8472,L55651,298.6,309.8,1332,46.4,76,No Failure
8472,8473,L55652,298.5,309.7,1634,37.8,78,No Failure
8473,8474,M23333,298.6,309.8,1430,43.1,80,No Failure
8474,8475,M23334,298.5,309.7,1523,44.6,83,No Failure
8475,8476,M23335,298.5,309.7,1557,37.7,86,No Failure
8476,8477,L55656,298.5,309.6,1585,32.2,89,No Failure
8477,8478,H37891,298.5,309.6,1579,33.5,91,No Failure
8478,8479,M23338,298.5,309.7,1354,60.8,96,No Failure
8479,8480,L55659,298.6,309.7,1627,33.4,99,No Failure
8480,8481,L55660,298.4,309.6,1477,35.6,101,No Failure
8481,8482,M23341,298.3,309.4,1595,29.0,103,No Failure
8482,8483,L55662,298.4,309.5,1520,38.1,106,No Failure
8483,8484,L55663,298.3,309.4,1618,31.5,108,No Failure
8484,8485,L55664,298.4,309.5,1397,50.3,110,No Failure
8485,8486,L55665,298.4,309.5,1450,47.9,112,No Failure
8486,8487,M23346,298.5,309.5,1501,40.2,114,No Failure
8487,8488,L55667,298.4,309.4,1392,50.1,117,No Failure
8488,8489,L55668,298.4,309.4,1385,43.2,119,No Failure
8489,8490,L55669,298.4,309.4,1461,46.3,121,No Failure
8490,8491,M23350,298.5,309.6,1364,58.7,123,No Failure
8491,8492,L55671,298.5,309.5,1579,38.6,126,No Failure
8492,8493,M23352,298.4,309.5,1514,38.8,128,No Failure
8493,8494,M23353,298.3,309.5,1560,36.9,131,No Failure
8494,8495,L55674,298.3,309.5,1542,36.7,134,No Failure
8495,8496,L55675,298.3,309.4,1668,27.1,136,No Failure
8496,8497,M23356,298.3,309.4,1816,22.6,138,No Failure
8497,8498,M23357,298.3,309.4,1509,34.2,141,No Failure
8498,8499,L55678,298.4,309.6,1479,37.8,144,No Failure
8499,8500,L55679,298.4,309.6,1655,30.2,146,No Failure
8500,8501,L55680,298.3,309.5,1711,30.3,148,No Failure
8501,8502,L55681,298.4,309.7,1581,34.6,150,No Failure
8502,8503,H37916,298.6,309.8,1279,55.9,152,No Failure
8503,8504,L55683,298.5,309.8,1468,40.9,157,No Failure
8504,8505,L55684,298.4,309.7,1419,41.3,159,No Failure
8505,8506,L55685,298.4,309.7,1530,38.6,161,No Failure
8506,8507,L55686,298.4,309.6,1710,27.3,163,No Failure
8507,8508,L55687,298.4,309.7,1518,39.8,165,No Failure
8508,8509,M23368,298.4,309.7,1679,33.3,167,No Failure
8509,8510,M23369,298.4,309.7,1870,22.5,170,No Failure
8510,8511,L55690,298.3,309.7,1484,44.3,173,No Failure
8511,8512,L55691,298.4,309.7,1457,44.2,175,No Failure
8512,8513,H37926,298.3,309.6,1546,36.2,177,No Failure
8513,8514,M23373,298.2,309.5,1478,36.5,182,No Failure
8514,8515,L55694,298.2,309.4,1447,47.1,185,No Failure
8515,8516,L55695,298.2,309.4,1443,45.4,187,No Failure
8516,8517,L55696,298.3,309.6,1527,30.9,189,No Failure
8517,8518,M23377,298.3,309.6,1469,54.8,191,No Failure
8518,8519,M23378,298.3,309.6,1681,27.1,194,No Failure
8519,8520,L55699,298.3,309.6,1420,44.1,197,No Failure
8520,8521,M23380,298.3,309.5,1543,49.9,199,No Failure
8521,8522,L55701,298.4,309.5,1376,50.4,202,No Failure
8522,8523,H37936,298.3,309.4,1631,29.8,0,No Failure
8523,8524,H37937,298.3,309.3,1529,41.7,5,No Failure
8524,8525,L55704,298.3,309.4,1468,46.2,10,No Failure
8525,8526,L55705,298.3,309.4,1378,52.3,12,No Failure
8526,8527,L55706,298.3,309.3,1401,51.9,14,No Failure
8527,8528,L55707,298.4,309.3,1531,37.4,16,No Failure
8528,8529,L55708,298.4,309.3,1512,35.8,18,No Failure
8529,8530,M23389,298.5,309.4,1522,47.4,20,No Failure
8530,8531,M23390,298.5,309.3,1615,31.8,23,No Failure
8531,8532,L55711,298.6,309.3,1449,46.5,26,No Failure
8532,8533,L55712,298.6,309.4,1315,55.5,28,No Failure
8533,8534,M23393,298.6,309.4,1465,41.1,30,No Failure
8534,8535,M23394,298.6,309.5,1404,43.3,33,No Failure
8535,8536,L55715,298.6,309.5,1547,44.8,36,No Failure
8536,8537,M23396,298.6,309.5,1426,45.4,38,No Failure
8537,8538,L55717,298.6,309.5,1730,30.2,41,No Failure
8538,8539,L55718,298.5,309.4,1548,37.7,43,No Failure
8539,8540,L55719,298.5,309.4,1517,40.2,45,No Failure
8540,8541,L55720,298.6,309.5,1687,29.3,47,No Failure
8541,8542,L55721,298.5,309.5,1738,25.2,49,No Failure
8542,8543,H37956,298.4,309.4,1512,35.3,51,No Failure
8543,8544,M23403,298.5,309.4,1365,48.7,56,No Failure
8544,8545,H37958,298.5,309.4,2011,21.0,59,No Failure
8545,8546,L55725,298.4,309.3,1806,27.6,64,No Failure
8546,8547,L55726,298.4,309.3,1716,28.4,66,No Failure
8547,8548,M23407,298.4,309.4,1666,24.3,68,No Failure
8548,8549,L55728,298.5,309.4,1578,36.3,71,No Failure
8549,8550,L55729,298.3,309.3,1558,37.2,73,No Failure
8550,8551,L55730,298.3,309.2,1456,45.5,75,No Failure
8551,8552,M23411,298.2,309.1,1457,49.0,77,No Failure
8552,8553,L55732,298.2,309.1,1467,44.5,80,No Failure
8553,8554,M23413,298.1,309.0,1661,38.2,82,No Failure
8554,8555,L55734,298.1,309.0,1592,33.9,85,No Failure
8555,8556,L55735,298.2,309.0,1596,37.2,87,No Failure
8556,8557,L55736,298.2,309.0,1489,40.6,89,No Failure
8557,8558,L55737,298.3,309.0,1471,48.3,91,No Failure
8558,8559,M23418,298.3,309.0,1505,41.3,93,No Failure
8559,8560,L55739,298.3,309.0,1519,40.0,96,No Failure
8560,8561,L55740,298.3,309.0,1408,45.4,98,No Failure
8561,8562,L55741,298.2,308.9,1332,44.4,100,No Failure
8562,8563,L55742,298.1,308.9,1351,52.4,102,No Failure
8563,8564,L55743,298.0,308.9,1500,36.7,104,No Failure
8564,8565,M23424,298.0,308.7,1614,30.7,106,No Failure
8565,8566,L55745,298.0,308.8,1489,36.5,109,No Failure
8566,8567,M23426,297.9,308.7,1751,26.6,111,No Failure
8567,8568,L55747,298.0,308.7,1511,45.8,114,No Failure
8568,8569,L55748,297.9,308.6,1691,29.6,116,No Failure
8569,8570,L55749,297.9,308.6,1757,27.5,118,No Failure
8570,8571,H37984,297.9,308.7,1545,35.9,120,No Failure
8571,8572,L55751,297.9,308.6,2262,15.7,125,No Failure
8572,8573,M23432,297.7,308.5,1559,35.2,127,No Failure
8573,8574,L55753,297.6,308.4,1626,32.4,130,No Failure
8574,8575,L55754,297.6,308.3,1424,53.9,132,No Failure
8575,8576,M23435,297.6,308.3,1648,29.1,134,No Failure
8576,8577,L55756,297.6,308.3,1523,39.5,137,No Failure
8577,8578,L55757,297.6,308.3,1502,43.2,139,No Failure
8578,8579,L55758,297.5,308.2,1489,40.7,141,No Failure
8579,8580,M23439,297.4,308.1,1620,31.2,143,No Failure
8580,8581,L55760,297.5,308.1,1631,30.6,146,No Failure
8581,8582,M23441,297.5,308.0,1429,45.8,148,No Failure
8582,8583,M23442,297.5,308.1,1334,72.0,151,Power Failure
8583,8584,L55763,297.4,308.0,1423,38.0,154,No Failure
8584,8585,L55764,297.4,307.9,1390,47.7,156,No Failure
8585,8586,M23445,297.4,307.9,1338,48.5,158,No Failure
8586,8587,H38000,297.3,307.9,1461,37.5,161,No Failure
8587,8588,M23447,297.4,307.9,1627,34.3,166,No Failure
8588,8589,L55768,297.3,307.8,1385,44.4,169,No Failure
8589,8590,M23449,297.3,307.8,1538,48.0,171,No Failure
8590,8591,L55770,297.4,307.9,1557,35.5,174,No Failure
8591,8592,L55771,297.4,307.9,1606,33.4,176,No Failure
8592,8593,M23452,297.5,308.0,1430,44.5,178,No Failure
8593,8594,M23453,297.4,308.0,1601,34.6,181,No Failure
8594,8595,L55774,297.4,308.0,1356,51.9,184,No Failure
8595,8596,M23455,297.5,308.2,1624,30.9,186,No Failure
8596,8597,L55776,297.5,308.2,1327,56.5,189,No Failure
8597,8598,L55777,297.6,308.3,1410,47.0,191,No Failure
8598,8599,L55778,297.6,308.3,1478,42.3,193,No Failure
8599,8600,L55779,297.6,308.4,1460,40.3,195,No Failure
8600,8601,L55780,297.5,308.3,1435,40.3,197,No Failure
8601,8602,H38015,297.4,308.2,1359,46.9,199,No Failure
8602,8603,L55782,297.4,308.1,1729,31.7,204,No Failure
8603,8604,H38017,297.3,308.0,1384,49.1,206,No Failure
8604,8605,L55784,297.4,308.2,1297,52.1,211,No Failure
8605,8606,L55785,297.5,308.4,1633,33.3,213,No Failure
8606,8607,M23466,297.5,308.4,1505,37.2,215,No Failure
8607,8608,L55787,297.5,308.4,1433,50.0,218,No Failure
8608,8609,L55788,297.4,308.4,1369,50.6,220,Overstrain Failure
8609,8610,L55789,297.4,308.3,1475,40.5,222,Tool Wear Failure
8610,8611,L55790,297.4,308.3,1561,38.3,0,No Failure
8611,8612,L55791,297.4,308.3,1472,45.5,2,No Failure
8612,8613,L55792,297.5,308.4,1441,44.5,4,No Failure
8613,8614,M23473,297.5,308.5,1401,50.5,6,No Failure
8614,8615,L55794,297.5,308.5,1691,33.1,9,No Failure
8615,8616,L55795,297.6,308.6,1382,47.1,11,No Failure
8616,8617,L55796,297.6,308.6,1355,46.4,13,No Failure
8617,8618,L55797,297.6,308.6,1529,45.3,15,No Failure
8618,8619,L55798,297.7,308.7,1829,24.9,17,No Failure
8619,8620,H38033,297.6,308.6,1480,39.8,19,No Failure
8620,8621,L55800,297.6,308.5,1475,42.4,24,No Failure
8621,8622,M23481,297.6,308.5,1431,52.6,26,No Failure
8622,8623,L55802,297.5,308.3,1437,42.3,29,No Failure
8623,8624,M23483,297.5,308.3,1476,45.6,31,No Failure
8624,8625,H38038,297.5,308.4,1490,39.7,34,No Failure
8625,8626,L55805,297.4,308.3,1632,33.5,39,No Failure
8626,8627,L55806,297.4,308.2,1402,49.7,41,No Failure
8627,8628,L55807,297.4,308.3,1347,45.8,43,No Failure
8628,8629,L55808,297.5,308.4,1747,31.0,45,No Failure
8629,8630,H38043,297.5,308.5,1557,39.1,47,No Failure
8630,8631,L55810,297.4,308.4,1371,57.4,52,No Failure
8631,8632,H38045,297.3,308.3,1506,37.0,54,No Failure
8632,8633,L55812,297.3,308.3,1590,35.5,59,No Failure
8633,8634,L55813,297.4,308.3,1336,53.7,61,No Failure
8634,8635,L55814,297.3,308.3,1411,43.2,63,No Failure
8635,8636,L55815,297.4,308.3,1704,27.3,65,No Failure
8636,8637,L55816,297.5,308.4,1723,27.3,67,No Failure
8637,8638,L55817,297.5,308.5,1459,39.7,69,No Failure
8638,8639,L55818,297.6,308.5,1572,35.9,71,No Failure
8639,8640,L55819,297.5,308.4,1384,56.0,73,No Failure
8640,8641,L55820,297.6,308.6,1383,47.5,75,No Failure
8641,8642,M23501,297.6,308.5,1360,48.6,77,No Failure
8642,8643,M23502,297.5,308.4,1596,36.6,80,No Failure
8643,8644,L55823,297.5,308.5,1448,54.3,83,No Failure
8644,8645,M23504,297.6,308.5,1443,38.2,85,No Failure
8645,8646,M23505,297.6,308.6,1492,35.5,88,No Failure
8646,8647,L55826,297.5,308.6,1497,43.9,91,No Failure
8647,8648,L55827,297.5,308.5,1530,38.5,93,No Failure
8648,8649,M23508,297.4,308.4,1478,46.2,95,No Failure
8649,8650,L55829,297.4,308.4,1328,61.8,98,No Failure
8650,8651,H38064,297.4,308.3,1771,27.4,100,No Failure
8651,8652,M23511,297.4,308.4,1564,35.0,105,No Failure
8652,8653,H38066,297.3,308.3,1461,41.5,108,No Failure
8653,8654,M23513,297.4,308.3,1335,57.9,113,No Failure
8654,8655,M23514,297.4,308.4,1441,46.8,116,No Failure
8655,8656,L55835,297.3,308.3,1268,60.6,119,No Failure
8656,8657,M23516,297.3,308.3,1697,27.4,121,No Failure
8657,8658,L55837,297.4,308.4,1421,46.0,124,No Failure
8658,8659,L55838,297.4,308.5,1496,36.4,126,No Failure
8659,8660,L55839,297.5,308.5,1375,55.6,128,No Failure
8660,8661,L55840,297.4,308.5,1295,52.1,130,No Failure
8661,8662,L55841,297.4,308.5,1643,33.8,132,No Failure
8662,8663,L55842,297.5,308.6,1514,36.9,134,No Failure
8663,8664,L55843,297.5,308.6,1671,29.4,136,No Failure
8664,8665,H38078,297.5,308.6,1355,58.9,138,No Failure
8665,8666,L55845,297.6,308.7,1365,50.6,143,No Failure
8666,8667,L55846,297.5,308.7,1407,42.5,145,No Failure
8667,8668,M23527,297.5,308.8,1455,46.1,147,No Failure
8668,8669,L55848,297.5,308.8,1502,45.9,150,No Failure
8669,8670,M23529,297.5,308.8,1471,52.3,152,No Failure
8670,8671,L55850,297.5,308.9,1581,30.4,155,No Failure
8671,8672,L55851,297.5,308.8,1530,37.8,157,No Failure
8672,8673,L55852,297.5,308.8,1312,50.3,159,No Failure
8673,8674,L55853,297.4,308.6,1494,42.6,161,No Failure
8674,8675,M23534,297.4,308.6,1528,29.1,163,No Failure
8675,8676,H38089,297.3,308.6,1688,29.4,166,No Failure
8676,8677,M23536,297.3,308.5,1520,42.4,171,No Failure
8677,8678,M23537,297.3,308.5,1664,28.9,174,No Failure
8678,8679,L55858,297.3,308.5,1514,44.5,177,No Failure
8679,8680,L55859,297.3,308.5,1456,54.2,179,No Failure
8680,8681,L55860,297.2,308.5,1494,39.6,181,No Failure
8681,8682,L55861,297.2,308.4,1605,30.0,183,No Failure
8682,8683,M23542,297.2,308.5,1353,46.5,185,No Failure
8683,8684,L55863,297.2,308.5,1447,47.9,188,No Failure
8684,8685,L55864,297.2,308.5,1588,40.4,190,No Failure
8685,8686,H38099,297.2,308.5,1524,41.4,192,No Failure
8686,8687,M23546,297.2,308.5,1611,31.6,197,No Failure
8687,8688,M23547,297.2,308.5,1604,34.9,200,No Failure
8688,8689,L55868,297.1,308.5,1483,46.9,203,No Failure
8689,8690,L55869,297.1,308.4,1543,39.6,205,No Failure
8690,8691,L55870,297.1,308.5,1323,44.4,207,Tool Wear Failure
8691,8692,L55871,297.1,308.5,1555,36.2,0,No Failure
8692,8693,L55872,297.1,308.4,1583,31.9,2,No Failure
8693,8694,M23553,297.2,308.5,1584,40.0,4,No Failure
8694,8695,L55874,297.2,308.5,1766,25.8,7,No Failure
8695,8696,M23555,297.2,308.6,1498,44.4,9,No Failure
8696,8697,L55876,297.2,308.6,1413,49.8,12,No Failure
8697,8698,L55877,297.3,308.6,1505,33.5,14,No Failure
8698,8699,H38112,297.3,308.7,1438,46.2,16,No Failure
8699,8700,M23559,297.3,308.7,1655,34.1,21,No Failure
8700,8701,M23560,297.3,308.7,1451,43.8,24,No Failure
8701,8702,M23561,297.3,308.7,1466,38.4,27,No Failure
8702,8703,L55882,297.2,308.6,1774,23.0,30,No Failure
8703,8704,M23563,297.2,308.6,1284,51.3,32,No Failure
8704,8705,L55884,297.1,308.5,1425,40.0,35,No Failure
8705,8706,L55885,297.2,308.6,1437,52.4,37,No Failure
8706,8707,L55886,297.2,308.6,1335,53.0,39,No Failure
8707,8708,L55887,297.2,308.5,1471,41.7,41,No Failure
8708,8709,M23568,297.2,308.5,1364,54.0,43,No Failure
8709,8710,L55889,297.1,308.5,1578,35.6,46,No Failure
8710,8711,L55890,297.1,308.5,1712,32.1,48,No Failure
8711,8712,L55891,297.1,308.5,1733,28.7,50,No Failure
8712,8713,L55892,297.2,308.6,1652,32.1,52,No Failure
8713,8714,L55893,297.2,308.6,1917,24.1,54,No Failure
8714,8715,M23574,297.2,308.6,1444,41.1,56,No Failure
8715,8716,L55895,297.1,308.6,1442,37.1,59,No Failure
8716,8717,M23576,297.1,308.6,1717,31.3,61,No Failure
8717,8718,L55897,297.1,308.7,1474,42.3,64,No Failure
8718,8719,L55898,297.2,308.7,1509,39.3,66,No Failure
8719,8720,L55899,297.2,308.8,1451,43.1,68,No Failure
8720,8721,L55900,297.3,308.8,1554,36.1,70,No Failure
8721,8722,L55901,297.2,308.7,1669,30.7,72,No Failure
8722,8723,L55902,297.2,308.6,1366,50.4,74,No Failure
8723,8724,L55903,297.2,308.6,1578,34.4,76,No Failure
8724,8725,M23584,297.2,308.6,1513,39.0,78,No Failure
8725,8726,M23585,297.1,308.5,1515,42.1,81,No Failure
8726,8727,L55906,297.2,308.6,1562,33.0,84,No Failure
8727,8728,L55907,297.2,308.7,1501,38.5,86,No Failure
8728,8729,M23588,297.2,308.7,1398,38.1,88,No Failure
8729,8730,L55909,297.3,308.7,1352,53.8,91,No Failure
8730,8731,H38144,297.3,308.7,1569,33.9,93,No Failure
8731,8732,H38145,297.2,308.6,1486,46.6,98,No Failure
8732,8733,L55912,297.2,308.6,1864,23.6,103,No Failure
8733,8734,M23593,297.3,308.7,1447,44.5,105,No Failure
8734,8735,L55914,297.2,308.6,1392,41.5,108,No Failure
8735,8736,L55915,297.3,308.6,1358,47.6,110,No Failure
8736,8737,L55916,297.3,308.7,1491,40.2,112,No Failure
8737,8738,L55917,297.3,308.7,1556,36.7,114,No Failure
8738,8739,L55918,297.3,308.7,1531,36.7,116,No Failure
8739,8740,H38153,297.4,308.7,1429,37.6,118,No Failure
8740,8741,M23600,297.4,308.8,1573,33.9,123,No Failure
8741,8742,L55921,297.4,308.8,1538,41.2,126,No Failure
8742,8743,L55922,297.4,308.8,1467,39.0,128,No Failure
8743,8744,H38157,297.4,308.7,1323,51.1,130,No Failure
8744,8745,M23604,297.4,308.7,1798,23.0,135,No Failure
8745,8746,L55925,297.4,308.6,1411,46.3,138,No Failure
8746,8747,L55926,297.3,308.5,1528,44.5,140,No Failure
8747,8748,L55927,297.3,308.5,1504,42.0,142,No Failure
8748,8749,L55928,297.3,308.5,1384,39.6,144,No Failure
8749,8750,L55929,297.2,308.4,1677,26.4,146,No Failure
8750,8751,L55930,297.3,308.5,1764,30.8,148,No Failure
8751,8752,M23611,297.4,308.5,1472,42.0,150,No Failure
8752,8753,M23612,297.4,308.5,1465,55.9,153,No Failure
8753,8754,M23613,297.4,308.6,1657,33.1,156,No Failure
8754,8755,L55934,297.4,308.6,1635,30.5,159,No Failure
8755,8756,M23615,297.4,308.7,1582,31.9,161,No Failure
8756,8757,L55936,297.5,308.7,1761,26.2,164,No Failure
8757,8758,L55937,297.5,308.8,1587,34.9,166,No Failure
8758,8759,M23618,297.5,308.7,1446,53.0,168,No Failure
8759,8760,M23619,297.5,308.7,1352,53.0,171,No Failure
8760,8761,M23620,297.4,308.7,1392,46.4,174,No Failure
8761,8762,L55941,297.5,308.8,1417,49.8,177,No Failure
8762,8763,H38176,297.5,308.8,1824,24.0,179,No Failure
8763,8764,L55943,297.5,308.8,1603,36.7,184,No Failure
8764,8765,L55944,297.4,308.8,1620,33.4,186,No Failure
8765,8766,L55945,297.4,308.8,1353,49.4,188,No Failure
8766,8767,L55946,297.5,308.8,1360,50.7,190,No Failure
8767,8768,L55947,297.5,308.6,1380,53.5,192,No Failure
8768,8769,M23628,297.5,308.7,1363,53.6,194,No Failure
8769,8770,M23629,297.4,308.6,1452,41.2,197,No Failure
8770,8771,L55950,297.4,308.6,1680,32.8,200,No Failure
8771,8772,L55951,297.5,308.6,1536,39.0,202,No Failure
8772,8773,L55952,297.5,308.6,1621,28.9,0,No Failure
8773,8774,L55953,297.5,308.6,1585,37.6,2,No Failure
8774,8775,M23634,297.6,308.7,1408,51.5,4,No Failure
8775,8776,H38189,297.5,308.6,1536,38.7,7,No Failure
8776,8777,L55956,297.5,308.6,1352,52.6,12,No Failure
8777,8778,H38191,297.5,308.6,1481,38.8,14,No Failure
8778,8779,L55958,297.5,308.7,1454,45.0,19,No Failure
8779,8780,M23639,297.5,308.6,1349,51.5,21,No Failure
8780,8781,M23640,297.5,308.6,1327,52.1,24,No Failure
8781,8782,L55961,297.6,308.7,1552,42.3,27,No Failure
8782,8783,L55962,297.5,308.7,1456,44.7,29,No Failure
8783,8784,M23643,297.6,308.6,1254,45.8,31,No Failure
8784,8785,L55964,297.5,308.6,1437,43.3,34,No Failure
8785,8786,L55965,297.5,308.6,1694,27.1,36,No Failure
8786,8787,L55966,297.5,308.5,1306,50.7,38,No Failure
8787,8788,M23647,297.5,308.5,1699,30.1,40,No Failure
8788,8789,L55968,297.4,308.5,1369,53.2,43,No Failure
8789,8790,L55969,297.4,308.5,1471,43.9,45,No Failure
8790,8791,L55970,297.4,308.5,1410,43.9,47,No Failure
8791,8792,M23651,297.4,308.5,1412,45.5,49,No Failure
8792,8793,L55972,297.4,308.5,1418,51.2,52,No Failure
8793,8794,L55973,297.4,308.5,1782,25.9,54,No Failure
8794,8795,M23654,297.4,308.5,1497,36.4,56,No Failure
8795,8796,L55975,297.3,308.4,1459,39.4,59,No Failure
8796,8797,L55976,297.2,308.3,1796,23.8,61,No Failure
8797,8798,L55977,297.2,308.3,1569,31.2,63,No Failure
8798,8799,L55978,297.3,308.4,1469,46.7,65,No Failure
8799,8800,L55979,297.3,308.4,1472,41.3,67,No Failure
8800,8801,L55980,297.4,308.5,1475,47.2,69,No Failure
8801,8802,L55981,297.4,308.6,1488,36.4,71,No Failure
8802,8803,L55982,297.4,308.6,1524,43.1,73,No Failure
8803,8804,L55983,297.4,308.5,1486,48.6,75,No Failure
8804,8805,M23664,297.5,308.6,1255,60.7,77,No Failure
8805,8806,M23665,297.4,308.6,1469,42.6,80,No Failure
8806,8807,L55986,297.4,308.5,1692,34.3,83,No Failure
8807,8808,M23667,297.4,308.6,1604,32.8,85,No Failure
8808,8809,L55988,297.4,308.6,1446,48.1,88,No Failure
8809,8810,L55989,297.3,308.5,1503,43.3,90,No Failure
8810,8811,M23670,297.3,308.5,1625,32.8,92,No Failure
8811,8812,L55991,297.2,308.5,1574,35.8,95,No Failure
8812,8813,M23672,297.2,308.4,1378,41.9,97,No Failure
8813,8814,L55993,297.1,308.4,1693,29.5,100,No Failure
8814,8815,L55994,297.2,308.4,1462,51.2,102,No Failure
8815,8816,H38229,297.3,308.5,1435,55.0,104,No Failure
8816,8817,M23676,297.2,308.5,1425,45.8,109,No Failure
8817,8818,H38231,297.3,308.6,1376,53.5,112,No Failure
8818,8819,M23678,297.4,308.7,1481,48.0,117,No Failure
8819,8820,H38233,297.4,308.7,1349,48.9,120,No Failure
8820,8821,L56000,297.3,308.7,1551,40.0,125,No Failure
8821,8822,H38235,297.4,308.7,1623,33.8,127,No Failure
8822,8823,L56002,297.4,308.8,1462,49.7,132,No Failure
8823,8824,M23683,297.3,308.8,1447,57.4,134,No Failure
8824,8825,M23684,297.3,308.9,1799,24.5,137,No Failure
8825,8826,M23685,297.3,308.8,1548,41.3,140,No Failure
8826,8827,M23686,297.2,308.8,1485,47.9,143,No Failure
8827,8828,L56007,297.2,308.7,1463,49.9,146,No Failure
8828,8829,L56008,297.3,308.7,1587,35.8,148,No Failure
8829,8830,M23689,297.3,308.8,1469,44.1,150,No Failure
8830,8831,H38244,297.3,308.7,1430,42.8,153,No Failure
8831,8832,H38245,297.4,308.7,1726,26.8,158,No Failure
8832,8833,L56012,297.4,308.8,1651,34.1,163,No Failure
8833,8834,L56013,297.4,308.8,1529,41.3,165,No Failure
8834,8835,L56014,297.4,308.8,1473,46.2,167,No Failure
8835,8836,H38249,297.4,308.8,1324,53.5,169,No Failure
8836,8837,L56016,297.4,308.9,1708,28.8,174,No Failure
8837,8838,M23697,297.5,309.1,1540,38.5,176,No Failure
8838,8839,L56018,297.5,309.0,1320,54.7,179,No Failure
8839,8840,M23699,297.4,308.9,1376,39.0,181,No Failure
8840,8841,M23700,297.3,308.7,1542,37.0,184,No Failure
8841,8842,L56021,297.3,308.7,1506,39.3,187,No Failure
8842,8843,L56022,297.3,308.7,1492,43.6,189,No Failure
8843,8844,H38257,297.3,308.8,1564,38.0,191,No Failure
8844,8845,H38258,297.4,308.9,1645,30.8,196,No Failure
8845,8846,M23705,297.4,308.9,1348,59.1,201,No Failure
8846,8847,M23706,297.4,308.8,1325,62.4,204,Tool Wear Failure
8847,8848,L56027,297.5,308.9,1443,43.5,0,No Failure
8848,8849,M23708,297.5,308.9,1436,44.8,2,No Failure
8849,8850,L56029,297.5,308.9,1596,30.7,5,No Failure
8850,8851,L56030,297.6,309.0,1491,43.2,7,No Failure
8851,8852,M23711,297.7,308.9,1573,35.1,9,No Failure
8852,8853,L56032,297.7,308.9,1575,39.9,12,No Failure
8853,8854,L56033,297.7,308.9,1458,41.1,14,No Failure
8854,8855,M23714,297.7,309.0,1433,41.8,16,No Failure
8855,8856,L56035,297.7,308.9,1662,28.1,19,No Failure
8856,8857,M23716,297.7,308.9,1327,63.7,21,No Failure
8857,8858,L56037,297.7,308.9,1742,26.3,24,No Failure
8858,8859,L56038,297.8,308.9,1506,33.5,26,No Failure
8859,8860,L56039,297.9,309.1,1457,44.4,28,No Failure
8860,8861,M23720,297.9,309.1,1488,37.3,30,No Failure
8861,8862,L56041,297.9,309.1,1619,34.7,33,No Failure
8862,8863,M23722,298.0,309.2,1558,41.7,35,No Failure
8863,8864,L56043,298.0,309.2,1731,28.7,38,No Failure
8864,8865,M23724,298.0,309.1,1574,34.8,40,No Failure
8865,8866,L56045,297.9,309.0,1290,49.8,43,No Failure
8866,8867,H38280,297.9,308.9,1416,39.6,45,No Failure
8867,8868,L56047,297.9,308.9,1566,41.9,50,No Failure
8868,8869,L56048,297.9,309.0,1456,46.5,52,No Failure
8869,8870,L56049,297.9,309.0,1528,37.5,54,No Failure
8870,8871,M23730,297.9,309.1,1338,49.6,56,No Failure
8871,8872,M23731,297.9,309.1,1558,39.2,59,No Failure
8872,8873,M23732,297.9,309.1,1614,38.1,62,No Failure
8873,8874,H38287,298.0,309.1,1557,36.4,65,No Failure
8874,8875,L56054,298.1,309.3,1443,45.3,70,No Failure
8875,8876,H38289,298.1,309.3,1332,51.0,72,No Failure
8876,8877,M23736,298.1,309.3,1752,25.2,77,No Failure
8877,8878,M23737,298.1,309.2,1460,45.8,80,No Failure
8878,8879,L56058,298.1,309.2,1802,26.9,83,No Failure
8879,8880,L56059,298.0,309.2,1527,39.5,85,No Failure
8880,8881,L56060,298.0,309.2,1458,39.8,87,No Failure
8881,8882,H38295,298.0,309.2,1520,37.9,89,No Failure
8882,8883,L56062,298.0,309.2,1378,49.7,94,No Failure
8883,8884,M23743,297.9,309.2,1529,38.1,96,No Failure
8884,8885,L56064,298.0,309.2,1527,32.4,99,No Failure
8885,8886,M23745,298.0,309.2,1438,42.9,101,No Failure
8886,8887,L56066,297.9,309.0,1583,36.7,104,No Failure
8887,8888,L56067,297.8,308.9,1530,37.6,106,No Failure
8888,8889,M23748,297.7,308.9,1530,39.1,108,No Failure
8889,8890,M23749,297.7,308.8,2089,19.1,111,No Failure
8890,8891,L56070,297.7,308.8,1616,34.2,114,No Failure
8891,8892,M23751,297.7,308.9,1681,28.3,116,No Failure
8892,8893,L56072,297.6,308.8,1475,43.0,119,No Failure
8893,8894,L56073,297.5,308.7,1371,46.5,121,No Failure
8894,8895,M23754,297.5,308.7,1546,38.0,123,No Failure
8895,8896,H38309,297.4,308.6,1461,40.1,126,No Failure
8896,8897,L56076,297.4,308.7,1638,31.9,131,No Failure
8897,8898,M23757,297.3,308.7,1577,35.6,133,No Failure
8898,8899,L56078,297.4,308.6,1532,38.7,136,No Failure
8899,8900,M23759,297.3,308.5,1710,27.7,138,No Failure
8900,8901,M23760,297.3,308.6,1584,29.4,141,No Failure
8901,8902,L56081,297.3,308.6,1446,50.1,144,No Failure
8902,8903,H38316,297.4,308.7,1522,46.3,146,No Failure
8903,8904,M23763,297.4,308.7,1382,49.9,151,No Failure
8904,8905,L56084,297.4,308.7,1584,38.2,154,No Failure
8905,8906,L56085,297.3,308.6,1385,55.2,156,No Failure
8906,8907,L56086,297.3,308.7,1592,34.4,158,No Failure
8907,8908,M23767,297.2,308.6,1404,43.7,160,No Failure
8908,8909,L56088,297.2,308.5,1518,44.3,163,No Failure
8909,8910,L56089,297.1,308.4,1529,40.4,165,No Failure
8910,8911,L56090,297.1,308.4,1550,37.0,167,No Failure
8911,8912,L56091,297.1,308.3,1773,23.8,169,No Failure
8912,8913,L56092,297.2,308.5,1446,43.7,171,No Failure
8913,8914,M23773,297.2,308.5,1487,46.9,173,No Failure
8914,8915,M23774,297.3,308.5,1524,49.3,176,No Failure
8915,8916,L56095,297.1,308.3,1403,54.1,179,No Failure
8916,8917,L56096,297.1,308.2,2267,15.7,181,No Failure
8917,8918,M23777,297.1,308.2,1529,37.9,183,No Failure
8918,8919,L56098,297.1,308.2,1402,51.2,186,No Failure
8919,8920,L56099,297.2,308.3,1693,28.0,188,No Failure
8920,8921,L56100,297.1,308.3,1496,45.8,190,No Failure
8921,8922,L56101,297.1,308.1,1633,33.3,192,No Failure
8922,8923,L56102,297.1,308.2,1399,42.6,194,No Failure
8923,8924,M23783,297.0,308.1,1363,45.3,196,No Failure
8924,8925,H38338,297.1,308.2,1527,42.2,199,No Failure
8925,8926,M23785,297.2,308.2,1405,42.5,204,No Failure
8926,8927,M23786,297.3,308.3,1459,59.6,207,Power Failure
8927,8928,M23787,297.4,308.4,1789,25.0,210,No Failure
8928,8929,L56108,297.4,308.4,1531,41.5,213,No Failure
8929,8930,M23789,297.4,308.4,1620,35.8,215,No Failure
8930,8931,L56110,297.4,308.4,1571,39.4,0,No Failure
8931,8932,L56111,297.4,308.4,1434,39.9,2,No Failure
8932,8933,L56112,297.4,308.4,1474,43.6,4,No Failure
8933,8934,M23793,297.3,308.3,1544,41.7,6,No Failure
8934,8935,L56114,297.3,308.2,1601,35.7,9,No Failure
8935,8936,L56115,297.4,308.3,1801,26.9,11,No Failure
8936,8937,L56116,297.4,308.3,1465,42.0,13,No Failure
8937,8938,M23797,297.4,308.4,1340,52.6,15,No Failure
8938,8939,M23798,297.4,308.4,1517,41.0,18,No Failure
8939,8940,M23799,297.3,308.4,1434,44.8,21,No Failure
8940,8941,H38354,297.3,308.3,1935,19.3,24,No Failure
8941,8942,M23801,297.3,308.3,1595,32.2,29,No Failure
8942,8943,L56122,297.3,308.3,2188,17.0,32,No Failure
8943,8944,M23803,297.3,308.4,1449,44.4,34,No Failure
8944,8945,L56124,297.3,308.3,1471,38.2,37,No Failure
8945,8946,L56125,297.4,308.2,1639,33.8,39,No Failure
8946,8947,M23806,297.3,308.2,1846,24.5,41,No Failure
8947,8948,M23807,297.3,308.2,1452,38.2,44,No Failure
8948,8949,M23808,297.4,308.3,1483,41.9,47,No Failure
8949,8950,L56129,297.4,308.3,1284,60.3,50,No Failure
8950,8951,L56130,297.4,308.2,1419,50.0,52,No Failure
8951,8952,L56131,297.3,308.1,1763,28.4,54,No Failure
8952,8953,M23812,297.2,308.0,1478,42.5,56,No Failure
8953,8954,L56133,297.3,308.0,1518,36.0,59,No Failure
8954,8955,L56134,297.3,308.0,1447,49.0,61,No Failure
8955,8956,M23815,297.4,308.0,1355,55.1,63,No Failure
8956,8957,L56136,297.4,308.1,1348,57.4,66,No Failure
8957,8958,L56137,297.4,308.1,1348,53.7,68,No Failure
8958,8959,M23818,297.4,308.1,1734,27.7,70,No Failure
8959,8960,L56139,297.3,308.0,1420,46.5,73,No Failure
8960,8961,L56140,297.3,307.9,1797,24.7,75,No Failure
8961,8962,M23821,297.3,308.0,1403,45.0,77,No Failure
8962,8963,L56142,297.3,307.9,1628,30.2,80,No Failure
8963,8964,M23823,297.2,307.9,1687,30.4,82,No Failure
8964,8965,M23824,297.2,307.9,1456,44.9,85,No Failure
8965,8966,L56145,297.1,307.9,1496,44.7,88,No Failure
8966,8967,L56146,297.1,307.8,1636,30.3,90,No Failure
8967,8968,L56147,297.1,307.8,1536,40.4,92,No Failure
8968,8969,L56148,297.1,307.8,1454,50.6,94,No Failure
8969,8970,L56149,297.0,307.8,1396,50.0,96,No Failure
8970,8971,L56150,297.0,307.6,1575,37.4,98,No Failure
8971,8972,L56151,296.9,307.6,1514,35.7,100,No Failure
8972,8973,M23832,296.8,307.4,1455,49.9,102,No Failure
8973,8974,L56153,296.8,307.4,1549,48.3,105,No Failure
8974,8975,L56154,296.8,307.5,1474,42.4,107,No Failure
8975,8976,H38389,296.7,307.4,1661,34.2,109,No Failure
8976,8977,L56156,296.7,307.4,1535,34.6,114,No Failure
8977,8978,M23837,296.9,307.5,1556,31.2,116,No Failure
8978,8979,L56158,296.9,307.6,1435,45.0,119,No Failure
8979,8980,M23839,296.9,307.5,1332,51.1,121,No Failure
8980,8981,L56160,297.0,307.6,1513,42.4,124,No Failure
8981,8982,L56161,297.0,307.7,1502,39.4,126,No Failure
8982,8983,L56162,297.0,307.7,1315,60.1,128,No Failure
8983,8984,M23843,297.0,307.7,1261,51.1,130,No Failure
8984,8985,L56164,297.1,307.8,1406,60.4,133,No Failure
8985,8986,L56165,297.1,307.8,1584,42.3,135,No Failure
8986,8987,M23846,297.1,307.8,1443,43.9,137,No Failure
8987,8988,L56167,297.2,307.9,1580,35.8,140,No Failure
8988,8989,L56168,297.2,307.9,1825,24.6,142,No Failure
8989,8990,L56169,297.2,307.9,1469,48.2,144,No Failure
8990,8991,L56170,297.2,307.9,1493,38.4,146,No Failure
8991,8992,M23851,297.3,308.0,1598,29.4,148,No Failure
8992,8993,H38406,297.2,307.9,1450,37.2,151,No Failure
8993,8994,M23853,297.2,307.9,1632,37.5,156,No Failure
8994,8995,M23854,297.1,307.9,1980,20.3,159,No Failure
8995,8996,L56175,297.2,308.0,1474,43.7,162,No Failure
8996,8997,L56176,297.2,307.9,1540,37.1,164,No Failure
8997,8998,M23857,297.1,307.9,1609,38.9,166,No Failure
8998,8999,L56178,297.1,308.0,1467,42.8,169,No Failure
8999,9000,L56179,297.1,307.9,1492,39.4,171,No Failure
9000,9001,L56180,297.0,307.9,1493,46.1,173,No Failure
9001,9002,L56181,297.0,307.8,1500,39.9,175,No Failure
9002,9003,L56182,297.1,307.8,1477,36.6,177,No Failure
9003,9004,L56183,297.1,307.9,1342,49.1,179,No Failure
9004,9005,M23864,297.1,307.8,1538,34.3,181,No Failure
9005,9006,L56185,297.2,307.9,1337,58.1,184,No Failure
9006,9007,L56186,297.3,307.9,1417,41.8,186,No Failure
9007,9008,L56187,297.4,308.0,1383,46.2,188,No Failure
9008,9009,M23868,297.4,308.0,1440,42.4,190,No Failure
9009,9010,L56189,297.3,307.9,1579,34.4,193,No Failure
9010,9011,L56190,297.2,307.9,1441,40.0,195,No Failure
9011,9012,M23871,297.2,307.9,1530,35.9,197,No Failure
9012,9013,L56192,297.2,308.0,1705,26.0,200,No Failure
9013,9014,H38427,297.2,308.0,1435,43.0,202,No Failure
9014,9015,M23874,297.2,308.1,1340,61.3,207,Overstrain Failure
9015,9016,L56195,297.2,308.1,1431,49.7,210,No Failure
9016,9017,L56196,297.3,308.2,1396,52.7,212,Overstrain Failure
9017,9018,M23877,297.3,308.1,1369,52.0,214,No Failure
9018,9019,L56198,297.3,308.1,1615,35.4,217,Tool Wear Failure
9019,9020,L56199,297.2,308.1,1662,31.3,0,No Failure
9020,9021,L56200,297.3,308.2,1553,33.5,2,No Failure
9021,9022,M23881,297.4,308.2,1536,34.6,4,No Failure
9022,9023,L56202,297.4,308.3,1548,46.6,7,No Failure
9023,9024,L56203,297.4,308.3,1706,30.9,9,No Failure
9024,9025,L56204,297.4,308.3,1366,45.5,11,No Failure
9025,9026,L56205,297.5,308.4,1440,35.9,13,No Failure
9026,9027,M23886,297.5,308.4,1685,28.1,15,No Failure
9027,9028,M23887,297.4,308.3,1444,44.0,18,No Failure
9028,9029,L56208,297.4,308.3,1395,48.7,21,No Failure
9029,9030,L56209,297.4,308.3,1483,38.8,23,No Failure
9030,9031,M23890,297.5,308.4,1403,44.3,25,No Failure
9031,9032,H38445,297.5,308.4,1793,23.9,28,No Failure
9032,9033,L56212,297.4,308.3,1723,28.8,33,No Failure
9033,9034,L56213,297.4,308.2,1386,41.0,35,No Failure
9034,9035,H38448,297.4,308.2,1585,46.2,37,No Failure
9035,9036,M23895,297.3,308.1,1731,27.7,42,No Failure
9036,9037,L56216,297.3,308.3,1519,37.7,45,No Failure
9037,9038,L56217,297.3,308.2,1896,24.4,47,No Failure
9038,9039,L56218,297.3,308.3,2358,14.9,49,No Failure
9039,9040,M23899,297.3,308.3,1341,51.9,51,No Failure
9040,9041,L56220,297.3,308.3,1550,37.0,54,No Failure
9041,9042,L56221,297.3,308.3,1309,61.5,56,No Failure
9042,9043,M23902,297.3,308.4,1599,32.9,58,No Failure
9043,9044,L56223,297.4,308.4,1343,40.0,61,No Failure
9044,9045,L56224,297.4,308.4,1378,39.9,63,No Failure
9045,9046,L56225,297.4,308.4,1603,34.6,65,No Failure
9046,9047,L56226,297.4,308.4,1664,28.1,67,No Failure
9047,9048,L56227,297.3,308.4,1488,37.4,69,No Failure
9048,9049,M23908,297.3,308.4,1370,50.5,71,No Failure
9049,9050,L56229,297.3,308.5,1545,34.3,74,No Failure
9050,9051,M23910,297.4,308.5,1566,31.4,76,No Failure
9051,9052,L56231,297.4,308.6,1820,24.6,79,No Failure
9052,9053,M23912,297.4,308.6,1901,22.1,81,No Failure
9053,9054,M23913,297.4,308.5,1638,32.2,84,No Failure
9054,9055,M23914,297.3,308.4,1521,38.2,87,No Failure
9055,9056,H38469,297.3,308.4,1864,23.1,90,No Failure
9056,9057,L56236,297.3,308.3,1430,41.9,95,No Failure
9057,9058,M23917,297.3,308.4,1686,34.5,97,No Failure
9058,9059,M23918,297.2,308.3,1326,57.2,100,No Failure
9059,9060,L56239,297.2,308.3,1805,25.6,103,No Failure
9060,9061,H38474,297.2,308.3,1453,45.8,105,No Failure
9061,9062,M23921,297.2,308.4,1863,26.0,110,No Failure
9062,9063,L56242,297.2,308.3,1576,35.3,113,No Failure
9063,9064,L56243,297.2,308.3,1419,39.7,115,No Failure
9064,9065,L56244,297.2,308.4,1833,25.2,117,No Failure
9065,9066,H38479,297.2,308.4,2182,17.3,119,No Failure
9066,9067,L56246,297.2,308.3,1656,30.3,124,No Failure
9067,9068,L56247,297.1,308.2,1351,56.6,126,No Failure
9068,9069,H38482,297.1,308.2,1790,30.3,128,No Failure
9069,9070,M23929,297.2,308.2,1678,28.1,133,No Failure
9070,9071,L56250,297.1,308.2,1427,45.2,136,No Failure
9071,9072,L56251,297.0,308.1,1429,54.0,138,No Failure
9072,9073,H38486,297.2,308.1,1770,27.2,140,No Failure
9073,9074,L56253,297.2,308.1,1689,31.2,145,No Failure
9074,9075,M23934,297.2,308.1,1554,41.3,147,No Failure
9075,9076,L56255,297.3,308.1,1506,36.0,150,No Failure
9076,9077,L56256,297.2,308.1,1474,44.3,152,No Failure
9077,9078,L56257,297.3,308.1,1762,26.1,154,No Failure
9078,9079,L56258,297.3,308.1,1566,35.7,156,No Failure
9079,9080,H38493,297.3,308.1,1554,42.4,158,No Failure
9080,9081,L56260,297.2,308.0,1869,25.4,163,No Failure
9081,9082,L56261,297.3,308.0,1527,35.1,165,No Failure
9082,9083,L56262,297.2,307.9,1309,49.6,167,No Failure
9083,9084,M23943,297.2,307.9,1541,35.7,169,No Failure
9084,9085,L56264,297.2,307.9,1326,75.4,172,Power Failure
9085,9086,H38499,297.1,307.9,1365,54.0,174,No Failure
9086,9087,L56266,297.1,307.8,1428,43.7,179,No Failure
9087,9088,L56267,297.1,307.8,1681,27.6,181,No Failure
9088,9089,M23948,297.1,307.9,1662,26.9,183,No Failure
9089,9090,L56269,297.2,307.9,1989,20.3,186,No Failure
9090,9091,M23950,297.2,307.9,1747,29.0,188,No Failure
9091,9092,M23951,297.2,308.0,1765,31.1,191,No Failure
9092,9093,L56272,297.3,308.1,1568,34.4,194,No Failure
9093,9094,M23953,297.3,308.1,1709,30.6,196,No Failure
9094,9095,M23954,297.3,308.1,1370,58.8,199,No Failure
9095,9096,L56275,297.3,308.1,1458,45.7,202,No Failure
9096,9097,L56276,297.2,308.1,1712,30.9,204,No Failure
9097,9098,L56277,297.3,308.1,1642,36.9,206,No Failure
9098,9099,L56278,297.3,308.1,1468,49.8,0,No Failure
9099,9100,H38513,297.3,308.1,1477,52.3,2,No Failure
9100,9101,L56280,297.3,308.2,1446,53.5,7,No Failure
9101,9102,H38515,297.3,308.2,1653,31.4,9,No Failure
9102,9103,L56282,297.3,308.3,1494,38.2,14,No Failure
9103,9104,L56283,297.3,308.2,1490,41.0,16,No Failure
9104,9105,M23964,297.4,308.3,1550,47.8,18,No Failure
9105,9106,M23965,297.3,308.2,1677,34.9,21,No Failure
9106,9107,L56286,297.4,308.3,1854,21.8,24,No Failure
9107,9108,M23967,297.5,308.5,1662,30.3,26,No Failure
9108,9109,M23968,297.5,308.6,1440,38.8,29,No Failure
9109,9110,L56289,297.5,308.6,1513,39.7,32,No Failure
9110,9111,M23970,297.6,308.6,1389,49.0,34,No Failure
9111,9112,L56291,297.6,308.6,1351,51.0,37,No Failure
9112,9113,M23972,297.6,308.6,1482,38.3,39,No Failure
9113,9114,L56293,297.6,308.6,1744,28.5,42,No Failure
9114,9115,L56294,297.6,308.7,1476,39.0,44,No Failure
9115,9116,M23975,297.6,308.6,1444,48.2,46,No Failure
9116,9117,H38530,297.6,308.7,1659,32.1,49,No Failure
9117,9118,M23977,297.6,308.7,1475,46.6,54,No Failure
9118,9119,L56298,297.6,308.6,1526,42.1,57,No Failure
9119,9120,M23979,297.4,308.4,1675,29.5,59,No Failure
9120,9121,L56300,297.4,308.4,1525,38.7,62,No Failure
9121,9122,L56301,297.3,308.3,1396,45.9,64,No Failure
9122,9123,L56302,297.4,308.4,1580,41.2,66,No Failure
9123,9124,L56303,297.4,308.5,1462,42.8,68,No Failure
9124,9125,L56304,297.4,308.4,1426,50.4,70,No Failure
9125,9126,L56305,297.4,308.5,1569,34.2,72,No Failure
9126,9127,L56306,297.4,308.5,1477,40.7,74,No Failure
9127,9128,L56307,297.4,308.5,1761,27.2,76,No Failure
9128,9129,M23988,297.5,308.6,1486,45.9,78,No Failure
9129,9130,L56309,297.6,308.6,1664,30.1,81,No Failure
9130,9131,L56310,297.6,308.6,1576,32.7,83,No Failure
9131,9132,H38545,297.6,308.6,1463,46.7,85,No Failure
9132,9133,M23992,297.6,308.6,1585,42.0,90,No Failure
9133,9134,L56313,297.7,308.7,1479,45.7,93,No Failure
9134,9135,L56314,297.7,308.7,1449,40.2,95,No Failure
9135,9136,H38549,297.7,308.8,1404,50.3,97,No Failure
9136,9137,L56316,297.7,308.7,1694,29.1,102,No Failure
9137,9138,L56317,297.7,308.7,1731,28.4,104,No Failure
9138,9139,L56318,297.6,308.6,1522,37.0,106,No Failure
9139,9140,L56319,297.5,308.5,1536,36.9,108,No Failure
9140,9141,L56320,297.5,308.5,1373,39.9,110,No Failure
9141,9142,L56321,297.5,308.5,1597,36.4,112,No Failure
9142,9143,L56322,297.6,308.5,1678,34.2,114,No Failure
9143,9144,L56323,297.6,308.5,1452,42.6,116,No Failure
9144,9145,M24004,297.5,308.5,1447,41.6,118,No Failure
9145,9146,L56325,297.6,308.5,1574,37.1,121,No Failure
9146,9147,L56326,297.6,308.6,1528,40.0,123,No Failure
9147,9148,L56327,297.7,308.7,1688,27.2,125,No Failure
9148,9149,L56328,297.6,308.6,1393,40.4,127,No Failure
9149,9150,M24009,297.5,308.6,1429,50.5,129,No Failure
9150,9151,M24010,297.5,308.6,1347,57.0,132,No Failure
9151,9152,L56331,297.6,308.6,1553,40.5,135,No Failure
9152,9153,L56332,297.5,308.6,1260,53.6,137,No Failure
9153,9154,L56333,297.5,308.6,1546,33.8,139,No Failure
9154,9155,L56334,297.5,308.6,1596,36.0,141,No Failure
9155,9156,L56335,297.5,308.5,1340,57.4,143,No Failure
9156,9157,M24016,297.5,308.4,1369,54.8,145,No Failure
9157,9158,L56337,297.5,308.5,1462,52.3,148,No Failure
9158,9159,H38572,297.4,308.4,1487,46.2,150,No Failure
9159,9160,M24019,297.5,308.6,1510,35.5,155,No Failure
9160,9161,H38574,297.5,308.5,1671,28.0,158,No Failure
9161,9162,M24021,297.5,308.5,1612,30.0,163,No Failure
9162,9163,M24022,297.6,308.6,1509,39.7,166,No Failure
9163,9164,L56343,297.6,308.6,1415,47.3,169,No Failure
9164,9165,L56344,297.6,308.6,2384,14.4,171,No Failure
9165,9166,L56345,297.6,308.6,1326,62.4,173,No Failure
9166,9167,M24026,297.6,308.6,1390,53.4,175,No Failure
9167,9168,M24027,297.6,308.7,1392,41.2,178,No Failure
9168,9169,H38582,297.6,308.8,1385,44.4,181,No Failure
9169,9170,L56349,297.7,308.8,1896,24.5,186,No Failure
9170,9171,L56350,297.7,308.7,1474,46.8,188,No Failure
9171,9172,M24031,297.7,308.8,1388,45.6,190,No Failure
9172,9173,L56352,297.7,308.9,1715,27.2,193,No Failure
9173,9174,H38587,297.8,308.9,1650,32.2,195,No Failure
9174,9175,L56354,297.8,308.9,1871,25.6,200,Tool Wear Failure
9175,9176,L56355,297.8,309.0,1403,64.2,0,Power Failure
9176,9177,L56356,297.8,308.9,1518,40.4,2,No Failure
9177,9178,L56357,297.9,309.1,1504,43.0,4,No Failure
9178,9179,L56358,297.8,309.0,1340,56.9,6,No Failure
9179,9180,H38593,297.9,309.1,1435,44.7,8,No Failure
9180,9181,L56360,297.9,309.1,1507,36.9,13,No Failure
9181,9182,L56361,297.9,309.1,1521,36.1,15,No Failure
9182,9183,M24042,297.8,309.0,1576,45.0,17,No Failure
9183,9184,L56363,297.9,309.1,1543,36.6,20,No Failure
9184,9185,L56364,298.0,309.2,1665,36.6,22,No Failure
9185,9186,L56365,297.9,309.1,1442,50.3,24,No Failure
9186,9187,L56366,297.9,309.0,1629,29.0,26,No Failure
9187,9188,L56367,297.9,309.0,1379,47.3,28,No Failure
9188,9189,L56368,297.9,309.0,1502,40.2,30,No Failure
9189,9190,L56369,297.9,309.1,1595,32.0,32,No Failure
9190,9191,M24050,298.0,309.0,1439,38.5,34,No Failure
9191,9192,M24051,297.9,309.0,1970,21.6,37,No Failure
9192,9193,L56372,297.9,309.0,1562,35.8,40,No Failure
9193,9194,M24053,297.9,309.0,1530,40.9,42,No Failure
9194,9195,L56374,297.9,308.9,1393,40.6,45,No Failure
9195,9196,L56375,297.9,309.0,1532,37.6,47,No Failure
9196,9197,L56376,298.0,308.9,1607,37.7,49,No Failure
9197,9198,M24057,297.9,308.8,1469,49.0,51,No Failure
9198,9199,M24058,297.9,308.8,1538,37.6,54,No Failure
9199,9200,L56379,297.9,308.8,1613,31.4,57,No Failure
9200,9201,M24060,297.9,308.8,1602,32.1,59,No Failure
9201,9202,L56381,297.8,308.7,1404,44.2,62,No Failure
9202,9203,L56382,297.8,308.8,1548,36.9,64,No Failure
9203,9204,L56383,297.8,308.8,1559,35.2,66,No Failure
9204,9205,L56384,297.8,308.8,1621,36.1,68,No Failure
9205,9206,L56385,297.8,308.8,1579,32.9,70,No Failure
9206,9207,M24066,297.9,308.9,1547,44.0,72,No Failure
9207,9208,L56387,297.9,308.8,1386,48.6,75,No Failure
9208,9209,L56388,298.0,308.9,1406,40.9,77,No Failure
9209,9210,M24069,298.0,309.0,1393,55.9,79,No Failure
9210,9211,M24070,297.9,309.0,2456,13.9,82,No Failure
9211,9212,M24071,298.0,309.0,1409,49.1,85,No Failure
9212,9213,L56392,298.0,308.9,1390,53.9,88,No Failure
9213,9214,L56393,298.0,309.0,1679,32.4,90,No Failure
9214,9215,L56394,298.0,308.9,1508,37.1,92,No Failure
9215,9216,L56395,297.9,308.8,1681,31.7,94,No Failure
9216,9217,H38630,297.7,308.8,1469,43.7,96,No Failure
9217,9218,L56397,297.8,308.8,1421,49.6,101,No Failure
9218,9219,L56398,297.7,308.8,1354,50.2,103,No Failure
9219,9220,M24079,297.7,308.8,1350,57.0,105,No Failure
9220,9221,L56400,297.8,308.9,1282,58.1,108,No Failure
9221,9222,M24081,297.8,309.0,1675,30.0,110,No Failure
9222,9223,M24082,297.9,309.0,1525,38.5,113,No Failure
9223,9224,L56403,297.9,309.0,1382,43.9,116,No Failure
9224,9225,L56404,297.9,309.0,1450,46.8,118,No Failure
9225,9226,L56405,298.0,309.1,1820,23.6,120,No Failure
9226,9227,L56406,298.0,309.1,1822,23.5,122,No Failure
9227,9228,L56407,298.0,309.1,1473,44.3,124,No Failure
9228,9229,M24088,298.1,309.1,1572,37.5,126,No Failure
9229,9230,M24089,298.1,309.0,2042,17.8,129,No Failure
9230,9231,L56410,298.2,309.2,1922,22.6,132,No Failure
9231,9232,L56411,298.2,309.1,1539,36.5,134,No Failure
9232,9233,L56412,298.2,309.1,1350,52.0,136,No Failure
9233,9234,L56413,298.3,309.1,1403,45.1,138,No Failure
9234,9235,L56414,298.3,309.1,1904,20.3,140,No Failure
9235,9236,M24095,298.2,308.9,1592,35.2,142,No Failure
9236,9237,L56416,298.1,308.7,1556,31.6,145,No Failure
9237,9238,M24097,298.1,308.8,1811,25.4,147,No Failure
9238,9239,M24098,298.2,308.8,1456,41.2,150,No Failure
9239,9240,H38653,298.2,308.8,1436,51.9,153,No Failure
9240,9241,M24100,298.1,308.7,1362,49.6,158,No Failure
9241,9242,L56421,298.1,308.7,1683,29.1,161,No Failure
9242,9243,M24102,298.2,308.7,1269,60.9,163,No Failure
9243,9244,L56423,298.3,308.8,1454,49.0,166,No Failure
9244,9245,L56424,298.3,308.8,1767,27.3,168,No Failure
9245,9246,L56425,298.3,308.9,1708,27.3,170,No Failure
9246,9247,L56426,298.3,308.9,1862,27.0,172,No Failure
9247,9248,L56427,298.3,308.9,1695,30.7,174,No Failure
9248,9249,M24108,298.3,309.1,1488,40.6,176,No Failure
9249,9250,L56429,298.3,309.0,1657,32.2,179,No Failure
9250,9251,H38664,298.3,309.0,1823,25.9,181,No Failure
9251,9252,M24111,298.2,309.1,1651,28.8,186,No Failure
9252,9253,M24112,298.1,309.0,1533,36.1,189,No Failure
9253,9254,M24113,298.2,309.0,1508,40.5,192,No Failure
9254,9255,L56434,298.3,309.1,1616,31.1,195,No Failure
9255,9256,L56435,298.2,309.0,1651,31.5,197,No Failure
9256,9257,L56436,298.2,309.1,1569,35.2,199,No Failure
9257,9258,M24117,298.3,309.1,1296,58.7,201,No Failure
9258,9259,H38672,298.3,309.0,1379,43.2,0,No Failure
9259,9260,M24119,298.2,309.0,1694,28.0,5,No Failure
9260,9261,L56440,298.2,309.0,1377,57.8,8,No Failure
9261,9262,H38675,298.3,309.0,1470,38.4,10,No Failure
9262,9263,M24122,298.3,309.1,1404,47.0,15,No Failure
9263,9264,L56443,298.3,309.1,1593,40.1,18,No Failure
9264,9265,M24124,298.3,309.0,1526,36.9,20,No Failure
9265,9266,M24125,298.3,308.9,1390,49.7,23,No Failure
9266,9267,L56446,298.2,308.9,1737,25.5,26,No Failure
9267,9268,L56447,298.2,308.8,1362,57.3,28,No Failure
9268,9269,L56448,298.2,308.8,1666,31.5,30,No Failure
9269,9270,L56449,298.2,308.8,1354,60.9,32,No Failure
9270,9271,L56450,298.2,308.8,1302,60.4,34,No Failure
9271,9272,L56451,298.2,308.7,1991,20.5,36,No Failure
9272,9273,L56452,298.2,308.6,1353,54.1,38,No Failure
9273,9274,H38687,298.2,308.7,1520,35.7,40,No Failure
9274,9275,L56454,298.2,308.7,1428,54.9,45,No Failure
9275,9276,L56455,298.2,308.7,1605,29.4,47,No Failure
9276,9277,L56456,298.1,308.7,1691,30.3,49,No Failure
9277,9278,L56457,298.2,308.7,1447,48.4,51,No Failure
9278,9279,H38692,298.2,308.8,1606,39.9,53,No Failure
9279,9280,M24139,298.2,308.8,1645,28.2,58,No Failure
9280,9281,H38694,298.2,308.8,1470,43.3,61,No Failure
9281,9282,L56461,298.2,308.9,1336,45.0,66,No Failure
9282,9283,M24142,298.2,308.9,1414,44.3,68,No Failure
9283,9284,M24143,298.3,309.0,1802,27.5,71,No Failure
9284,9285,L56464,298.2,308.9,1683,31.7,74,No Failure
9285,9286,M24145,298.2,309.0,1410,47.6,76,No Failure
9286,9287,L56466,298.2,308.9,1605,32.0,79,No Failure
9287,9288,L56467,298.2,308.9,1709,28.1,81,No Failure
9288,9289,L56468,298.2,308.9,1444,53.1,83,No Failure
9289,9290,L56469,298.2,308.9,1367,45.0,85,No Failure
9290,9291,L56470,298.2,309.0,1418,44.2,87,No Failure
9291,9292,L56471,298.2,309.0,1353,57.8,89,No Failure
9292,9293,L56472,298.2,309.0,1643,34.1,91,No Failure
9293,9294,L56473,298.3,309.1,1437,38.0,93,No Failure
9294,9295,L56474,298.1,309.0,1437,36.2,95,No Failure
9295,9296,M24155,298.2,309.0,1413,47.9,97,No Failure
9296,9297,H38710,298.2,309.0,1524,39.1,100,No Failure
9297,9298,M24157,298.1,308.9,1479,43.4,105,No Failure
9298,9299,L56478,298.1,308.9,1313,50.6,108,No Failure
9299,9300,M24159,298.1,308.9,1335,50.4,110,No Failure
9300,9301,L56480,298.1,308.9,1367,41.9,113,No Failure
9301,9302,M24161,298.1,308.9,1459,50.3,115,No Failure
9302,9303,M24162,298.1,308.9,1804,25.1,118,No Failure
9303,9304,L56483,298.2,309.0,1491,38.3,121,No Failure
9304,9305,L56484,298.3,309.1,1537,43.0,123,No Failure
9305,9306,H38719,298.3,309.1,1646,30.2,125,No Failure
9306,9307,M24166,298.3,309.2,1783,28.3,130,No Failure
9307,9308,L56487,298.3,309.1,1395,49.8,133,No Failure
9308,9309,L56488,298.4,309.1,1423,48.0,135,No Failure
9309,9310,L56489,298.3,309.2,1562,37.6,137,No Failure
9310,9311,L56490,298.4,309.3,1549,40.8,139,No Failure
9311,9312,L56491,298.4,309.4,1540,43.2,141,No Failure
9312,9313,H38726,298.5,309.4,1573,33.6,143,No Failure
9313,9314,L56493,298.5,309.4,1418,45.1,148,No Failure
9314,9315,M24174,298.5,309.4,1565,33.7,150,No Failure
9315,9316,L56495,298.5,309.5,1569,41.0,153,No Failure
9316,9317,H38730,298.5,309.4,1417,41.2,155,No Failure
9317,9318,L56497,298.5,309.5,1480,38.1,160,No Failure
9318,9319,L56498,298.5,309.4,1364,44.5,162,No Failure
9319,9320,L56499,298.5,309.4,1911,21.5,164,No Failure
9320,9321,L56500,298.4,309.3,1409,43.1,166,No Failure
9321,9322,L56501,298.4,309.2,1335,53.5,168,No Failure
9322,9323,M24182,298.5,309.3,1512,38.1,170,No Failure
9323,9324,L56503,298.6,309.4,1447,40.2,173,No Failure
9324,9325,L56504,298.6,309.3,1537,37.6,175,No Failure
9325,9326,M24185,298.6,309.3,1510,40.8,177,No Failure
9326,9327,L56506,298.6,309.3,1677,31.2,180,No Failure
9327,9328,L56507,298.5,309.2,1504,33.7,182,No Failure
9328,9329,H38742,298.5,309.1,2051,19.0,184,No Failure
9329,9330,L56509,298.5,309.1,1474,41.3,189,No Failure
9330,9331,M24190,298.4,309.0,1507,36.1,191,No Failure
9331,9332,L56511,298.4,308.9,1496,37.9,194,No Failure
9332,9333,M24192,298.5,309.0,1921,22.0,196,No Failure
9333,9334,L56513,298.5,309.0,1450,40.5,199,No Failure
9334,9335,L56514,298.4,308.9,1402,44.8,201,No Failure
9335,9336,L56515,298.4,308.9,1501,50.0,203,No Failure
9336,9337,L56516,298.5,308.9,1725,31.9,205,No Failure
9337,9338,H38751,298.5,308.9,1500,40.3,207,No Failure
9338,9339,H38752,298.5,309.0,1531,30.8,212,No Failure
9339,9340,L56519,298.5,309.0,1458,44.8,217,No Failure
9340,9341,H38754,298.4,308.9,1577,37.1,0,No Failure
9341,9342,M24201,298.3,308.9,1363,46.1,5,No Failure
9342,9343,H38756,298.3,308.9,1706,31.8,8,No Failure
9343,9344,M24203,298.3,308.8,1391,50.4,13,No Failure
9344,9345,L56524,298.2,308.8,1616,33.7,16,No Failure
9345,9346,L56525,298.2,308.8,1442,47.0,18,No Failure
9346,9347,M24206,298.2,308.8,1626,40.4,20,No Failure
9347,9348,M24207,298.2,308.7,1426,42.6,23,No Failure
9348,9349,L56528,298.2,308.7,1436,49.1,26,No Failure
9349,9350,M24209,298.2,308.7,1599,36.2,28,No Failure
9350,9351,L56530,298.2,308.7,2186,17.8,31,No Failure
9351,9352,L56531,298.3,308.8,1645,30.4,33,No Failure
9352,9353,L56532,298.2,308.7,1780,27.9,35,No Failure
9353,9354,L56533,298.2,308.8,1345,44.3,37,No Failure
9354,9355,M24214,298.2,308.8,1607,31.9,39,No Failure
9355,9356,L56535,298.3,308.9,1708,28.0,42,No Failure
9356,9357,L56536,298.3,308.9,1270,52.7,44,No Failure
9357,9358,M24217,298.3,308.9,1646,25.4,46,No Failure
9358,9359,L56538,298.2,308.7,1407,45.1,49,No Failure
9359,9360,M24219,298.1,308.7,1581,47.4,51,No Failure
9360,9361,L56540,298.0,308.6,1532,42.6,54,No Failure
9361,9362,L56541,298.0,308.6,1610,33.1,56,No Failure
9362,9363,M24222,298.0,308.5,1682,33.0,58,No Failure
9363,9364,L56543,297.9,308.5,1519,34.3,61,No Failure
9364,9365,L56544,297.9,308.5,1683,28.5,63,No Failure
9365,9366,M24225,298.0,308.6,1254,55.8,65,No Failure
9366,9367,L56546,298.0,308.5,1461,48.0,68,No Failure
9367,9368,L56547,297.9,308.5,1472,45.1,70,No Failure
9368,9369,L56548,297.7,308.4,1510,38.6,72,No Failure
9369,9370,M24229,297.7,308.3,1547,36.8,74,No Failure
9370,9371,H38784,297.7,308.4,1418,51.9,77,No Failure
9371,9372,L56551,297.7,308.4,1289,51.3,82,No Failure
9372,9373,L56552,297.7,308.4,1487,41.4,84,No Failure
9373,9374,L56553,297.7,308.5,1453,45.5,86,No Failure
9374,9375,M24234,297.8,308.5,1466,44.7,88,No Failure
9375,9376,H38789,297.7,308.4,1288,49.5,91,No Failure
9376,9377,H38790,297.7,308.4,1738,27.7,96,No Failure
9377,9378,H38791,297.7,308.3,1488,41.0,101,No Failure
9378,9379,L56558,297.6,308.3,1816,28.8,106,No Failure
9379,9380,L56559,297.5,308.2,1419,48.5,108,No Failure
9380,9381,L56560,297.4,308.1,1435,45.7,110,No Failure
9381,9382,M24241,297.5,308.1,1480,42.4,112,No Failure
9382,9383,L56562,297.5,308.2,1610,33.6,115,No Failure
9383,9384,H38797,297.5,308.1,1548,38.2,117,No Failure
9384,9385,M24244,297.6,308.1,1379,57.4,122,No Failure
9385,9386,M24245,297.5,308.1,1907,23.5,125,No Failure
9386,9387,M24246,297.5,308.0,2033,16.7,128,No Failure
9387,9388,H38801,297.4,307.9,1390,52.0,131,No Failure
9388,9389,M24248,297.5,307.9,1544,37.9,136,No Failure
9389,9390,L56569,297.6,308.0,1258,57.4,139,No Failure
9390,9391,M24250,297.5,308.0,1560,39.0,141,No Failure
9391,9392,H38805,297.6,308.2,2071,18.5,144,No Failure
9392,9393,L56572,297.6,308.1,1437,46.3,149,No Failure
9393,9394,H38807,297.7,308.2,1489,43.0,151,No Failure
9394,9395,L56574,297.7,308.2,1334,53.0,156,No Failure
9395,9396,L56575,297.7,308.2,1500,39.9,158,No Failure
9396,9397,L56576,297.8,308.3,1498,47.3,160,No Failure
9397,9398,M24257,297.7,308.2,1370,53.4,162,No Failure
9398,9399,H38812,297.7,308.2,1526,40.1,165,No Failure
9399,9400,L56579,297.8,308.3,1477,44.8,170,No Failure
9400,9401,L56580,297.7,308.2,1446,43.9,172,No Failure
9401,9402,M24261,297.7,308.2,1720,25.6,174,No Failure
9402,9403,L56582,297.7,308.1,1734,30.7,177,No Failure
9403,9404,L56583,297.7,308.1,1697,29.1,179,No Failure
9404,9405,L56584,297.7,308.2,2007,19.3,181,No Failure
9405,9406,M24265,297.7,308.1,1469,48.8,183,No Failure
9406,9407,M24266,297.7,308.1,2189,15.6,186,No Failure
9407,9408,L56587,297.8,308.3,1435,50.1,189,No Failure
9408,9409,H38822,297.9,308.4,1637,34.5,191,No Failure
9409,9410,L56589,298.0,308.5,1664,28.3,196,No Failure
9410,9411,M24270,298.0,308.5,1666,31.0,198,No Failure
9411,9412,L56591,298.0,308.5,1404,46.6,201,No Failure
9412,9413,L56592,298.0,308.5,1702,26.7,203,No Failure
9413,9414,L56593,298.1,308.6,1439,44.9,205,No Failure
9414,9415,L56594,298.1,308.6,1354,53.9,207,Overstrain Failure
9415,9416,M24275,298.2,308.7,1361,44.2,0,No Failure
9416,9417,M24276,298.1,308.5,1463,45.9,3,No Failure
9417,9418,H38831,298.1,308.4,1515,43.8,6,No Failure
9418,9419,L56598,298.0,308.4,1432,46.2,11,No Failure
9419,9420,L56599,298.0,308.4,1911,22.0,13,No Failure
9420,9421,L56600,298.0,308.4,1472,42.0,15,No Failure
9421,9422,M24281,298.1,308.5,1382,54.5,17,No Failure
9422,9423,L56602,298.1,308.5,1665,29.6,20,No Failure
9423,9424,L56603,298.1,308.5,1676,30.5,22,No Failure
9424,9425,M24284,298.0,308.5,1585,33.0,24,No Failure
9425,9426,M24285,298.1,308.6,1415,46.3,27,No Failure
9426,9427,L56606,298.1,308.7,1341,55.7,30,No Failure
9427,9428,L56607,298.2,308.8,1540,34.8,32,No Failure
9428,9429,H38842,298.2,308.8,1837,28.4,34,No Failure
9429,9430,L56609,298.2,308.8,1498,36.0,39,No Failure
9430,9431,L56610,298.1,308.7,1671,28.8,41,No Failure
9431,9432,L56611,298.0,308.6,1430,57.0,43,No Failure
9432,9433,L56612,298.0,308.7,1619,40.1,45,No Failure
9433,9434,M24293,298.0,308.7,1430,51.9,47,No Failure
9434,9435,L56614,298.0,308.6,1626,33.3,50,No Failure
9435,9436,L56615,298.0,308.7,1443,49.3,52,No Failure
9436,9437,L56616,298.0,308.6,1481,42.5,54,No Failure
9437,9438,M24297,298.1,308.7,1527,43.0,56,No Failure
9438,9439,M24298,298.1,308.7,1315,56.8,59,No Failure
9439,9440,M24299,298.1,308.8,1433,48.2,62,No Failure
9440,9441,M24300,298.1,308.8,1378,53.5,65,No Failure
9441,9442,L56621,298.1,308.8,1432,43.4,68,No Failure
9442,9443,M24302,298.1,308.8,1394,47.9,70,No Failure
9443,9444,H38857,298.0,308.8,1411,53.8,73,No Failure
9444,9445,L56624,298.1,308.9,2136,15.9,78,No Failure
9445,9446,M24305,298.2,309.0,1446,45.8,80,No Failure
9446,9447,H38860,298.1,308.9,1388,53.5,83,No Failure
9447,9448,M24307,298.1,308.9,1323,51.7,88,No Failure
9448,9449,L56628,298.2,309.0,1780,29.3,91,No Failure
9449,9450,M24309,298.1,308.8,1434,41.8,93,No Failure
9450,9451,M24310,298.0,308.7,1494,42.6,96,No Failure
9451,9452,H38865,298.0,308.7,1536,39.6,99,No Failure
9452,9453,M24312,298.0,308.7,1392,53.4,104,No Failure
9453,9454,H38867,298.2,309.0,1360,56.8,107,No Failure
9454,9455,L56634,298.4,309.2,1583,35.4,112,No Failure
9455,9456,L56635,298.5,309.2,1983,20.2,114,No Failure
9456,9457,L56636,298.5,309.3,1630,33.3,116,No Failure
9457,9458,M24317,298.5,309.3,1692,26.7,118,No Failure
9458,9459,L56638,298.4,309.1,1417,40.6,121,No Failure
9459,9460,L56639,298.4,309.1,1579,36.1,123,No Failure
9460,9461,M24320,298.4,309.2,1399,45.2,125,No Failure
9461,9462,M24321,298.4,309.2,1414,46.4,128,No Failure
9462,9463,L56642,298.5,309.3,1570,40.1,131,No Failure
9463,9464,M24323,298.5,309.3,1552,36.8,133,No Failure
9464,9465,L56644,298.6,309.4,1440,48.2,136,No Failure
9465,9466,M24325,298.6,309.4,1460,43.8,138,No Failure
9466,9467,L56646,298.6,309.4,1471,48.0,141,No Failure
9467,9468,L56647,298.6,309.3,1702,27.6,143,No Failure
9468,9469,L56648,298.6,309.4,1375,55.4,145,No Failure
9469,9470,L56649,298.6,309.4,1698,33.2,147,No Failure
9470,9471,H38884,298.6,309.4,1439,47.1,149,No Failure
9471,9472,M24331,298.6,309.4,1774,27.5,154,No Failure
9472,9473,M24332,298.7,309.4,1375,48.3,157,No Failure
9473,9474,L56653,298.7,309.5,1446,40.0,160,No Failure
9474,9475,M24334,298.7,309.6,1455,46.8,162,No Failure
9475,9476,L56655,298.8,309.6,1523,41.9,165,No Failure
9476,9477,M24336,298.8,309.6,1692,31.9,167,No Failure
9477,9478,M24337,298.8,309.6,1693,33.3,170,No Failure
9478,9479,L56658,298.8,309.6,1890,24.0,173,No Failure
9479,9480,H38893,298.9,309.6,1600,33.5,175,No Failure
9480,9481,M24340,298.9,309.6,1434,43.8,180,No Failure
9481,9482,L56661,298.9,309.6,1365,50.9,183,No Failure
9482,9483,H38896,298.8,309.6,1309,57.4,185,No Failure
9483,9484,H38897,298.9,309.6,1546,35.3,190,No Failure
9484,9485,L56664,298.9,309.6,1663,33.7,195,No Failure
9485,9486,L56665,298.9,309.6,1589,34.2,197,No Failure
9486,9487,M24346,298.9,309.6,1472,46.0,199,No Failure
9487,9488,L56667,298.9,309.6,1583,39.8,202,No Failure
9488,9489,M24348,298.9,309.6,1567,34.5,204,No Failure
9489,9490,L56669,298.9,309.7,1407,41.9,207,No Failure
9490,9491,M24350,299.0,309.7,1418,44.7,209,No Failure
9491,9492,M24351,299.0,309.7,1489,40.7,212,No Failure
9492,9493,L56672,299.1,309.9,1586,36.6,215,No Failure
9493,9494,L56673,299.1,309.8,1398,55.4,217,Overstrain Failure
9494,9495,L56674,299.2,309.9,1516,41.4,219,No Failure
9495,9496,H38909,299.3,310.0,1373,44.8,221,No Failure
9496,9497,M24356,299.2,310.0,1349,50.4,226,No Failure
9497,9498,H38911,299.1,309.9,1443,40.3,0,No Failure
9498,9499,H38912,299.2,310.1,1542,36.1,5,No Failure
9499,9500,L56679,299.2,310.1,1534,37.7,10,No Failure
9500,9501,L56680,299.2,310.2,1697,30.6,12,No Failure
9501,9502,L56681,299.3,310.3,1396,47.4,14,No Failure
9502,9503,L56682,299.3,310.2,1495,49.2,16,No Failure
9503,9504,M24363,299.2,310.3,1551,44.8,18,No Failure
9504,9505,L56684,299.2,310.3,1440,47.0,21,No Failure
9505,9506,L56685,299.2,310.3,1429,40.1,23,No Failure
9506,9507,H38920,299.3,310.4,1548,41.6,25,No Failure
9507,9508,L56687,299.3,310.5,1505,38.8,30,No Failure
9508,9509,L56688,299.2,310.4,1611,36.4,32,No Failure
9509,9510,M24369,299.2,310.4,1502,39.8,34,No Failure
9510,9511,M24370,299.2,310.4,1504,43.3,37,No Failure
9511,9512,L56691,299.1,310.3,1449,40.7,40,No Failure
9512,9513,L56692,299.0,310.2,1575,37.8,42,No Failure
9513,9514,M24373,299.0,310.2,1598,33.4,44,No Failure
9514,9515,L56694,299.0,310.1,1416,45.9,47,No Failure
9515,9516,L56695,299.0,310.2,1682,28.8,49,No Failure
9516,9517,L56696,298.9,310.1,1341,54.5,51,No Failure
9517,9518,L56697,298.9,310.1,1523,39.1,53,No Failure
9518,9519,L56698,299.0,310.1,1580,41.9,55,No Failure
9519,9520,L56699,299.0,310.1,1531,36.0,57,No Failure
9520,9521,L56700,299.0,310.1,1375,48.9,59,No Failure
9521,9522,M24381,298.9,310.1,1484,40.4,61,No Failure
9522,9523,M24382,299.0,310.2,1657,32.3,64,No Failure
9523,9524,L56703,299.0,310.2,1494,40.6,67,No Failure
9524,9525,H38938,299.0,310.3,1658,27.6,69,No Failure
9525,9526,L56705,299.1,310.3,1411,42.1,74,No Failure
9526,9527,M24386,299.2,310.4,1395,55.4,76,No Failure
9527,9528,L56707,299.1,310.4,1550,43.9,79,No Failure
9528,9529,M24388,299.1,310.3,1233,59.0,81,No Failure
9529,9530,L56709,299.1,310.3,1459,46.7,84,No Failure
9530,9531,H38944,299.1,310.4,1405,53.6,86,No Failure
9531,9532,L56711,299.2,310.5,1458,44.1,91,No Failure
9532,9533,L56712,299.2,310.5,1384,48.7,93,No Failure
9533,9534,L56713,299.2,310.5,1705,29.5,95,No Failure
9534,9535,L56714,299.3,310.6,1443,45.7,97,No Failure
9535,9536,M24395,299.3,310.6,1609,31.4,99,No Failure
9536,9537,L56716,299.3,310.5,1818,26.0,102,No Failure
9537,9538,M24397,299.3,310.6,1457,42.1,104,No Failure
9538,9539,L56718,299.3,310.6,1480,45.1,107,No Failure
9539,9540,L56719,299.4,310.8,1424,47.7,109,No Failure
9540,9541,M24400,299.4,310.8,1628,40.2,111,No Failure
9541,9542,M24401,299.5,310.8,1754,31.3,114,No Failure
9542,9543,L56722,299.6,310.9,1716,28.5,117,No Failure
9543,9544,M24403,299.5,310.9,1378,48.7,119,No Failure
9544,9545,L56724,299.6,311.0,1708,31.0,122,No Failure
9545,9546,L56725,299.6,311.0,1430,38.3,124,No Failure
9546,9547,M24406,299.7,311.2,1560,43.9,126,No Failure
9547,9548,L56727,299.6,311.1,1679,30.7,129,No Failure
9548,9549,L56728,299.6,311.1,1521,37.2,131,No Failure
9549,9550,M24409,299.6,311.1,1649,33.8,133,No Failure
9550,9551,M24410,299.5,311.0,1451,43.3,136,No Failure
9551,9552,L56731,299.4,310.8,1391,48.9,139,No Failure
9552,9553,M24412,299.3,310.8,1523,40.9,141,No Failure
9553,9554,L56733,299.3,310.7,1495,39.2,144,No Failure
9554,9555,M24414,299.3,310.7,1440,45.5,146,No Failure
9555,9556,H38969,299.4,310.8,1585,31.4,149,No Failure
9556,9557,L56736,299.5,310.8,1374,48.3,154,No Failure
9557,9558,M24417,299.5,310.8,1507,40.2,156,No Failure
9558,9559,M24418,299.5,310.9,1577,34.6,159,No Failure
9559,9560,L56739,299.5,310.9,1496,38.5,162,No Failure
9560,9561,L56740,299.6,310.9,1487,42.5,164,No Failure
9561,9562,L56741,299.6,310.9,1853,26.3,166,No Failure
9562,9563,M24422,299.7,311.0,1435,50.1,168,No Failure
9563,9564,M24423,299.8,311.1,1763,25.5,171,No Failure
9564,9565,L56744,299.8,311.1,1820,24.9,174,No Failure
9565,9566,M24425,299.8,311.1,1498,38.1,176,No Failure
9566,9567,L56746,299.8,311.1,1603,35.1,179,No Failure
9567,9568,L56747,299.8,311.1,1412,42.5,181,No Failure
9568,9569,L56748,299.8,311.1,1588,38.0,183,No Failure
9569,9570,M24429,299.8,311.0,1948,20.0,185,No Failure
9570,9571,L56750,299.7,310.9,1384,48.2,188,No Failure
9571,9572,L56751,299.7,310.8,1589,36.0,190,No Failure
9572,9573,M24432,299.7,310.8,1405,47.6,192,No Failure
9573,9574,L56753,299.7,310.9,1491,40.1,195,No Failure
9574,9575,H38988,299.7,310.8,1418,46.6,197,No Failure
9575,9576,M24435,299.6,310.8,1603,35.4,202,No Failure
9576,9577,L56756,299.6,310.7,1922,23.3,205,Tool Wear Failure
9577,9578,M24437,299.5,310.7,1364,49.5,0,No Failure
9578,9579,L56758,299.4,310.7,1551,41.2,3,No Failure
9579,9580,L56759,299.5,310.7,1589,33.5,5,No Failure
9580,9581,M24440,299.5,310.7,1423,56.5,7,No Failure
9581,9582,L56761,299.4,310.6,1418,53.1,10,No Failure
9582,9583,M24442,299.3,310.5,1404,47.5,12,No Failure
9583,9584,L56763,299.3,310.5,1281,59.8,15,No Failure
9584,9585,L56764,299.3,310.5,1529,41.3,17,No Failure
9585,9586,M24445,299.3,310.5,1563,42.1,19,No Failure
9586,9587,L56766,299.4,310.6,1348,54.5,22,No Failure
9587,9588,M24447,299.3,310.5,1462,40.5,24,No Failure
9588,9589,H39002,299.3,310.4,1510,45.5,27,No Failure
9589,9590,L56769,299.2,310.4,1472,43.3,32,No Failure
9590,9591,M24450,299.2,310.4,1325,52.0,34,No Failure
9591,9592,L56771,299.2,310.4,1570,37.3,37,No Failure
9592,9593,L56772,299.2,310.4,1379,46.8,39,No Failure
9593,9594,L56773,299.1,310.2,1352,52.8,41,No Failure
9594,9595,L56774,299.1,310.3,1727,28.7,43,No Failure
9595,9596,H39009,299.0,310.1,1432,50.0,45,No Failure
9596,9597,L56776,298.9,310.1,1466,43.4,50,No Failure
9597,9598,L56777,298.9,310.1,1510,38.0,52,No Failure
9598,9599,L56778,299.0,310.2,1490,41.1,54,No Failure
9599,9600,L56779,299.0,310.1,1463,37.4,56,No Failure
9600,9601,M24460,298.9,310.0,1561,45.3,58,No Failure
9601,9602,L56781,298.9,310.1,2109,18.0,61,No Failure
9602,9603,L56782,298.9,310.2,1705,32.5,63,No Failure
9603,9604,M24463,298.9,310.1,1549,40.2,65,No Failure
9604,9605,H39018,299.0,310.2,1637,38.0,68,No Failure
9605,9606,M24465,298.9,310.1,1484,37.9,73,No Failure
9606,9607,L56786,298.9,310.1,1401,44.4,76,No Failure
9607,9608,L56787,298.9,310.1,1571,36.8,78,No Failure
9608,9609,M24468,298.9,310.1,1513,41.5,80,No Failure
9609,9610,L56789,299.0,310.1,1470,40.3,83,No Failure
9610,9611,L56790,299.0,310.1,1505,41.3,85,No Failure
9611,9612,L56791,299.0,310.2,1432,42.2,87,No Failure
9612,9613,M24472,299.0,310.2,1625,31.8,89,No Failure
9613,9614,L56793,299.0,310.2,1377,62.5,92,Power Failure
9614,9615,M24474,299.1,310.3,1441,43.9,94,No Failure
9615,9616,M24475,299.0,310.2,1564,39.9,97,No Failure
9616,9617,L56796,298.9,310.1,1580,37.3,100,No Failure
9617,9618,L56797,299.0,310.2,1516,35.3,102,No Failure
9618,9619,L56798,299.0,310.1,1447,42.8,104,No Failure
9619,9620,M24479,298.9,310.0,1323,52.9,106,No Failure
9620,9621,L56800,298.9,310.0,1470,45.9,109,No Failure
9621,9622,M24481,299.0,310.0,2049,19.5,111,No Failure
9622,9623,L56802,298.9,310.0,1794,27.2,114,No Failure
9623,9624,L56803,298.9,310.1,1356,47.8,116,No Failure
9624,9625,H39038,299.0,310.1,1555,38.6,118,No Failure
9625,9626,M24485,299.0,310.1,1487,47.5,123,No Failure
9626,9627,M24486,299.0,310.0,1341,58.9,126,No Failure
9627,9628,M24487,298.9,310.0,1487,36.6,129,No Failure
9628,9629,H39042,299.0,310.0,1569,34.3,132,No Failure
9629,9630,H39043,299.0,310.1,2053,19.7,137,No Failure
9630,9631,L56810,299.0,310.1,1583,35.8,142,No Failure
9631,9632,L56811,299.0,310.0,1672,33.2,144,No Failure
9632,9633,M24492,299.0,310.0,1337,57.4,146,No Failure
9633,9634,H39047,299.1,310.1,1421,41.2,149,No Failure
9634,9635,L56814,299.1,310.2,1425,52.7,154,No Failure
9635,9636,L56815,299.2,310.2,1609,33.2,156,No Failure
9636,9637,L56816,299.2,310.3,1507,41.3,158,No Failure
9637,9638,L56817,299.2,310.3,1463,38.9,160,No Failure
9638,9639,H39052,299.3,310.4,1393,44.9,162,No Failure
9639,9640,L56819,299.3,310.4,1725,26.8,167,No Failure
9640,9641,L56820,299.4,310.5,1514,36.1,169,No Failure
9641,9642,L56821,299.3,310.4,1365,53.9,171,No Failure
9642,9643,L56822,299.4,310.5,1372,46.3,173,No Failure
9643,9644,L56823,299.4,310.4,1509,40.6,175,No Failure
9644,9645,L56824,299.3,310.4,1629,32.6,177,No Failure
9645,9646,L56825,299.4,310.5,1749,28.1,179,No Failure
9646,9647,L56826,299.4,310.4,1582,31.7,181,No Failure
9647,9648,L56827,299.2,310.2,1458,47.0,183,No Failure
9648,9649,L56828,299.1,310.1,1416,41.2,185,No Failure
9649,9650,H39063,299.1,310.0,1657,33.1,187,No Failure
9650,9651,M24510,299.1,310.0,1437,41.1,192,No Failure
9651,9652,M24511,299.1,310.0,1580,36.0,195,No Failure
9652,9653,M24512,299.0,310.0,1488,46.3,198,No Failure
9653,9654,L56833,299.0,309.9,1373,55.7,201,Overstrain Failure
9654,9655,L56834,299.1,310.0,1367,56.3,203,Overstrain Failure
9655,9656,H39069,299.1,310.0,1431,49.5,205,No Failure
9656,9657,L56836,299.0,310.1,1623,33.0,210,No Failure
9657,9658,L56837,299.0,310.0,1484,39.6,212,No Failure
9658,9659,L56838,299.0,309.9,1548,34.5,214,No Failure
9659,9660,L56839,298.9,309.8,1287,61.9,216,Overstrain Failure
9660,9661,M24520,298.9,309.8,1392,43.1,218,No Failure
9661,9662,H39075,299.0,310.0,1458,44.9,221,No Failure
9662,9663,M24522,299.1,310.1,1570,30.9,226,No Failure
9663,9664,L56843,299.1,310.1,1435,48.8,229,Overstrain Failure
9664,9665,L56844,299.1,310.2,1317,54.8,231,Overstrain Failure
9665,9666,L56845,299.2,310.3,1610,33.3,233,No Failure
9666,9667,M24526,299.1,310.3,1838,24.0,235,No Failure
9667,9668,L56847,299.2,310.3,1352,48.9,238,Overstrain Failure
9668,9669,L56848,299.1,310.3,1619,35.2,240,No Failure
9669,9670,L56849,299.1,310.3,1619,31.1,242,No Failure
9670,9671,L56850,299.0,310.2,1690,30.7,244,No Failure
9671,9672,L56851,299.0,310.2,1412,44.1,246,No Failure
9672,9673,H39086,299.0,310.2,1744,31.5,0,No Failure
9673,9674,M24533,299.0,310.1,1593,35.4,5,No Failure
9674,9675,L56854,299.1,310.2,1695,29.6,8,No Failure
9675,9676,M24535,299.0,310.2,1298,57.2,10,No Failure
9676,9677,L56856,299.0,310.1,1886,21.2,13,No Failure
9677,9678,L56857,299.0,310.1,2033,19.3,15,No Failure
9678,9679,M24538,299.1,310.2,1711,28.1,17,No Failure
9679,9680,L56859,299.1,310.2,1598,33.4,20,No Failure
9680,9681,L56860,299.1,310.1,1894,24.2,22,No Failure
9681,9682,M24541,299.1,310.1,1412,44.4,24,No Failure
9682,9683,L56862,299.1,310.0,1394,46.6,27,No Failure
9683,9684,M24543,299.0,310.0,1338,56.4,29,No Failure
9684,9685,H39098,298.9,309.9,1376,51.0,32,No Failure
9685,9686,L56865,299.0,310.0,1360,48.1,37,No Failure
9686,9687,L56866,299.1,310.1,1486,40.7,39,No Failure
9687,9688,M24547,299.1,310.1,1649,31.6,41,No Failure
9688,9689,L56868,299.1,310.1,1367,45.6,44,No Failure
9689,9690,L56869,299.0,310.1,1362,59.5,46,No Failure
9690,9691,M24550,298.9,310.0,1520,35.6,48,No Failure
9691,9692,L56871,299.0,310.0,1582,31.9,51,No Failure
9692,9693,M24552,299.0,310.0,1667,30.0,53,No Failure
9693,9694,L56873,298.9,310.0,1693,28.8,56,No Failure
9694,9695,L56874,298.9,310.0,1559,33.4,58,No Failure
9695,9696,L56875,298.9,309.9,1592,32.0,60,No Failure
9696,9697,L56876,298.9,309.9,1404,39.8,62,No Failure
9697,9698,M24557,298.8,309.8,1413,45.5,64,No Failure
9698,9699,L56878,298.8,309.8,1663,28.2,67,No Failure
9699,9700,L56879,298.8,309.8,1508,36.3,69,No Failure
9700,9701,M24560,298.9,309.8,1353,53.7,71,No Failure
9701,9702,L56881,298.8,309.8,1485,42.4,74,No Failure
9702,9703,L56882,298.9,310.0,1633,31.2,76,No Failure
9703,9704,L56883,298.9,310.0,1422,43.6,78,No Failure
9704,9705,L56884,298.9,310.1,1577,41.4,80,No Failure
9705,9706,L56885,298.9,310.0,1482,41.1,82,No Failure
9706,9707,M24566,299.0,310.1,1705,30.1,84,No Failure
9707,9708,L56887,299.0,310.1,1699,32.9,87,No Failure
9708,9709,L56888,299.0,310.1,1664,29.7,89,No Failure
9709,9710,M24569,299.0,310.0,1486,34.6,91,No Failure
9710,9711,L56890,299.1,310.1,1336,61.3,94,No Failure
9711,9712,H39125,299.1,310.1,1429,42.9,96,No Failure
9712,9713,M24572,299.1,310.2,1456,48.4,101,No Failure
9713,9714,L56893,299.1,310.2,1496,45.0,104,No Failure
9714,9715,L56894,299.1,310.1,1894,20.1,106,No Failure
9715,9716,L56895,299.1,310.1,1373,55.6,108,No Failure
9716,9717,H39130,299.0,310.0,1387,45.2,110,No Failure
9717,9718,L56897,298.9,309.9,1500,44.2,115,No Failure
9718,9719,L56898,298.9,309.9,1517,36.6,117,No Failure
9719,9720,L56899,298.9,309.9,1309,56.2,119,No Failure
9720,9721,M24580,298.9,309.9,1357,54.5,121,No Failure
9721,9722,L56901,298.8,309.8,1490,40.6,124,No Failure
9722,9723,H39136,298.8,309.8,1911,21.6,126,No Failure
9723,9724,L56903,298.8,309.8,1599,33.6,131,No Failure
9724,9725,M24584,298.8,309.7,2098,19.0,133,No Failure
9725,9726,M24585,298.7,309.7,1629,27.9,136,No Failure
9726,9727,L56906,298.8,309.8,1557,37.2,139,No Failure
9727,9728,L56907,298.8,309.8,1461,39.4,141,No Failure
9728,9729,L56908,298.8,309.8,1563,33.7,143,No Failure
9729,9730,L56909,298.7,309.8,1695,29.0,145,No Failure
9730,9731,L56910,298.8,310.0,1528,36.7,147,No Failure
9731,9732,L56911,298.8,310.0,1389,49.6,149,No Failure
9732,9733,L56912,298.9,310.0,2231,17.4,151,No Failure
9733,9734,M24593,298.9,310.1,1442,42.9,153,No Failure
9734,9735,H39148,298.9,310.1,1458,44.3,156,No Failure
9735,9736,L56915,299.0,310.1,1444,47.7,161,No Failure
9736,9737,M24596,298.9,310.0,1348,58.2,163,No Failure
9737,9738,L56917,298.9,310.0,1791,27.6,166,No Failure
9738,9739,L56918,299.0,310.0,1509,38.0,168,No Failure
9739,9740,L56919,298.9,310.0,1515,42.9,170,No Failure
9740,9741,M24600,298.9,310.1,1655,31.5,172,No Failure
9741,9742,L56921,298.9,310.1,1495,42.9,175,No Failure
9742,9743,L56922,298.9,310.2,1623,37.2,177,No Failure
9743,9744,L56923,298.9,310.2,1562,42.5,179,No Failure
9744,9745,L56924,298.8,310.1,1574,36.2,181,No Failure
9745,9746,L56925,298.8,310.0,1611,32.4,183,No Failure
9746,9747,L56926,298.8,310.0,1403,45.6,185,No Failure
9747,9748,L56927,298.8,310.1,1481,47.4,187,No Failure
9748,9749,M24608,298.9,310.1,1441,41.2,189,No Failure
9749,9750,H39163,298.8,310.1,1483,45.4,192,No Failure
9750,9751,L56930,298.7,310.0,1555,32.6,197,No Failure
9751,9752,L56931,298.6,309.9,1615,28.8,199,No Failure
9752,9753,L56932,298.6,309.8,1561,32.6,201,No Failure
9753,9754,L56933,298.5,309.8,1593,35.1,203,No Failure
9754,9755,M24614,298.5,309.7,1552,34.0,205,No Failure
9755,9756,H39169,298.5,309.7,1561,35.3,208,No Failure
9756,9757,L56936,298.6,309.8,1597,35.9,213,No Failure
9757,9758,M24617,298.6,309.9,1517,34.0,215,No Failure
9758,9759,L56938,298.6,309.8,2271,16.2,218,Tool Wear Failure
9759,9760,L56939,298.5,309.7,1613,36.7,0,No Failure
9760,9761,M24620,298.5,309.6,1509,47.3,2,No Failure
9761,9762,L56941,298.6,309.7,1703,26.1,5,No Failure
9762,9763,L56942,298.6,309.7,1925,22.1,7,No Failure
9763,9764,M24623,298.6,309.6,1635,29.7,9,No Failure
9764,9765,L56944,298.5,309.5,1294,66.7,12,Power Failure
9765,9766,L56945,298.6,309.6,1472,39.1,14,No Failure
9766,9767,H39180,298.6,309.6,1449,42.5,16,No Failure
9767,9768,L56947,298.6,309.6,1563,35.0,21,No Failure
9768,9769,L56948,298.6,309.6,1611,35.7,23,No Failure
9769,9770,L56949,298.6,309.6,1386,48.6,25,No Failure
9770,9771,H39184,298.6,309.5,1584,31.8,27,No Failure
9771,9772,M24631,298.7,309.6,1424,50.4,32,No Failure
9772,9773,L56952,298.5,309.5,1561,34.8,35,No Failure
9773,9774,L56953,298.5,309.4,1560,37.9,37,No Failure
9774,9775,H39188,298.6,309.5,1375,41.0,39,No Failure
9775,9776,M24635,298.6,309.5,1684,27.8,44,No Failure
9776,9777,M24636,298.6,309.6,1397,54.1,47,No Failure
9777,9778,L56957,298.6,309.6,1387,57.6,50,No Failure
9778,9779,H39192,298.7,309.7,1311,54.5,52,No Failure
9779,9780,L56959,298.8,309.8,1509,36.2,57,No Failure
9780,9781,M24640,298.8,309.8,1477,46.7,59,No Failure
9781,9782,L56961,298.8,309.9,1441,41.6,62,No Failure
9782,9783,L56962,298.7,309.9,1404,47.1,64,No Failure
9783,9784,H39197,298.8,309.9,1466,44.6,66,No Failure
9784,9785,M24644,298.7,309.8,1435,48.8,71,No Failure
9785,9786,H39199,298.7,309.7,1697,29.8,74,No Failure
9786,9787,M24646,298.7,309.6,1738,27.3,79,No Failure
9787,9788,H39201,298.6,309.5,1420,50.4,82,No Failure
9788,9789,M24648,298.5,309.5,1535,39.8,87,No Failure
9789,9790,L56969,298.6,309.6,1715,28.4,90,No Failure
9790,9791,L56970,298.6,309.5,1483,43.2,92,No Failure
9791,9792,M24651,298.5,309.4,1521,37.5,94,No Failure
9792,9793,H39206,298.5,309.4,1573,36.0,97,No Failure
9793,9794,H39207,298.5,309.4,1414,46.7,102,No Failure
9794,9795,L56974,298.5,309.3,1590,33.9,107,No Failure
9795,9796,L56975,298.5,309.3,1623,33.1,109,No Failure
9796,9797,H39210,298.4,309.3,1694,30.9,111,No Failure
9797,9798,M24657,298.4,309.2,1597,33.5,116,No Failure
9798,9799,L56978,298.5,309.3,1471,44.7,119,No Failure
9799,9800,M24659,298.5,309.3,1551,34.7,121,No Failure
9800,9801,H39214,298.5,309.3,1421,50.3,124,No Failure
9801,9802,M24661,298.4,309.3,1496,45.6,129,No Failure
9802,9803,H39216,298.4,309.3,1984,19.2,132,No Failure
9803,9804,L56983,298.4,309.2,1692,29.8,137,No Failure
9804,9805,L56984,298.4,309.1,1467,42.5,139,No Failure
9805,9806,L56985,298.4,309.2,1651,28.5,141,No Failure
9806,9807,L56986,298.3,309.1,1417,60.5,143,No Failure
9807,9808,L56987,298.2,309.0,1413,55.0,145,No Failure
9808,9809,M24668,298.2,309.0,1441,44.2,147,No Failure
9809,9810,M24669,298.2,309.0,1353,50.3,150,No Failure
9810,9811,L56990,298.1,309.0,1502,40.9,153,No Failure
9811,9812,L56991,298.2,309.0,1610,31.7,155,No Failure
9812,9813,M24672,298.2,309.1,1411,45.8,157,No Failure
9813,9814,L56993,298.3,309.1,1387,52.3,160,No Failure
9814,9815,H39228,298.3,309.1,1430,40.9,162,No Failure
9815,9816,M24675,298.4,309.1,1576,38.8,167,No Failure
9816,9817,M24676,298.5,309.2,1721,29.4,170,No Failure
9817,9818,M24677,298.5,309.3,1465,42.4,173,No Failure
9818,9819,M24678,298.6,309.4,1407,45.1,176,No Failure
9819,9820,M24679,298.6,309.4,1464,36.9,179,No Failure
9820,9821,M24680,298.6,309.5,1568,36.7,182,No Failure
9821,9822,L57001,298.6,309.4,1667,35.6,185,No Failure
9822,9823,L57002,298.5,309.4,1360,60.9,187,Overstrain Failure
9823,9824,M24683,298.5,309.3,1488,43.7,189,No Failure
9824,9825,L57004,298.4,309.3,1504,39.3,192,No Failure
9825,9826,L57005,298.4,309.2,1610,32.4,194,No Failure
9826,9827,L57006,298.4,309.2,1345,52.7,196,No Failure
9827,9828,M24687,298.3,309.3,1376,57.0,198,No Failure
9828,9829,L57008,298.4,309.4,1385,50.0,201,No Failure
9829,9830,M24689,298.4,309.4,1429,41.8,203,No Failure
9830,9831,L57010,298.3,309.3,1337,56.1,206,Overstrain Failure
9831,9832,L57011,298.4,309.3,1542,35.4,208,No Failure
9832,9833,L57012,298.4,309.2,2118,17.7,210,No Failure
9833,9834,L57013,298.3,309.1,1386,45.3,212,No Failure
9834,9835,M24694,298.3,309.1,1632,32.7,0,No Failure
9835,9836,L57015,298.4,309.3,1545,36.9,3,No Failure
9836,9837,M24696,298.4,309.3,1390,53.6,5,No Failure
9837,9838,M24697,298.4,309.3,1355,50.6,8,No Failure
9838,9839,L57018,298.4,309.2,1425,45.5,11,No Failure
9839,9840,M24699,298.4,309.2,1491,51.2,13,No Failure
9840,9841,H39254,298.3,309.2,1486,42.4,16,No Failure
9841,9842,M24701,298.3,309.2,1359,51.4,21,No Failure
9842,9843,L57022,298.4,309.3,1395,47.6,24,No Failure
9843,9844,L57023,298.3,309.2,1383,52.1,26,No Failure
9844,9845,H39258,298.3,309.1,1484,37.0,28,No Failure
9845,9846,L57025,298.3,309.1,1421,47.4,33,No Failure
9846,9847,L57026,298.3,309.0,1339,58.8,35,No Failure
9847,9848,L57027,298.4,309.1,1362,46.1,37,No Failure
9848,9849,H39262,298.5,309.2,1568,40.6,39,No Failure
9849,9850,L57029,298.6,309.4,2312,15.5,44,No Failure
9850,9851,M24710,298.5,309.3,1498,34.6,46,No Failure
9851,9852,M24711,298.5,309.3,1761,27.2,49,No Failure
9852,9853,L57032,298.6,309.4,1316,51.4,52,No Failure
9853,9854,L57033,298.6,309.4,1525,37.8,54,No Failure
9854,9855,H39268,298.6,309.4,1362,45.3,56,No Failure
9855,9856,L57035,298.7,309.6,1516,38.5,61,No Failure
9856,9857,L57036,298.6,309.5,1450,44.2,63,No Failure
9857,9858,M24717,298.6,309.5,1366,55.0,65,No Failure
9858,9859,L57038,298.5,309.5,1547,33.1,68,No Failure
9859,9860,M24719,298.6,309.5,1580,33.9,70,No Failure
9860,9861,H39274,298.7,309.6,1755,26.9,73,No Failure
9861,9862,M24721,298.7,309.6,1800,24.8,78,No Failure
9862,9863,M24722,298.8,309.7,1439,45.8,81,No Failure
9863,9864,L57043,298.9,309.8,1411,56.3,84,No Failure
9864,9865,M24724,298.9,309.9,1645,31.4,86,No Failure
9865,9866,M24725,298.9,309.8,2450,13.9,89,No Failure
9866,9867,L57046,299.0,309.9,1630,34.0,92,No Failure
9867,9868,L57047,299.0,309.9,1411,44.7,94,No Failure
9868,9869,L57048,298.9,309.9,1526,35.4,96,No Failure
9869,9870,L57049,298.9,309.9,1590,31.3,98,No Failure
9870,9871,H39284,299.0,309.9,1884,25.6,100,No Failure
9871,9872,M24731,298.9,309.8,1947,21.7,105,No Failure
9872,9873,L57052,298.9,309.9,1373,52.1,108,No Failure
9873,9874,L57053,298.9,309.8,1616,36.5,110,No Failure
9874,9875,M24734,298.9,309.9,1449,44.1,112,No Failure
9875,9876,M24735,298.9,309.8,1363,50.6,115,No Failure
9876,9877,H39290,298.8,309.7,1461,55.1,118,No Failure
9877,9878,L57057,298.8,309.7,1374,58.6,123,No Failure
9878,9879,L57058,298.7,309.7,1293,59.1,125,No Failure
9879,9880,M24739,298.8,309.8,1490,38.6,127,No Failure
9880,9881,L57060,298.8,309.8,1753,27.5,130,No Failure
9881,9882,L57061,298.8,309.8,1493,38.5,132,No Failure
9882,9883,L57062,298.8,309.8,1895,22.0,134,No Failure
9883,9884,H39297,298.7,309.6,1654,34.3,136,No Failure
9884,9885,L57064,298.7,309.5,1673,30.8,141,No Failure
9885,9886,L57065,298.8,309.6,1613,27.7,143,No Failure
9886,9887,L57066,298.8,309.6,1903,22.3,145,No Failure
9887,9888,L57067,298.8,309.5,1368,44.7,147,No Failure
9888,9889,M24748,298.8,309.6,1575,34.4,149,No Failure
9889,9890,H39303,298.8,309.6,1516,40.2,152,No Failure
9890,9891,L57070,298.8,309.5,1645,32.8,157,No Failure
9891,9892,L57071,298.8,309.5,1374,48.1,159,No Failure
9892,9893,H39306,298.9,309.7,1407,48.6,161,No Failure
9893,9894,M24753,298.9,309.6,1284,55.3,166,No Failure
9894,9895,L57074,298.9,309.5,1645,31.1,169,No Failure
9895,9896,L57075,298.8,309.4,1387,54.1,171,No Failure
9896,9897,M24756,298.8,309.3,1618,35.1,173,No Failure
9897,9898,L57077,298.8,309.3,1357,47.1,176,No Failure
9898,9899,L57078,298.7,309.2,1396,44.8,178,No Failure
9899,9900,L57079,298.7,309.2,1586,31.4,180,No Failure
9900,9901,H39314,298.7,309.2,1449,42.3,182,No Failure
9901,9902,M24761,298.7,309.2,1423,48.9,187,No Failure
9902,9903,H39316,298.7,309.3,1402,45.3,190,No Failure
9903,9904,M24763,298.7,309.2,1437,45.7,195,No Failure
9904,9905,L57084,298.6,309.1,1537,35.7,198,No Failure
9905,9906,M24765,298.7,309.1,1423,49.5,200,No Failure
9906,9907,M24766,298.6,309.1,1587,37.3,203,No Failure
9907,9908,M24767,298.6,309.1,1487,43.2,206,No Failure
9908,9909,L57088,298.6,309.0,1456,47.7,0,No Failure
9909,9910,L57089,298.7,309.1,1607,32.7,2,No Failure
9910,9911,L57090,298.6,309.0,1469,46.0,4,No Failure
9911,9912,M24771,298.6,309.0,1481,40.8,6,No Failure
9912,9913,L57092,298.6,308.9,1327,58.8,9,No Failure
9913,9914,L57093,298.5,308.8,1589,30.6,11,No Failure
9914,9915,L57094,298.5,308.8,1670,29.6,13,No Failure
9915,9916,M24775,298.5,308.7,1662,28.3,15,No Failure
9916,9917,M24776,298.5,308.8,1553,34.9,18,No Failure
9917,9918,M24777,298.5,308.8,1557,36.0,21,No Failure
9918,9919,L57098,298.4,308.8,1352,56.7,24,No Failure
9919,9920,L57099,298.5,308.8,1305,58.7,26,No Failure
9920,9921,H39334,298.5,308.7,1450,43.9,28,No Failure
9921,9922,M24781,298.5,308.7,1347,48.5,33,No Failure
9922,9923,H39336,298.6,308.8,1566,39.1,36,No Failure
9923,9924,M24783,298.5,308.7,1615,33.3,41,No Failure
9924,9925,M24784,298.5,308.6,1384,54.4,44,No Failure
9925,9926,M24785,298.5,308.7,1367,47.3,47,No Failure
9926,9927,M24786,298.5,308.6,1897,20.2,50,No Failure
9927,9928,L57107,298.5,308.6,1522,36.9,53,No Failure
9928,9929,M24788,298.4,308.5,1576,27.4,55,No Failure
9929,9930,H39343,298.4,308.4,1479,39.2,58,No Failure
9930,9931,L57110,298.3,308.3,1452,45.5,63,No Failure
9931,9932,L57111,298.3,308.3,1432,46.9,65,No Failure
9932,9933,L57112,298.3,308.2,1663,28.4,67,No Failure
9933,9934,L57113,298.3,308.3,1597,32.4,69,No Failure
9934,9935,L57114,298.3,308.2,1472,44.3,71,No Failure
9935,9936,L57115,298.4,308.3,1452,48.5,73,No Failure
9936,9937,H39350,298.3,308.2,1534,33.2,75,No Failure
9937,9938,L57117,298.3,308.1,1505,46.1,80,No Failure
9938,9939,L57118,298.3,308.1,1528,33.9,82,No Failure
9939,9940,H39353,298.3,308.1,2636,12.8,84,No Failure
9940,9941,M24800,298.3,308.1,1722,28.6,89,No Failure
9941,9942,L57121,298.4,308.1,1395,44.0,92,No Failure
9942,9943,L57122,298.4,308.1,1375,50.8,94,No Failure
9943,9944,M24803,298.3,308.0,1766,26.0,96,No Failure
9944,9945,L57124,298.3,307.9,1399,47.8,99,No Failure
9945,9946,L57125,298.3,308.0,1578,37.8,101,No Failure
9946,9947,L57126,298.3,307.9,1502,42.0,103,No Failure
9947,9948,M24807,298.2,307.9,1529,36.6,105,No Failure
9948,9949,L57128,298.2,307.8,1804,25.1,108,No Failure
9949,9950,M24809,298.2,307.8,1411,53.4,110,No Failure
9950,9951,L57130,298.1,307.8,1413,54.1,113,No Failure
9951,9952,L57131,298.2,307.8,1355,59.4,115,No Failure
9952,9953,L57132,298.2,307.8,1429,46.9,117,No Failure
9953,9954,L57133,298.1,307.8,1565,35.3,119,No Failure
9954,9955,M24814,298.1,307.9,1446,42.8,121,No Failure
9955,9956,M24815,298.2,307.9,1462,38.8,124,No Failure
9956,9957,M24816,298.2,307.8,1578,34.5,127,No Failure
9957,9958,L57137,298.1,307.8,1606,33.0,130,No Failure
9958,9959,M24818,298.1,307.8,1525,35.9,132,No Failure
9959,9960,L57139,298.1,307.8,1379,49.1,135,No Failure
9960,9961,L57140,298.2,307.8,1575,35.0,137,No Failure
9961,9962,L57141,298.2,307.9,1399,54.9,139,No Failure
9962,9963,L57142,298.2,307.9,1429,49.4,141,No Failure
9963,9964,L57143,298.3,307.9,1435,39.9,143,No Failure
9964,9965,L57144,298.3,307.9,1766,26.5,145,No Failure
9965,9966,L57145,298.3,307.9,1703,28.9,147,No Failure
9966,9967,L57146,298.3,307.9,1507,41.2,149,No Failure
9967,9968,M24827,298.3,307.9,1609,32.4,151,No Failure
9968,9969,L57148,298.4,308.0,1605,32.4,154,No Failure
9969,9970,L57149,298.4,308.1,1491,50.0,156,No Failure
9970,9971,H39384,298.4,308.1,1891,24.7,158,No Failure
9971,9972,H39385,298.5,308.2,1563,44.6,163,No Failure
9972,9973,L57152,298.6,308.2,1390,51.4,168,No Failure
9973,9974,L57153,298.5,308.2,1444,40.5,170,No Failure
9974,9975,L57154,298.6,308.2,1361,68.2,172,Power Failure
9975,9976,M24835,298.6,308.3,1589,34.1,174,No Failure
9976,9977,L57156,298.6,308.2,1705,26.3,177,No Failure
9977,9978,L57157,298.6,308.3,1422,40.4,179,No Failure
9978,9979,H39392,298.6,308.3,1377,52.1,181,No Failure
9979,9980,L57159,298.5,308.3,1334,49.8,186,No Failure
9980,9981,L57160,298.6,308.4,1559,36.6,188,No Failure
9981,9982,L57161,298.7,308.5,1353,47.0,190,No Failure
9982,9983,M24842,298.7,308.4,1507,45.7,192,No Failure
9983,9984,L57163,298.7,308.4,1694,28.7,195,No Failure
9984,9985,H39398,298.7,308.4,1432,42.8,197,No Failure
9985,9986,H39399,298.7,308.5,1572,35.6,202,No Failure
9986,9987,M24846,298.8,308.6,1507,42.3,207,No Failure
9987,9988,M24847,298.8,308.6,1500,37.1,210,No Failure
9988,9989,L57168,298.9,308.6,1771,24.1,213,No Failure
9989,9990,M24849,298.8,308.5,1577,33.2,0,No Failure
9990,9991,L57170,298.8,308.5,1527,36.2,3,No Failure
9991,9992,M24851,298.9,308.4,1827,26.1,5,No Failure
9992,9993,L57172,298.8,308.4,1484,39.2,8,No Failure
9993,9994,L57173,298.8,308.4,1401,47.3,10,No Failure
9994,9995,L57174,298.8,308.3,1634,27.9,12,No Failure
9995,9996,M24855,298.8,308.4,1604,29.5,14,No Failure
9996,9997,H39410,298.9,308.4,1632,31.8,17,No Failure
9997,9998,M24857,299.0,308.6,1645,33.4,22,No Failure
9998,9999,H39412,299.0,308.7,1408,48.5,25,No Failure
9999,10000,M24859,299.0,308.7,1500,40.2,30,No Failure
